"sample_id","text","label","pattern_category","domain","source_dataset","source_type","website_id","page_id","requires_context","difficulty","evidence_span","consumer_consequence","license","collection_date"
"EC-00001","Pillowcases & Shams",0,"None","ecommerce","ec_darkpattern","observed_crawler","ec_site_page_158","158",False,"normal","","","Apache-2.0","2022"
"EC-00002","Write a review",0,"None","ecommerce","ec_darkpattern","observed_crawler","ec_site_page_108","108",False,"normal","","","Apache-2.0","2022"
"EC-00003","To start your return, simply click on the following button and add your return details. Once the form is filled, you will receive an email with shipping instructions for how to ship the item(s) to our warehouse.",0,"None","ecommerce","ec_darkpattern","observed_crawler","ec_site_page_1425","1425",False,"normal","","","Apache-2.0","2022"
"EC-00005","In demand",1,"Scarcity","ecommerce","ec_darkpattern","observed_crawler","ec_site_page_975","975",False,"normal","In demand","Artificial urgency, false scarcity, or social pressure to accelerate purchase.","Apache-2.0","2022"
"EC-00008","In Stock only 3 left",1,"Scarcity","ecommerce","ec_darkpattern","observed_crawler","ec_site_page_1617","1617",False,"normal","In Stock only 3 left","Artificial urgency, false scarcity, or social pressure to accelerate purchase.","Apache-2.0","2022"
"EC-00009","International Shipping Policy",0,"None","ecommerce","ec_darkpattern","observed_crawler","ec_site_page_108","108",False,"normal","","","Apache-2.0","2022"
"EC-00010","Clothes, Shoes & Accessories",0,"None","ecommerce","ec_darkpattern","observed_crawler","ec_site_page_1333","1333",False,"normal","","","Apache-2.0","2022"
"EC-00011","Hurry! Only 2 left",1,"Scarcity","ecommerce","ec_darkpattern","observed_crawler","ec_site_page_1199","1199",False,"normal","Hurry! Only 2 left","Artificial urgency, false scarcity, or social pressure to accelerate purchase.","Apache-2.0","2022"
"EC-00013","ONLY 8 LEFT",1,"Scarcity","ecommerce","ec_darkpattern","observed_crawler","ec_site_page_1264","1264",False,"normal","ONLY 8 LEFT","Artificial urgency, false scarcity, or social pressure to accelerate purchase.","Apache-2.0","2022"
"EC-00014","MoTrail",0,"None","ecommerce","ec_darkpattern","observed_crawler","ec_site_page_1609","1609",False,"normal","","","Apache-2.0","2022"
"EC-00016","READY FOR YOUR NEXT AUTHENTIC NHL JERSEY?",0,"None","ecommerce","ec_darkpattern","observed_crawler","ec_site_page_1779","1779",False,"normal","","","Apache-2.0","2022"
"EC-00017","OUR BEST SELLING GOGGLE",1,"Misdirection","ecommerce","ec_darkpattern","observed_crawler","ec_site_page_1739","1739",False,"normal","OUR BEST SELLING GOGGLE","Artificial urgency, false scarcity, or social pressure to accelerate purchase.","Apache-2.0","2022"
"EC-00018","1,142 people have added to cart recently",1,"Social Proof","ecommerce","ec_darkpattern","observed_crawler","ec_site_page_98","98",False,"normal","1,142 people have added to cart recently","Artificial urgency, false scarcity, or social pressure to accelerate purchase.","Apache-2.0","2022"
"EC-00020","No thanks. I don't like free things...",1,"Misdirection","ecommerce","ec_darkpattern","observed_crawler","ec_site_page_449","449",False,"normal","No thanks. I don't like free things...","Artificial urgency, false scarcity, or social pressure to accelerate purchase.","Apache-2.0","2022"
"EC-00023","Michael in Pontiac, United States purchased a",1,"Social Proof","ecommerce","ec_darkpattern","observed_crawler","ec_site_page_284","284",False,"normal","Michael in Pontiac, United States purchased a","Artificial urgency, false scarcity, or social pressure to accelerate purchase.","Apache-2.0","2022"
"EC-00024","Bathroom Lighting",0,"None","ecommerce","ec_darkpattern","observed_crawler","ec_site_page_1381","1381",False,"normal","","","Apache-2.0","2022"
"EC-00026","9 people are viewing this.",1,"Social Proof","ecommerce","ec_darkpattern","observed_crawler","ec_site_page_4","4",False,"normal","9 people are viewing this.","Artificial urgency, false scarcity, or social pressure to accelerate purchase.","Apache-2.0","2022"
"EC-00028","77 PEOPLE LIKE THIS",1,"Social Proof","ecommerce","ec_darkpattern","observed_crawler","ec_site_page_255","255",False,"normal","77 PEOPLE LIKE THIS","Artificial urgency, false scarcity, or social pressure to accelerate purchase.","Apache-2.0","2022"
"EC-00029","Girls Trousers",0,"None","ecommerce","ec_darkpattern","observed_crawler","ec_site_page_833","833",False,"normal","","","Apache-2.0","2022"
"EC-00032","HURRY! EXCLUSIVE DEAL FOR YOU! 1 4 : 4 5",1,"Urgency","ecommerce","ec_darkpattern","observed_crawler","ec_site_page_495","495",False,"normal","HURRY! EXCLUSIVE DEAL FOR YOU! 1 4 : 4 5","Artificial urgency, false scarcity, or social pressure to accelerate purchase.","Apache-2.0","2022"
"EC-00033","Offer ends in",1,"Urgency","ecommerce","ec_darkpattern","observed_crawler","ec_site_page_718","718",False,"normal","Offer ends in","Artificial urgency, false scarcity, or social pressure to accelerate purchase.","Apache-2.0","2022"
"EC-00034","Another babe in Alexandria, United States just ordered Flat Tummy Tea",1,"Social Proof","ecommerce","ec_darkpattern","observed_crawler","ec_site_page_25","25",False,"normal","Another babe in Alexandria, United States just ordered Flat Tummy Tea","Artificial urgency, false scarcity, or social pressure to accelerate purchase.","Apache-2.0","2022"
"EC-00038","Keyboard Navigation Profile (Motor-Impaired): this profile enables motor-impaired persons to operate the website using the keyboard Tab, Shift+Tab, and the Enter keys. Users can also use shortcuts such as “M” (menus), “H” (headings), “F” (forms), “B” (buttons), and “G” (graphics) to jump to specific elements.",0,"None","ecommerce","ec_darkpattern","observed_crawler","ec_site_page_4","4",False,"normal","","","Apache-2.0","2022"
"EC-00040","#CERTIFIED_FACE_MASKS",0,"None","ecommerce","ec_darkpattern","observed_crawler","ec_site_page_1428","1428",False,"normal","","","Apache-2.0","2022"
"EC-00044","Whey Protein Isolate",0,"None","ecommerce","ec_darkpattern","observed_crawler","ec_site_page_414","414",False,"normal","","","Apache-2.0","2022"
"EC-00045","Cases for Magsafe Refine by Product Type: Cases for Magsafe",0,"None","ecommerce","ec_darkpattern","observed_crawler","ec_site_page_1736","1736",False,"normal","","","Apache-2.0","2022"
"EC-00046","Product Info",0,"None","ecommerce","ec_darkpattern","observed_crawler","ec_site_page_414","414",False,"normal","","","Apache-2.0","2022"
"EC-00047","Someone from Norway purchased a Super FG Grater - 12x Faster - 15% OFF",1,"Social Proof","ecommerce","ec_darkpattern","observed_crawler","ec_site_page_35","35",False,"normal","Someone from Norway purchased a Super FG Grater - 12x Faster - 15% OFF","Artificial urgency, false scarcity, or social pressure to accelerate purchase.","Apache-2.0","2022"
"EC-00048","Sign In With Google",0,"None","ecommerce","ec_darkpattern","observed_crawler","ec_site_page_395","395",False,"normal","","","Apache-2.0","2022"
"EC-00049","Shop All",0,"None","ecommerce","ec_darkpattern","observed_crawler","ec_site_page_203","203",False,"normal","","","Apache-2.0","2022"
"EC-00051","1 in Stock",1,"Scarcity","ecommerce","ec_darkpattern","observed_crawler","ec_site_page_1656","1656",False,"normal","1 in Stock","Artificial urgency, false scarcity, or social pressure to accelerate purchase.","Apache-2.0","2022"
"EC-00053","Low Stock Alert: Only 8 left in inventory",1,"Scarcity","ecommerce","ec_darkpattern","observed_crawler","ec_site_page_1405","1405",False,"normal","Low Stock Alert: Only 8 left in inventory","Artificial urgency, false scarcity, or social pressure to accelerate purchase.","Apache-2.0","2022"
"EC-00055","Screen print graphics",0,"None","ecommerce","ec_darkpattern","observed_crawler","ec_site_page_767","767",False,"normal","","","Apache-2.0","2022"
"EC-00056","IBKUL Solid Mock Neck Half Zip Pullover purchased from Clinton, MD, US 1 minute ago",1,"Social Proof","ecommerce","ec_darkpattern","observed_crawler","ec_site_page_149","149",False,"normal","IBKUL Solid Mock Neck Half Zip Pullover purchased from Clinton, MD, US 1 minute ago","Artificial urgency, false scarcity, or social pressure to accelerate purchase.","Apache-2.0","2022"
"EC-00057","Thin and tough - protects from minor scratches",0,"None","ecommerce","ec_darkpattern","observed_crawler","ec_site_page_395","395",False,"normal","","","Apache-2.0","2022"
"EC-00060","Only 3 items left",1,"Scarcity","ecommerce","ec_darkpattern","observed_crawler","ec_site_page_1673","1673",False,"normal","Only 3 items left","Artificial urgency, false scarcity, or social pressure to accelerate purchase.","Apache-2.0","2022"
"EC-00061","Butterscotch Cakes",0,"None","ecommerce","ec_darkpattern","observed_crawler","ec_site_page_680","680",False,"normal","","","Apache-2.0","2022"
"EC-00063","Awntech New Yorker Window/Entry Slope Awnin ...",0,"None","ecommerce","ec_darkpattern","observed_crawler","ec_site_page_662","662",False,"normal","","","Apache-2.0","2022"
"EC-00064","45 ADDED TO BAG IN THE PAST 24 HOURS",1,"Social Proof","ecommerce","ec_darkpattern","observed_crawler","ec_site_page_214","214",False,"normal","45 ADDED TO BAG IN THE PAST 24 HOURS","Artificial urgency, false scarcity, or social pressure to accelerate purchase.","Apache-2.0","2022"
"EC-00067","ONLY 3 LEFT",1,"Scarcity","ecommerce","ec_darkpattern","observed_crawler","ec_site_page_1289","1289",False,"normal","ONLY 3 LEFT","Artificial urgency, false scarcity, or social pressure to accelerate purchase.","Apache-2.0","2022"
"EC-00072","__________",0,"None","ecommerce","ec_darkpattern","observed_crawler","ec_site_page_117","117",False,"normal","","","Apache-2.0","2022"
"EC-00073","Only 1 left In Stock",1,"Scarcity","ecommerce","ec_darkpattern","observed_crawler","ec_site_page_1138","1138",False,"normal","Only 1 left In Stock","Artificial urgency, false scarcity, or social pressure to accelerate purchase.","Apache-2.0","2022"
"EC-00075","Personalised Gifts",0,"None","ecommerce","ec_darkpattern","observed_crawler","ec_site_page_680","680",False,"normal","","","Apache-2.0","2022"
"EC-00076","A customer service specialist will contact you soon.",0,"None","ecommerce","ec_darkpattern","observed_crawler","ec_site_page_1405","1405",False,"normal","","","Apache-2.0","2022"
"EC-00077","Your order is reserved for 09:54 minutes!",1,"Urgency","ecommerce","ec_darkpattern","observed_crawler","ec_site_page_521","521",False,"normal","Your order is reserved for 09:54 minutes!","Artificial urgency, false scarcity, or social pressure to accelerate purchase.","Apache-2.0","2022"
"EC-00083","Returns an Item",0,"None","ecommerce","ec_darkpattern","observed_crawler","ec_site_page_1044","1044",False,"normal","","","Apache-2.0","2022"
"EC-00084","HOT PRODUCT Over 250 people are looking at this item.",1,"Social Proof","ecommerce","ec_darkpattern","observed_crawler","ec_site_page_157","157",False,"normal","HOT PRODUCT Over 250 people are looking at this item.","Artificial urgency, false scarcity, or social pressure to accelerate purchase.","Apache-2.0","2022"
"EC-00086","HURRY! ONLY 2 LEFT IN STOCK!",1,"Scarcity","ecommerce","ec_darkpattern","observed_crawler","ec_site_page_1135","1135",False,"normal","HURRY! ONLY 2 LEFT IN STOCK!","Artificial urgency, false scarcity, or social pressure to accelerate purchase.","Apache-2.0","2022"
"EC-00088","DEAL ENDS IN 40:55:13",1,"Urgency","ecommerce","ec_darkpattern","observed_crawler","ec_site_page_745","745",False,"normal","DEAL ENDS IN 40:55:13","Artificial urgency, false scarcity, or social pressure to accelerate purchase.","Apache-2.0","2022"
"EC-00089","Someone bought: HYPE BLUE LARGE SPLAT KIDS LEGGINGS",1,"Social Proof","ecommerce","ec_darkpattern","observed_crawler","ec_site_page_216","216",False,"normal","Someone bought: HYPE BLUE LARGE SPLAT KIDS LEGGINGS","Artificial urgency, false scarcity, or social pressure to accelerate purchase.","Apache-2.0","2022"
"EC-00091","Search for similiar products",0,"None","ecommerce","ec_darkpattern","observed_crawler","ec_site_page_198","198",False,"normal","","","Apache-2.0","2022"
"EC-00093","FAMILY SHADE PACK | PICK YOUR PACK",0,"None","ecommerce","ec_darkpattern","observed_crawler","ec_site_page_991","991",False,"normal","","","Apache-2.0","2022"
"EC-00097","Only 11 left!",1,"Scarcity","ecommerce","ec_darkpattern","observed_crawler","ec_site_page_1115","1115",False,"normal","Only 11 left!","Artificial urgency, false scarcity, or social pressure to accelerate purchase.","Apache-2.0","2022"
"EC-00099","40 users are currently active on our website just now.",1,"Social Proof","ecommerce","ec_darkpattern","observed_crawler","ec_site_page_213","213",False,"normal","40 users are currently active on our website just now.","Artificial urgency, false scarcity, or social pressure to accelerate purchase.","Apache-2.0","2022"
"EC-00102","Send Us Your Jersey",0,"None","ecommerce","ec_darkpattern","observed_crawler","ec_site_page_1779","1779",False,"normal","","","Apache-2.0","2022"
"EC-00104","Search Result:Search Results:",0,"None","ecommerce","ec_darkpattern","observed_crawler","ec_site_page_1425","1425",False,"normal","","","Apache-2.0","2022"
"EC-00107","Mitchell H. Purchased a Dimplex IgniteXL 100"" Linear Built in Electric Fireplace",1,"Social Proof","ecommerce","ec_darkpattern","observed_crawler","ec_site_page_21","21",False,"normal","Mitchell H. Purchased a Dimplex IgniteXL 100"" Linear Built in Electric Fireplace","Artificial urgency, false scarcity, or social pressure to accelerate purchase.","Apache-2.0","2022"
"EC-00114","No, I'll rather pay full price.",1,"Misdirection","ecommerce","ec_darkpattern","observed_crawler","ec_site_page_315","315",False,"normal","No, I'll rather pay full price.","Artificial urgency, false scarcity, or social pressure to accelerate purchase.","Apache-2.0","2022"
"EC-00116","Deals of the Week",0,"None","ecommerce","ec_darkpattern","observed_crawler","ec_site_page_149","149",False,"normal","","","Apache-2.0","2022"
"EC-00119","Your order is reserved for 09:14 minutes!",1,"Urgency","ecommerce","ec_darkpattern","observed_crawler","ec_site_page_510","510",False,"normal","Your order is reserved for 09:14 minutes!","Artificial urgency, false scarcity, or social pressure to accelerate purchase.","Apache-2.0","2022"
"EC-00120","Gift TypeFlowers, Cakes, Plants, etc.",0,"None","ecommerce","ec_darkpattern","observed_crawler","ec_site_page_680","680",False,"normal","","","Apache-2.0","2022"
"EC-00121","CAMILLA World",0,"None","ecommerce","ec_darkpattern","observed_crawler","ec_site_page_984","984",False,"normal","","","Apache-2.0","2022"
"EC-00122","Sweep Train Simple A Line Tulle Wedding Dress with Appliques and Beading",0,"None","ecommerce","ec_darkpattern","observed_crawler","ec_site_page_714","714",False,"normal","","","Apache-2.0","2022"
"EC-00123","Fun Treat Tossing",0,"None","ecommerce","ec_darkpattern","observed_crawler","ec_site_page_103","103",False,"normal","","","Apache-2.0","2022"
"EC-00124","Limited time remaining!",1,"Urgency","ecommerce","ec_darkpattern","observed_crawler","ec_site_page_1024","1024",False,"normal","Limited time remaining!","Artificial urgency, false scarcity, or social pressure to accelerate purchase.","Apache-2.0","2022"
"EC-00126","Your shopping bag is empty...",0,"None","ecommerce","ec_darkpattern","observed_crawler","ec_site_page_1434","1434",False,"normal","","","Apache-2.0","2022"
"EC-00127","Trousers & Chinos",0,"None","ecommerce","ec_darkpattern","observed_crawler","ec_site_page_209","209",False,"normal","","","Apache-2.0","2022"
"EC-00129","Only 5 item(s) left.",1,"Scarcity","ecommerce","ec_darkpattern","observed_crawler","ec_site_page_1272","1272",False,"normal","Only 5 item(s) left.","Artificial urgency, false scarcity, or social pressure to accelerate purchase.","Apache-2.0","2022"
"EC-00130","Chargers",0,"None","ecommerce","ec_darkpattern","observed_crawler","ec_site_page_664","664",False,"normal","","","Apache-2.0","2022"
"EC-00132","Eyelashes",0,"None","ecommerce","ec_darkpattern","observed_crawler","ec_site_page_113","113",False,"normal","","","Apache-2.0","2022"
"EC-00136","Cosmic Rainbow",0,"None","ecommerce","ec_darkpattern","observed_crawler","ec_site_page_117","117",False,"normal","","","Apache-2.0","2022"
"EC-00138","ShoesBootsCasual ShoesFormal ShoesSandals & Flip-flopsShoe Care & AccessoriesSlippersSneakers & CanvasSports Shoes",0,"None","ecommerce","ec_darkpattern","observed_crawler","ec_site_page_1673","1673",False,"normal","","","Apache-2.0","2022"
"EC-00139","Moonstone Beads",0,"None","ecommerce","ec_darkpattern","observed_crawler","ec_site_page_1317","1317",False,"normal","","","Apache-2.0","2022"
"EC-00140","I'll Shop Without A Discount",1,"Misdirection","ecommerce","ec_darkpattern","observed_crawler","ec_site_page_400","400",False,"normal","I'll Shop Without A Discount","Artificial urgency, false scarcity, or social pressure to accelerate purchase.","Apache-2.0","2022"
"EC-00141","Only 11 Left In Stock",1,"Scarcity","ecommerce","ec_darkpattern","observed_crawler","ec_site_page_1477","1477",False,"normal","Only 11 Left In Stock","Artificial urgency, false scarcity, or social pressure to accelerate purchase.","Apache-2.0","2022"
"EC-00142","Netherlands Antilles USD",0,"None","ecommerce","ec_darkpattern","observed_crawler","ec_site_page_1446","1446",False,"normal","","","Apache-2.0","2022"
"EC-00143","Was this product description useful?YesNo",0,"None","ecommerce","ec_darkpattern","observed_crawler","ec_site_page_414","414",False,"normal","","","Apache-2.0","2022"
"EC-00144","Returns Information",0,"None","ecommerce","ec_darkpattern","observed_crawler","ec_site_page_765","765",False,"normal","","","Apache-2.0","2022"
"EC-00145","TiesToys & GamesTravelWatches",0,"None","ecommerce","ec_darkpattern","observed_crawler","ec_site_page_812","812",False,"normal","","","Apache-2.0","2022"
"EC-00147","Books and Stationery",0,"None","ecommerce","ec_darkpattern","observed_crawler","ec_site_page_1381","1381",False,"normal","","","Apache-2.0","2022"
"EC-00148","Your order is reserved for 08:48 minutes!",1,"Urgency","ecommerce","ec_darkpattern","observed_crawler","ec_site_page_494","494",False,"normal","Your order is reserved for 08:48 minutes!","Artificial urgency, false scarcity, or social pressure to accelerate purchase.","Apache-2.0","2022"
"EC-00149","11 11 Hours: 00 22 Minutes: 3223 3223 Seconds",1,"Urgency","ecommerce","ec_darkpattern","observed_crawler","ec_site_page_556","556",False,"normal","11 11 Hours: 00 22 Minutes: 3223 3223 Seconds","Artificial urgency, false scarcity, or social pressure to accelerate purchase.","Apache-2.0","2022"
"EC-00151","Most-Hearted Styles Shop Now",0,"None","ecommerce","ec_darkpattern","observed_crawler","ec_site_page_1330","1330",False,"normal","","","Apache-2.0","2022"
"EC-00153","well, this is awkward.",0,"None","ecommerce","ec_darkpattern","observed_crawler","ec_site_page_1359","1359",False,"normal","","","Apache-2.0","2022"
"EC-00156","Nursing chairs",0,"None","ecommerce","ec_darkpattern","observed_crawler","ec_site_page_133","133",False,"normal","","","Apache-2.0","2022"
"EC-00157","Only 1 Item(s) left",1,"Scarcity","ecommerce","ec_darkpattern","observed_crawler","ec_site_page_1247","1247",False,"normal","Only 1 Item(s) left","Artificial urgency, false scarcity, or social pressure to accelerate purchase.","Apache-2.0","2022"
"EC-00158","Discount pending $10 OFF 00:30:00",1,"Urgency","ecommerce","ec_darkpattern","observed_crawler","ec_site_page_583","583",False,"normal","Discount pending $10 OFF 00:30:00","Artificial urgency, false scarcity, or social pressure to accelerate purchase.","Apache-2.0","2022"
"EC-00159","Juniors' Shoes",0,"None","ecommerce","ec_darkpattern","observed_crawler","ec_site_page_149","149",False,"normal","","","Apache-2.0","2022"
"EC-00160","Limited Time: $10 Off! Discount Reflected In Price!",1,"Urgency","ecommerce","ec_darkpattern","observed_crawler","ec_site_page_1016","1016",False,"normal","Limited Time: $10 Off! Discount Reflected In Price!","Artificial urgency, false scarcity, or social pressure to accelerate purchase.","Apache-2.0","2022"
"EC-00161","Switchers",0,"None","ecommerce","ec_darkpattern","observed_crawler","ec_site_page_1051","1051",False,"normal","","","Apache-2.0","2022"
"EC-00164","By clicking Sign Up, you agree to receive marketing text messages from Southern Tide at the number provided, including messages sent by autodialer. Consent is not a condition of any purchase. Message and data rates may apply. Message frequency varies. Reply HELP for help or STOP to cancel. View our Privacy Policy and Terms of Service.",0,"None","ecommerce","ec_darkpattern","observed_crawler","ec_site_page_350","350",False,"normal","","","Apache-2.0","2022"
"EC-00165","IN 43 PEOPLE'S SHOPPING BAG",1,"Social Proof","ecommerce","ec_darkpattern","observed_crawler","ec_site_page_229","229",False,"normal","IN 43 PEOPLE'S SHOPPING BAG","Artificial urgency, false scarcity, or social pressure to accelerate purchase.","Apache-2.0","2022"
"EC-00166","Amethyst Beads",0,"None","ecommerce","ec_darkpattern","observed_crawler","ec_site_page_1317","1317",False,"normal","","","Apache-2.0","2022"
"EC-00167","Down Jackets",0,"None","ecommerce","ec_darkpattern","observed_crawler","ec_site_page_300","300",False,"normal","","","Apache-2.0","2022"
"EC-00169","BERNARD in Philadelphia, United States purchased a",1,"Social Proof","ecommerce","ec_darkpattern","observed_crawler","ec_site_page_86","86",False,"normal","BERNARD in Philadelphia, United States purchased a","Artificial urgency, false scarcity, or social pressure to accelerate purchase.","Apache-2.0","2022"
"EC-00170","NO THANKS, I DON’T MIND MISSING OUT",1,"Misdirection","ecommerce","ec_darkpattern","observed_crawler","ec_site_page_368","368",False,"normal","NO THANKS, I DON’T MIND MISSING OUT","Artificial urgency, false scarcity, or social pressure to accelerate purchase.","Apache-2.0","2022"
"EC-00171","Hurry, only 1 left!",1,"Scarcity","ecommerce","ec_darkpattern","observed_crawler","ec_site_page_1198","1198",False,"normal","Hurry, only 1 left!","Artificial urgency, false scarcity, or social pressure to accelerate purchase.","Apache-2.0","2022"
"EC-00174","Buy Wearables»",0,"None","ecommerce","ec_darkpattern","observed_crawler","ec_site_page_569","569",False,"normal","","","Apache-2.0","2022"
"EC-00175","LAST CHANCE - UP TO 70% OFF - ENDS IN: 20 HRS 28 MINS 30 SECS",1,"Urgency","ecommerce","ec_darkpattern","observed_crawler","ec_site_page_771","771",False,"normal","LAST CHANCE - UP TO 70% OFF - ENDS IN: 20 HRS 28 MINS 30 SECS","Artificial urgency, false scarcity, or social pressure to accelerate purchase.","Apache-2.0","2022"
"EC-00176","Watercolour Brushes Toggle category Watercolour Brushes",0,"None","ecommerce","ec_darkpattern","observed_crawler","ec_site_page_907","907",False,"normal","","","Apache-2.0","2022"
"EC-00178","Clear filter",0,"None","ecommerce","ec_darkpattern","observed_crawler","ec_site_page_108","108",False,"normal","","","Apache-2.0","2022"
"EC-00179","HURRY UP > 09H 42M 39S",1,"Urgency","ecommerce","ec_darkpattern","observed_crawler","ec_site_page_825","825",False,"normal","HURRY UP > 09H 42M 39S","Artificial urgency, false scarcity, or social pressure to accelerate purchase.","Apache-2.0","2022"
"EC-00182","Brandon Blackwood",0,"None","ecommerce","ec_darkpattern","observed_crawler","ec_site_page_1330","1330",False,"normal","","","Apache-2.0","2022"
"EC-00183","Someone in Sasebo, Japan just bought",1,"Social Proof","ecommerce","ec_darkpattern","observed_crawler","ec_site_page_91","91",False,"normal","Someone in Sasebo, Japan just bought","Artificial urgency, false scarcity, or social pressure to accelerate purchase.","Apache-2.0","2022"
"EC-00184","80 Customers are considering this product right now.",1,"Social Proof","ecommerce","ec_darkpattern","observed_crawler","ec_site_page_125","125",False,"normal","80 Customers are considering this product right now.","Artificial urgency, false scarcity, or social pressure to accelerate purchase.","Apache-2.0","2022"
"EC-00185","88 PEOPLE VIEWED ITEM IN THE LAST 24 HOURS",1,"Social Proof","ecommerce","ec_darkpattern","observed_crawler","ec_site_page_159","159",False,"normal","88 PEOPLE VIEWED ITEM IN THE LAST 24 HOURS","Artificial urgency, false scarcity, or social pressure to accelerate purchase.","Apache-2.0","2022"
"EC-00188","Only few items left in stock",1,"Scarcity","ecommerce","ec_darkpattern","observed_crawler","ec_site_page_1123","1123",False,"normal","Only few items left in stock","Artificial urgency, false scarcity, or social pressure to accelerate purchase.","Apache-2.0","2022"
"EC-00189","Only 1.75 yards left in stock!",1,"Scarcity","ecommerce","ec_darkpattern","observed_crawler","ec_site_page_1535","1535",False,"normal","Only 1.75 yards left in stock!","Artificial urgency, false scarcity, or social pressure to accelerate purchase.","Apache-2.0","2022"
"EC-00190","Brilliant! Chose what I wanted, and came a week later. Very happy with my purchase",0,"None","ecommerce","ec_darkpattern","observed_crawler","ec_site_page_688","688",False,"normal","","","Apache-2.0","2022"
"EC-00193","Subscribe & Save",1,"Misdirection","ecommerce","ec_darkpattern","observed_crawler","ec_site_page_1749","1749",False,"normal","Subscribe & Save","Artificial urgency, false scarcity, or social pressure to accelerate purchase.","Apache-2.0","2022"
"EC-00194","We use cookies to improve our services, make personal offers, and enhance your experience. If you do not accept optional cookies below, your experience may be affected. If you want to know more, please, read the Cookie Policy",0,"None","ecommerce","ec_darkpattern","observed_crawler","ec_site_page_803","803",False,"normal","","","Apache-2.0","2022"
"EC-00195","Long Dress Style Beach Cover Up With Lace Detail Jessica in Metairie, United States",1,"Social Proof","ecommerce","ec_darkpattern","observed_crawler","ec_site_page_79","79",False,"normal","Long Dress Style Beach Cover Up With Lace Detail Jessica in Metairie, United States","Artificial urgency, false scarcity, or social pressure to accelerate purchase.","Apache-2.0","2022"
"EC-00196","Someone in Kilwinning, United Kingdom just bought Cuban Link Chain Bracelet",1,"Social Proof","ecommerce","ec_darkpattern","observed_crawler","ec_site_page_8","8",False,"normal","Someone in Kilwinning, United Kingdom just bought Cuban Link Chain Bracelet","Artificial urgency, false scarcity, or social pressure to accelerate purchase.","Apache-2.0","2022"
"EC-00198","Great prices, professional customer services",0,"None","ecommerce","ec_darkpattern","observed_crawler","ec_site_page_306","306",False,"normal","","","Apache-2.0","2022"
"EC-00200","Hurry! Only 1 left in size M!!",1,"Scarcity","ecommerce","ec_darkpattern","observed_crawler","ec_site_page_1659","1659",False,"normal","Hurry! Only 1 left in size M!!","Artificial urgency, false scarcity, or social pressure to accelerate purchase.","Apache-2.0","2022"
"EC-00201","Items in your cart are in high demand.",1,"Scarcity","ecommerce","ec_darkpattern","observed_crawler","ec_site_page_946","946",False,"normal","Items in your cart are in high demand.","Artificial urgency, false scarcity, or social pressure to accelerate purchase.","Apache-2.0","2022"
"EC-00206","Over 500 left in stock",1,"Scarcity","ecommerce","ec_darkpattern","observed_crawler","ec_site_page_1209","1209",False,"normal","Over 500 left in stock","Artificial urgency, false scarcity, or social pressure to accelerate purchase.","Apache-2.0","2022"
"EC-00208","Choose your payment day. View your schedule and select pay now.",0,"None","ecommerce","ec_darkpattern","observed_crawler","ec_site_page_264","264",False,"normal","","","Apache-2.0","2022"
"EC-00210","E-Gift Cards",0,"None","ecommerce","ec_darkpattern","observed_crawler","ec_site_page_1489","1489",False,"normal","","","Apache-2.0","2022"
"EC-00211","1 LEFT",1,"Scarcity","ecommerce","ec_darkpattern","observed_crawler","ec_site_page_1168","1168",False,"normal","1 LEFT","Artificial urgency, false scarcity, or social pressure to accelerate purchase.","Apache-2.0","2022"
"EC-00212","Leslie in USA just Purchased Special Design Exclusive Handmade Silver Ring",1,"Social Proof","ecommerce","ec_darkpattern","observed_crawler","ec_site_page_252","252",False,"normal","Leslie in USA just Purchased Special Design Exclusive Handmade Silver Ring","Artificial urgency, false scarcity, or social pressure to accelerate purchase.","Apache-2.0","2022"
"EC-00213","Personalised Chocolates",0,"None","ecommerce","ec_darkpattern","observed_crawler","ec_site_page_680","680",False,"normal","","","Apache-2.0","2022"
"EC-00215","I do not want to protect my item",1,"Misdirection","ecommerce","ec_darkpattern","observed_crawler","ec_site_page_344","344",False,"normal","I do not want to protect my item","Artificial urgency, false scarcity, or social pressure to accelerate purchase.","Apache-2.0","2022"
"EC-00216","Add to Your Gift and We'll Ship it For Free!",1,"Misdirection","ecommerce","ec_darkpattern","observed_crawler","ec_site_page_1713","1713",False,"normal","Add to Your Gift and We'll Ship it For Free!","Artificial urgency, false scarcity, or social pressure to accelerate purchase.","Apache-2.0","2022"
"EC-00217","Wallets",0,"None","ecommerce","ec_darkpattern","observed_crawler","ec_site_page_1604","1604",False,"normal","","","Apache-2.0","2022"
"EC-00218","Exclusive offers & discounts for club members via email",0,"None","ecommerce","ec_darkpattern","observed_crawler","ec_site_page_1489","1489",False,"normal","","","Apache-2.0","2022"
"EC-00219","Buy with humm.",0,"None","ecommerce","ec_darkpattern","observed_crawler","ec_site_page_1056","1056",False,"normal","","","Apache-2.0","2022"
"EC-00220","Household Cleaning Kitchen Bathroom Eco Laundry General Cleaning Kitchenware Cook & Bakeware Food Storage & Preservation Kitchen Textiles Appliances Kitchen Appliances Household Appliances Bed, Bath & Living",0,"None","ecommerce","ec_darkpattern","observed_crawler","ec_site_page_1351","1351",False,"normal","","","Apache-2.0","2022"
"EC-00222","25,439 people have viewed this item",1,"Social Proof","ecommerce","ec_darkpattern","observed_crawler","ec_site_page_84","84",False,"normal","25,439 people have viewed this item","Artificial urgency, false scarcity, or social pressure to accelerate purchase.","Apache-2.0","2022"
"EC-00223","No thanks I definitely measured correctly",1,"Misdirection","ecommerce","ec_darkpattern","observed_crawler","ec_site_page_379","379",False,"normal","No thanks I definitely measured correctly","Artificial urgency, false scarcity, or social pressure to accelerate purchase.","Apache-2.0","2022"
"EC-00224","57 PEOPLE HAVE LOOKED AT THIS TODAY",1,"Social Proof","ecommerce","ec_darkpattern","observed_crawler","ec_site_page_181","181",False,"normal","57 PEOPLE HAVE LOOKED AT THIS TODAY","Artificial urgency, false scarcity, or social pressure to accelerate purchase.","Apache-2.0","2022"
"EC-00228","Women's Sandals",0,"None","ecommerce","ec_darkpattern","observed_crawler","ec_site_page_1328","1328",False,"normal","","","Apache-2.0","2022"
"EC-00229","Plant-Based Beauty",0,"None","ecommerce","ec_darkpattern","observed_crawler","ec_site_page_1351","1351",False,"normal","","","Apache-2.0","2022"
"EC-00230","When you join the PetPlus Plan, you are given the option to purchase your membership on an annual or monthly basis and you are automatically enrolled in our recurring billing program. You may cancel at any time by contacting our customer service team, but you will not be refunded for any unused days on your membership if you choose to cancel prior to the end of your billing cycle. You may cancel your PetPlus membership at any time without penalty if you have not utilized any of your PetPlus benefits (including discounts on products and/or services). For customers charged on a monthly basis, if you have purchased products or used services using your PetPlus benefits, we will charge a $25 administrative fee per membership cancellation if the membership is cancelled within three months of enrollment.",1,"Obstruction","ecommerce","ec_darkpattern","observed_crawler","ec_site_page_904","904",False,"normal","When you join the PetPlus Plan, you are given the option to purchase your membership on an annual or monthly basis and you are automatically enrolled in our recurring billing program. You may cancel at any time by contacting our customer service team, but you will not be refunded for any unused days on your membership if you choose to cancel prior to the end of your billing cycle. You may cancel your PetPlus membership at any time without penalty if you have not utilized any of your PetPlus benefits (including discounts on products and/or services). For customers charged on a monthly basis, if you have purchased products or used services using your PetPlus benefits, we will charge a $25 administrative fee per membership cancellation if the membership is cancelled within three months of enrollment.","Artificial urgency, false scarcity, or social pressure to accelerate purchase.","Apache-2.0","2022"
"EC-00231","Frame out of stock in this colour",0,"None","ecommerce","ec_darkpattern","observed_crawler","ec_site_page_189","189",False,"normal","","","Apache-2.0","2022"
"EC-00235","128 sold today! Hurry, only a few left!",1,"Scarcity","ecommerce","ec_darkpattern","observed_crawler","ec_site_page_1686","1686",False,"normal","128 sold today! Hurry, only a few left!","Artificial urgency, false scarcity, or social pressure to accelerate purchase.","Apache-2.0","2022"
"EC-00236","4 people are looking at this right now.",1,"Social Proof","ecommerce","ec_darkpattern","observed_crawler","ec_site_page_303","303",False,"normal","4 people are looking at this right now.","Artificial urgency, false scarcity, or social pressure to accelerate purchase.","Apache-2.0","2022"
"EC-00240","2 people are viewing this",1,"Social Proof","ecommerce","ec_darkpattern","observed_crawler","ec_site_page_151","151",False,"normal","2 people are viewing this","Artificial urgency, false scarcity, or social pressure to accelerate purchase.","Apache-2.0","2022"
"EC-00243","Patient Transfer Devices",0,"None","ecommerce","ec_darkpattern","observed_crawler","ec_site_page_1044","1044",False,"normal","","","Apache-2.0","2022"
"EC-00244","Summer Casual Printed Loosen Short Sleeve T-Shirt",0,"None","ecommerce","ec_darkpattern","observed_crawler","ec_site_page_622","622",False,"normal","","","Apache-2.0","2022"
"EC-00245","Summer V Neck Solid Color Short Sleeve Waffle T-Shirt",0,"None","ecommerce","ec_darkpattern","observed_crawler","ec_site_page_622","622",False,"normal","","","Apache-2.0","2022"
"EC-00246","LAST CHANCE TO ACTIVATE 10% OFF",1,"Scarcity","ecommerce","ec_darkpattern","observed_crawler","ec_site_page_1681","1681",False,"normal","LAST CHANCE TO ACTIVATE 10% OFF","Artificial urgency, false scarcity, or social pressure to accelerate purchase.","Apache-2.0","2022"
"EC-00249","78 Persons looking for this product",1,"Social Proof","ecommerce","ec_darkpattern","observed_crawler","ec_site_page_43","43",False,"normal","78 Persons looking for this product","Artificial urgency, false scarcity, or social pressure to accelerate purchase.","Apache-2.0","2022"
"EC-00250","Heart Shaped Cake",0,"None","ecommerce","ec_darkpattern","observed_crawler","ec_site_page_680","680",False,"normal","","","Apache-2.0","2022"
"EC-00252","You've made the starting lineup. Be on the look out for an exclusive offer for signing up.",0,"None","ecommerce","ec_darkpattern","observed_crawler","ec_site_page_1026","1026",False,"normal","","","Apache-2.0","2022"
"EC-00254","Hurry! Only Limited Items Left",1,"Scarcity","ecommerce","ec_darkpattern","observed_crawler","ec_site_page_1368","1368",False,"normal","Hurry! Only Limited Items Left","Artificial urgency, false scarcity, or social pressure to accelerate purchase.","Apache-2.0","2022"
"EC-00255","現代奴隷法に対する透明性に関する声明 (opens in a new tab)",0,"None","ecommerce","ec_darkpattern","observed_crawler","ec_site_page_1646","1646",False,"normal","","","Apache-2.0","2022"
"EC-00256","Strong demand! Complete your order before it's too late!",1,"Scarcity","ecommerce","ec_darkpattern","observed_crawler","ec_site_page_941","941",False,"normal","Strong demand! Complete your order before it's too late!","Artificial urgency, false scarcity, or social pressure to accelerate purchase.","Apache-2.0","2022"
"EC-00258","Sudha rana from Jaipur bought this product, 23 Mins ago.",1,"Social Proof","ecommerce","ec_darkpattern","observed_crawler","ec_site_page_48","48",False,"normal","Sudha rana from Jaipur bought this product, 23 Mins ago.","Artificial urgency, false scarcity, or social pressure to accelerate purchase.","Apache-2.0","2022"
"EC-00261","""No Worry"" Membership Renewal We will bill your credit card on file at the introductory rate of $2.99 per month for the first year, for membership rewards and discounts. At the end of the introductory period, you'll be billed at the regular monthly rate of $3.99 per month. If you don't want your membership renewed, simply contact us and we will cancel your subscription. You will be refunded for the current month's membership fee, less any membership savings you have received. Exclusive Toll-Free Hotline Number Because we want your calls to get top priority, we have a special number for Value Club members only: 1-800-648-4282. Your call will be handled with the utmost promptness, courtesy and efficiency possible.",1,"Obstruction","ecommerce","ec_darkpattern","observed_crawler","ec_site_page_896","896",False,"normal","""No Worry"" Membership Renewal We will bill your credit card on file at the introductory rate of $2.99 per month for the first year, for membership rewards and discounts. At the end of the introductory period, you'll be billed at the regular monthly rate of $3.99 per month. If you don't want your membership renewed, simply contact us and we will cancel your subscription. You will be refunded for the current month's membership fee, less any membership savings you have received. Exclusive Toll-Free Hotline Number Because we want your calls to get top priority, we have a special number for Value Club members only: 1-800-648-4282. Your call will be handled with the utmost promptness, courtesy and efficiency possible.","Artificial urgency, false scarcity, or social pressure to accelerate purchase.","Apache-2.0","2022"
"EC-00262","info@coolhockey.com",0,"None","ecommerce","ec_darkpattern","observed_crawler","ec_site_page_1779","1779",False,"normal","","","Apache-2.0","2022"
"EC-00264","Safe & Secure Checkout",0,"None","ecommerce","ec_darkpattern","observed_crawler","ec_site_page_724","724",False,"normal","","","Apache-2.0","2022"
"EC-00266","Synne Kristine in Halden, bought Classic Bokksu Subscription (Billed Every 1 Month) (Ships every 1 Months) about 45 minutes ago",1,"Social Proof","ecommerce","ec_darkpattern","observed_crawler","ec_site_page_142","142",False,"normal","Synne Kristine in Halden, bought Classic Bokksu Subscription (Billed Every 1 Month) (Ships every 1 Months) about 45 minutes ago","Artificial urgency, false scarcity, or social pressure to accelerate purchase.","Apache-2.0","2022"
"EC-00269","Monira in Doha, Qatar purchased a LilyVanity™ Velvet Box",1,"Social Proof","ecommerce","ec_darkpattern","observed_crawler","ec_site_page_64","64",False,"normal","Monira in Doha, Qatar purchased a LilyVanity™ Velvet Box","Artificial urgency, false scarcity, or social pressure to accelerate purchase.","Apache-2.0","2022"
"EC-00271","3 PEOPLE VIEWING",1,"Social Proof","ecommerce","ec_darkpattern","observed_crawler","ec_site_page_141","141",False,"normal","3 PEOPLE VIEWING","Artificial urgency, false scarcity, or social pressure to accelerate purchase.","Apache-2.0","2022"
"EC-00275","Parad Combo Deals",0,"None","ecommerce","ec_darkpattern","observed_crawler","ec_site_page_1317","1317",False,"normal","","","Apache-2.0","2022"
"EC-00276","Last Shape Guide",0,"None","ecommerce","ec_darkpattern","observed_crawler","ec_site_page_198","198",False,"normal","","","Apache-2.0","2022"
"EC-00278","Shipping Insurance Remove Insurance",1,"Sneaking","ecommerce","ec_darkpattern","observed_crawler","ec_site_page_1766","1766",False,"normal","Shipping Insurance Remove Insurance","Artificial urgency, false scarcity, or social pressure to accelerate purchase.","Apache-2.0","2022"
"EC-00279","Clocks",0,"None","ecommerce","ec_darkpattern","observed_crawler","ec_site_page_680","680",False,"normal","","","Apache-2.0","2022"
"EC-00280","Cat's Eye Beads",0,"None","ecommerce","ec_darkpattern","observed_crawler","ec_site_page_1317","1317",False,"normal","","","Apache-2.0","2022"
"EC-00281","Shop now. Pay later. Always interest-free",0,"None","ecommerce","ec_darkpattern","observed_crawler","ec_site_page_264","264",False,"normal","","","Apache-2.0","2022"
"EC-00282","Stay with us in India",0,"None","ecommerce","ec_darkpattern","observed_crawler","ec_site_page_1381","1381",False,"normal","","","Apache-2.0","2022"
"EC-00283","No thanks. I don’t want deals.",1,"Misdirection","ecommerce","ec_darkpattern","observed_crawler","ec_site_page_443","443",False,"normal","No thanks. I don’t want deals.","Artificial urgency, false scarcity, or social pressure to accelerate purchase.","Apache-2.0","2022"
"EC-00285","AdjustableBucketHeadbandsSale Items- View All -",0,"None","ecommerce","ec_darkpattern","observed_crawler","ec_site_page_1038","1038",False,"normal","","","Apache-2.0","2022"
"EC-00288","Add and save!",1,"Misdirection","ecommerce","ec_darkpattern","observed_crawler","ec_site_page_1717","1717",False,"normal","Add and save!","Artificial urgency, false scarcity, or social pressure to accelerate purchase.","Apache-2.0","2022"
"EC-00293","1 other customers have this item in their shopping cart",1,"Social Proof","ecommerce","ec_darkpattern","observed_crawler","ec_site_page_133","133",False,"normal","1 other customers have this item in their shopping cart","Artificial urgency, false scarcity, or social pressure to accelerate purchase.","Apache-2.0","2022"
"EC-00295","1day21:04:58",1,"Urgency","ecommerce","ec_darkpattern","observed_crawler","ec_site_page_646","646",False,"normal","1day21:04:58","Artificial urgency, false scarcity, or social pressure to accelerate purchase.","Apache-2.0","2022"
"EC-00296","Fashion Forms",0,"None","ecommerce","ec_darkpattern","observed_crawler","ec_site_page_1330","1330",False,"normal","","","Apache-2.0","2022"
"EC-00297","Stock Low : 6 items left.",1,"Scarcity","ecommerce","ec_darkpattern","observed_crawler","ec_site_page_1348","1348",False,"normal","Stock Low : 6 items left.","Artificial urgency, false scarcity, or social pressure to accelerate purchase.","Apache-2.0","2022"
"EC-00298","NO, I'LL PAY FULL PRICE",1,"Misdirection","ecommerce","ec_darkpattern","observed_crawler","ec_site_page_374","374",False,"normal","NO, I'LL PAY FULL PRICE","Artificial urgency, false scarcity, or social pressure to accelerate purchase.","Apache-2.0","2022"
"EC-00300","HURRY, LOW IN STOCK!",1,"Scarcity","ecommerce","ec_darkpattern","observed_crawler","ec_site_page_1533","1533",False,"normal","HURRY, LOW IN STOCK!","Artificial urgency, false scarcity, or social pressure to accelerate purchase.","Apache-2.0","2022"
"EC-00301","Only 4 copies left",1,"Scarcity","ecommerce","ec_darkpattern","observed_crawler","ec_site_page_1144","1144",False,"normal","Only 4 copies left","Artificial urgency, false scarcity, or social pressure to accelerate purchase.","Apache-2.0","2022"
"EC-00302","2 LEFT",1,"Scarcity","ecommerce","ec_darkpattern","observed_crawler","ec_site_page_1424","1424",False,"normal","2 LEFT","Artificial urgency, false scarcity, or social pressure to accelerate purchase.","Apache-2.0","2022"
"EC-00303","Feedback",0,"None","ecommerce","ec_darkpattern","observed_crawler","ec_site_page_209","209",False,"normal","","","Apache-2.0","2022"
"EC-00304","2 DAYS 13:06:13",1,"Urgency","ecommerce","ec_darkpattern","observed_crawler","ec_site_page_605","605",False,"normal","2 DAYS 13:06:13","Artificial urgency, false scarcity, or social pressure to accelerate purchase.","Apache-2.0","2022"
"EC-00306","5338 people bought this",1,"Social Proof","ecommerce","ec_darkpattern","observed_crawler","ec_site_page_162","162",False,"normal","5338 people bought this","Artificial urgency, false scarcity, or social pressure to accelerate purchase.","Apache-2.0","2022"
"EC-00307","2 left in stock",1,"Scarcity","ecommerce","ec_darkpattern","observed_crawler","ec_site_page_1103","1103",False,"normal","2 left in stock","Artificial urgency, false scarcity, or social pressure to accelerate purchase.","Apache-2.0","2022"
"EC-00311","Selling fast!",1,"Scarcity","ecommerce","ec_darkpattern","observed_crawler","ec_site_page_932","932",False,"normal","Selling fast!","Artificial urgency, false scarcity, or social pressure to accelerate purchase.","Apache-2.0","2022"
"EC-00312","Welcome To Hotter us",0,"None","ecommerce","ec_darkpattern","observed_crawler","ec_site_page_203","203",False,"normal","","","Apache-2.0","2022"
"EC-00313","ON SALE: Select Seasonal T-Shirts only $19.99! Limited time only! Save Now!",1,"Urgency","ecommerce","ec_darkpattern","observed_crawler","ec_site_page_1039","1039",False,"normal","ON SALE: Select Seasonal T-Shirts only $19.99! Limited time only! Save Now!","Artificial urgency, false scarcity, or social pressure to accelerate purchase.","Apache-2.0","2022"
"EC-00314","To enable notifications, click 'Allow' when prompted.",0,"None","ecommerce","ec_darkpattern","observed_crawler","ec_site_page_782","782",False,"normal","","","Apache-2.0","2022"
"EC-00315","PHX Mercury",0,"None","ecommerce","ec_darkpattern","observed_crawler","ec_site_page_1026","1026",False,"normal","","","Apache-2.0","2022"
"EC-00317","111 people have purchased this item",1,"Social Proof","ecommerce","ec_darkpattern","observed_crawler","ec_site_page_56","56",False,"normal","111 people have purchased this item","Artificial urgency, false scarcity, or social pressure to accelerate purchase.","Apache-2.0","2022"
"EC-00319","Your order is reserved for 09:58 minutes!",1,"Urgency","ecommerce","ec_darkpattern","observed_crawler","ec_site_page_675","675",False,"normal","Your order is reserved for 09:58 minutes!","Artificial urgency, false scarcity, or social pressure to accelerate purchase.","Apache-2.0","2022"
"EC-00322","1 Netflix offer: Not available to customers with an active Netflix offer from Vodafone. Available only on Red+ Lite, Unlimited, Red+ Essentials and Red+ until the 8th of August 2019. Exit fee of $60 applies if you exit or transfer your plan before 6 months. Plan exit fees may also apply. Netflix Offer: One year Netflix ‘Standard’ plan ($14.99 a month) credit will be applied to your Netflix account on activation. At the end of your credit, you will be charged at your Netflix plan rate unless you cancel your Netflix subscription. Cancel Netflix at any time. Netflix compatible device required. See eligible plans and full Netflix terms.",1,"Sneaking","ecommerce","ec_darkpattern","observed_crawler","ec_site_page_930","930",False,"normal","1 Netflix offer: Not available to customers with an active Netflix offer from Vodafone. Available only on Red+ Lite, Unlimited, Red+ Essentials and Red+ until the 8th of August 2019. Exit fee of $60 applies if you exit or transfer your plan before 6 months. Plan exit fees may also apply. Netflix Offer: One year Netflix ‘Standard’ plan ($14.99 a month) credit will be applied to your Netflix account on activation. At the end of your credit, you will be charged at your Netflix plan rate unless you cancel your Netflix subscription. Cancel Netflix at any time. Netflix compatible device required. See eligible plans and full Netflix terms.","Artificial urgency, false scarcity, or social pressure to accelerate purchase.","Apache-2.0","2022"
"EC-00323","Celebrity Synthetic Wigs",0,"None","ecommerce","ec_darkpattern","observed_crawler","ec_site_page_573","573",False,"normal","","","Apache-2.0","2022"
"EC-00324","1626 people seeing this product right now",1,"Social Proof","ecommerce","ec_darkpattern","observed_crawler","ec_site_page_73","73",False,"normal","1626 people seeing this product right now","Artificial urgency, false scarcity, or social pressure to accelerate purchase.","Apache-2.0","2022"
"EC-00327","Converse",0,"None","ecommerce","ec_darkpattern","observed_crawler","ec_site_page_1673","1673",False,"normal","","","Apache-2.0","2022"
"EC-00330","sales@ecklers.net",0,"None","ecommerce","ec_darkpattern","observed_crawler","ec_site_page_1451","1451",False,"normal","","","Apache-2.0","2022"
"EC-00331","0 Days 2 Hours 57 Minutes 53 Seconds",1,"Urgency","ecommerce","ec_darkpattern","observed_crawler","ec_site_page_520","520",False,"normal","0 Days 2 Hours 57 Minutes 53 Seconds","Artificial urgency, false scarcity, or social pressure to accelerate purchase.","Apache-2.0","2022"
"EC-00332","Sharmeen Atif From Karachi just bought Stylish Metal Glasses Frames For Kids-Assorted-NA7157",1,"Social Proof","ecommerce","ec_darkpattern","observed_crawler","ec_site_page_3","3",False,"normal","Sharmeen Atif From Karachi just bought Stylish Metal Glasses Frames For Kids-Assorted-NA7157","Artificial urgency, false scarcity, or social pressure to accelerate purchase.","Apache-2.0","2022"
"EC-00333","Only 34 Left!",1,"Scarcity","ecommerce","ec_darkpattern","observed_crawler","ec_site_page_1189","1189",False,"normal","Only 34 Left!","Artificial urgency, false scarcity, or social pressure to accelerate purchase.","Apache-2.0","2022"
"EC-00338","New In Special Occasion",0,"None","ecommerce","ec_darkpattern","observed_crawler","ec_site_page_667","667",False,"normal","","","Apache-2.0","2022"
"EC-00339","› New Year, New Kit Sale",0,"None","ecommerce","ec_darkpattern","observed_crawler","ec_site_page_664","664",False,"normal","","","Apache-2.0","2022"
"EC-00340","HURRY, ORDER WITHIN 16h 59m 06s TO GET 35% OFF EVERYTHING* EXCL SALE & BEAUTY ENTER: DOLL35",1,"Urgency","ecommerce","ec_darkpattern","observed_crawler","ec_site_page_793","793",False,"normal","HURRY, ORDER WITHIN 16h 59m 06s TO GET 35% OFF EVERYTHING* EXCL SALE & BEAUTY ENTER: DOLL35","Artificial urgency, false scarcity, or social pressure to accelerate purchase.","Apache-2.0","2022"
"EC-00341","Title of Review",0,"None","ecommerce","ec_darkpattern","observed_crawler","ec_site_page_108","108",False,"normal","","","Apache-2.0","2022"
"EC-00342","We uses cookies (and similar techniques) to provide you with better products and services. Your permission will be confirmed if you continue using this website.Read more",0,"None","ecommerce","ec_darkpattern","observed_crawler","ec_site_page_622","622",False,"normal","","","Apache-2.0","2022"
"EC-00344","OFFER EXPIRES IN: YES NO Want 10% Off Your First Order? 7 minutes 35 seconds",1,"Urgency","ecommerce","ec_darkpattern","observed_crawler","ec_site_page_654","654",False,"normal","OFFER EXPIRES IN: YES NO Want 10% Off Your First Order? 7 minutes 35 seconds","Artificial urgency, false scarcity, or social pressure to accelerate purchase.","Apache-2.0","2022"
"EC-00345","Cellular/Honeycomb Shades",0,"None","ecommerce","ec_darkpattern","observed_crawler","ec_site_page_628","628",False,"normal","","","Apache-2.0","2022"
"EC-00347","Epilepsy Safe Profile: this profile enables people with epilepsy to safely use the website by eliminating the risk of seizures resulting from flashing or blinking animations and risky color combinations.",0,"None","ecommerce","ec_darkpattern","observed_crawler","ec_site_page_4","4",False,"normal","","","Apache-2.0","2022"
"EC-00349","Denise in Saluda, Virginia bought Terani Couture - 1911E9095 Embroidered Asymmetric Neck Mermaid Gown",1,"Social Proof","ecommerce","ec_darkpattern","observed_crawler","ec_site_page_163","163",False,"normal","Denise in Saluda, Virginia bought Terani Couture - 1911E9095 Embroidered Asymmetric Neck Mermaid Gown","Artificial urgency, false scarcity, or social pressure to accelerate purchase.","Apache-2.0","2022"
"EC-00350","Don't miss out! We've sold 38 in the last few days.",1,"Social Proof","ecommerce","ec_darkpattern","observed_crawler","ec_site_page_203","203",False,"normal","Don't miss out! We've sold 38 in the last few days.","Artificial urgency, false scarcity, or social pressure to accelerate purchase.","Apache-2.0","2022"
"EC-00351","No, thank you. I prefer to pay the full price",1,"Misdirection","ecommerce","ec_darkpattern","observed_crawler","ec_site_page_355","355",False,"normal","No, thank you. I prefer to pay the full price","Artificial urgency, false scarcity, or social pressure to accelerate purchase.","Apache-2.0","2022"
"EC-00352","No Thanks, I don't like exclusive deals.",1,"Misdirection","ecommerce","ec_darkpattern","observed_crawler","ec_site_page_420","420",False,"normal","No Thanks, I don't like exclusive deals.","Artificial urgency, false scarcity, or social pressure to accelerate purchase.","Apache-2.0","2022"
"EC-00353","Loading interface...",0,"None","ecommerce","ec_darkpattern","observed_crawler","ec_site_page_1522","1522",False,"normal","","","Apache-2.0","2022"
"EC-00354","SAF Warriors",0,"None","ecommerce","ec_darkpattern","observed_crawler","ec_site_page_1026","1026",False,"normal","","","Apache-2.0","2022"
"EC-00355","Lens Manual Washer",0,"None","ecommerce","ec_darkpattern","observed_crawler","ec_site_page_113","113",False,"normal","","","Apache-2.0","2022"
"EC-00356","No thanks, I'd like 0% off",1,"Misdirection","ecommerce","ec_darkpattern","observed_crawler","ec_site_page_322","322",False,"normal","No thanks, I'd like 0% off","Artificial urgency, false scarcity, or social pressure to accelerate purchase.","Apache-2.0","2022"
"EC-00357","Warm Tips",0,"None","ecommerce","ec_darkpattern","observed_crawler","ec_site_page_573","573",False,"normal","","","Apache-2.0","2022"
"EC-00358","Our Carbon Footprint",0,"None","ecommerce","ec_darkpattern","observed_crawler","ec_site_page_1328","1328",False,"normal","","","Apache-2.0","2022"
"EC-00359","Women's Summer New Clerk Large Size Loose Cotton And Linen Blouse",0,"None","ecommerce","ec_darkpattern","observed_crawler","ec_site_page_622","622",False,"normal","","","Apache-2.0","2022"
"EC-00360","Uncheck the box if you prefer not to receive email updates.",1,"Misdirection","ecommerce","ec_darkpattern","observed_crawler","ec_site_page_1786","1786",False,"normal","Uncheck the box if you prefer not to receive email updates.","Artificial urgency, false scarcity, or social pressure to accelerate purchase.","Apache-2.0","2022"
"EC-00362","No Thanks, I Don't Want a Free Gift",1,"Misdirection","ecommerce","ec_darkpattern","observed_crawler","ec_site_page_407","407",False,"normal","No Thanks, I Don't Want a Free Gift","Artificial urgency, false scarcity, or social pressure to accelerate purchase.","Apache-2.0","2022"
"EC-00364","This item is in high demand.",1,"Scarcity","ecommerce","ec_darkpattern","observed_crawler","ec_site_page_953","953",False,"normal","This item is in high demand.","Artificial urgency, false scarcity, or social pressure to accelerate purchase.","Apache-2.0","2022"
"EC-00365","Cargo Trousers",0,"None","ecommerce","ec_darkpattern","observed_crawler","ec_site_page_300","300",False,"normal","","","Apache-2.0","2022"
"EC-00366","Hair Bundles With Closure",0,"None","ecommerce","ec_darkpattern","observed_crawler","ec_site_page_573","573",False,"normal","","","Apache-2.0","2022"
"EC-00367","BreakThrough",0,"None","ecommerce","ec_darkpattern","observed_crawler","ec_site_page_1648","1648",False,"normal","","","Apache-2.0","2022"
"EC-00368","ONLY 1 LEFT! GET IT NOW!",1,"Scarcity","ecommerce","ec_darkpattern","observed_crawler","ec_site_page_1084","1084",False,"normal","ONLY 1 LEFT! GET IT NOW!","Artificial urgency, false scarcity, or social pressure to accelerate purchase.","Apache-2.0","2022"
"EC-00374","DON'T MISS ON THESE AWESOME ITEMS / DON'T MISS ON OUR TABLE DECORATION SYSTEM",1,"Misdirection","ecommerce","ec_darkpattern","observed_crawler","ec_site_page_1711","1711",False,"normal","DON'T MISS ON THESE AWESOME ITEMS / DON'T MISS ON OUR TABLE DECORATION SYSTEM","Artificial urgency, false scarcity, or social pressure to accelerate purchase.","Apache-2.0","2022"
"EC-00375","Hurry! Only 15 left!",1,"Scarcity","ecommerce","ec_darkpattern","observed_crawler","ec_site_page_1325","1325",False,"normal","Hurry! Only 15 left!","Artificial urgency, false scarcity, or social pressure to accelerate purchase.","Apache-2.0","2022"
"EC-00377","Remove Product?",0,"None","ecommerce","ec_darkpattern","observed_crawler","ec_site_page_1328","1328",False,"normal","","","Apache-2.0","2022"
"EC-00381","0011Days:0088Hours:4411Minutes:21125445Seconds",1,"Urgency","ecommerce","ec_darkpattern","observed_crawler","ec_site_page_592","592",False,"normal","0011Days:0088Hours:4411Minutes:21125445Seconds","Artificial urgency, false scarcity, or social pressure to accelerate purchase.","Apache-2.0","2022"
"EC-00382","and future features included!",0,"None","ecommerce","ec_darkpattern","observed_crawler","ec_site_page_103","103",False,"normal","","","Apache-2.0","2022"
"EC-00383","69 people are viewing this",1,"Social Proof","ecommerce","ec_darkpattern","observed_crawler","ec_site_page_167","167",False,"normal","69 people are viewing this","Artificial urgency, false scarcity, or social pressure to accelerate purchase.","Apache-2.0","2022"
"EC-00387","No Thanks, I Prefer Paying Full Price",1,"Misdirection","ecommerce","ec_darkpattern","observed_crawler","ec_site_page_389","389",False,"normal","No Thanks, I Prefer Paying Full Price","Artificial urgency, false scarcity, or social pressure to accelerate purchase.","Apache-2.0","2022"
"EC-00390","In Stock - Limited Quantity",1,"Scarcity","ecommerce","ec_darkpattern","observed_crawler","ec_site_page_1451","1451",False,"normal","In Stock - Limited Quantity","Artificial urgency, false scarcity, or social pressure to accelerate purchase.","Apache-2.0","2022"
"EC-00393","Only 8 left in stock. Almost Gone!",1,"Scarcity","ecommerce","ec_darkpattern","observed_crawler","ec_site_page_1524","1524",False,"normal","Only 8 left in stock. Almost Gone!","Artificial urgency, false scarcity, or social pressure to accelerate purchase.","Apache-2.0","2022"
"EC-00396","Short Sleeve Dresses",0,"None","ecommerce","ec_darkpattern","observed_crawler","ec_site_page_1197","1197",False,"normal","","","Apache-2.0","2022"
"EC-00397","Limited time only: FREE SHIPPING on all orders, no minimum required!",1,"Urgency","ecommerce","ec_darkpattern","observed_crawler","ec_site_page_1059","1059",False,"normal","Limited time only: FREE SHIPPING on all orders, no minimum required!","Artificial urgency, false scarcity, or social pressure to accelerate purchase.","Apache-2.0","2022"
"EC-00398","No thanks, I don't like promotions and exclusive content.",1,"Misdirection","ecommerce","ec_darkpattern","observed_crawler","ec_site_page_387","387",False,"normal","No thanks, I don't like promotions and exclusive content.","Artificial urgency, false scarcity, or social pressure to accelerate purchase.","Apache-2.0","2022"
"EC-00399","Shop All Lehenga Choli",0,"None","ecommerce","ec_darkpattern","observed_crawler","ec_site_page_724","724",False,"normal","","","Apache-2.0","2022"
"EC-00400","Lack Of Color",0,"None","ecommerce","ec_darkpattern","observed_crawler","ec_site_page_1330","1330",False,"normal","","","Apache-2.0","2022"
"EC-00401","Eye Protection",0,"None","ecommerce","ec_darkpattern","observed_crawler","ec_site_page_61","61",False,"normal","","","Apache-2.0","2022"
"EC-00402","10 Left",1,"Scarcity","ecommerce","ec_darkpattern","observed_crawler","ec_site_page_1472","1472",False,"normal","10 Left","Artificial urgency, false scarcity, or social pressure to accelerate purchase.","Apache-2.0","2022"
"EC-00404","TVs",0,"None","ecommerce","ec_darkpattern","observed_crawler","ec_site_page_209","209",False,"normal","","","Apache-2.0","2022"
"EC-00405","Only 2 left",1,"Scarcity","ecommerce","ec_darkpattern","observed_crawler","ec_site_page_1124","1124",False,"normal","Only 2 left","Artificial urgency, false scarcity, or social pressure to accelerate purchase.","Apache-2.0","2022"
"EC-00406","Temporary Tattoos",0,"None","ecommerce","ec_darkpattern","observed_crawler","ec_site_page_1428","1428",False,"normal","","","Apache-2.0","2022"
"EC-00408","Log in / Create an account",0,"None","ecommerce","ec_darkpattern","observed_crawler","ec_site_page_190","190",False,"normal","","","Apache-2.0","2022"
"EC-00409","Your order is reserved for 07:28 minutes!",1,"Urgency","ecommerce","ec_darkpattern","observed_crawler","ec_site_page_758","758",False,"normal","Your order is reserved for 07:28 minutes!","Artificial urgency, false scarcity, or social pressure to accelerate purchase.","Apache-2.0","2022"
"EC-00413","Card Storage",0,"None","ecommerce","ec_darkpattern","observed_crawler","ec_site_page_1268","1268",False,"normal","","","Apache-2.0","2022"
"EC-00419","Strip Softbox",0,"None","ecommerce","ec_darkpattern","observed_crawler","ec_site_page_1648","1648",False,"normal","","","Apache-2.0","2022"
"EC-00421","Your first payment will be due on the day of your purchase.*",0,"None","ecommerce","ec_darkpattern","observed_crawler","ec_site_page_1056","1056",False,"normal","","","Apache-2.0","2022"
"EC-00422","7 people have it in their cart",1,"Social Proof","ecommerce","ec_darkpattern","observed_crawler","ec_site_page_58","58",False,"normal","7 people have it in their cart","Artificial urgency, false scarcity, or social pressure to accelerate purchase.","Apache-2.0","2022"
"EC-00426","Glows In The Dark",0,"None","ecommerce","ec_darkpattern","observed_crawler","ec_site_page_1736","1736",False,"normal","","","Apache-2.0","2022"
"EC-00428","When you place healing crystals in a symmetrical fashion and activate it with a crystal wand, the pattern is charged to send messages to the universe. A healing crystal grid uses sophisticated symmetry for manifestation.",0,"None","ecommerce","ec_darkpattern","observed_crawler","ec_site_page_568","568",False,"normal","","","Apache-2.0","2022"
"EC-00429","Hurry, only 3 left!",1,"Scarcity","ecommerce","ec_darkpattern","observed_crawler","ec_site_page_1104","1104",False,"normal","Hurry, only 3 left!","Artificial urgency, false scarcity, or social pressure to accelerate purchase.","Apache-2.0","2022"
"EC-00430","FREE NECKLACE FOR MOM 01Days 01Hrs 35Mins 02Secs",1,"Urgency","ecommerce","ec_darkpattern","observed_crawler","ec_site_page_538","538",False,"normal","FREE NECKLACE FOR MOM 01Days 01Hrs 35Mins 02Secs","Artificial urgency, false scarcity, or social pressure to accelerate purchase.","Apache-2.0","2022"
"EC-00431","Quick Release",0,"None","ecommerce","ec_darkpattern","observed_crawler","ec_site_page_1648","1648",False,"normal","","","Apache-2.0","2022"
"EC-00433","Free Upgrade, Limited Time!\n*DISH Install Not Available*",1,"Urgency","ecommerce","ec_darkpattern","observed_crawler","ec_site_page_1064","1064",False,"normal","Free Upgrade, Limited Time!\n*DISH Install Not Available*","Artificial urgency, false scarcity, or social pressure to accelerate purchase.","Apache-2.0","2022"
"EC-00434","Chatting",0,"None","ecommerce","ec_darkpattern","observed_crawler","ec_site_page_103","103",False,"normal","","","Apache-2.0","2022"
"EC-00437","Fashion Bags",0,"None","ecommerce","ec_darkpattern","observed_crawler","ec_site_page_1056","1056",False,"normal","","","Apache-2.0","2022"
"EC-00439","Going Fast: Limited Quantities Left!",1,"Scarcity","ecommerce","ec_darkpattern","observed_crawler","ec_site_page_1450","1450",False,"normal","Going Fast: Limited Quantities Left!","Artificial urgency, false scarcity, or social pressure to accelerate purchase.","Apache-2.0","2022"
"EC-00440","This is a green tea without the bitterness.",0,"None","ecommerce","ec_darkpattern","observed_crawler","ec_site_page_1351","1351",False,"normal","","","Apache-2.0","2022"
"EC-00441","Spring Styles",0,"None","ecommerce","ec_darkpattern","observed_crawler","ec_site_page_216","216",False,"normal","","","Apache-2.0","2022"
"EC-00442","Rate & Review",0,"None","ecommerce","ec_darkpattern","observed_crawler","ec_site_page_1367","1367",False,"normal","","","Apache-2.0","2022"
"EC-00443","You may cancel your JustFab VIP Membership at any time. There is absolutely no cancellation fee. If you would like to continue receiving selections, then just skip the month by clicking Skip This Month in your Boutique between the 1st and the 5th of the month. You won't be charged and no member credit will be generated for you. If you no longer want to skip the month, then call our Fashion Consultants on 020 36953830 (local rate) Mon-Fri 8:00AM to 8:00PM and Sat-Sun 10:00AM to 6:00PM or cancel your membership via chat.",1,"Obstruction","ecommerce","ec_darkpattern","observed_crawler","ec_site_page_898","898",False,"normal","You may cancel your JustFab VIP Membership at any time. There is absolutely no cancellation fee. If you would like to continue receiving selections, then just skip the month by clicking Skip This Month in your Boutique between the 1st and the 5th of the month. You won't be charged and no member credit will be generated for you. If you no longer want to skip the month, then call our Fashion Consultants on 020 36953830 (local rate) Mon-Fri 8:00AM to 8:00PM and Sat-Sun 10:00AM to 6:00PM or cancel your membership via chat.","Artificial urgency, false scarcity, or social pressure to accelerate purchase.","Apache-2.0","2022"
"EC-00444","Only 498 left",1,"Scarcity","ecommerce","ec_darkpattern","observed_crawler","ec_site_page_1265","1265",False,"normal","Only 498 left","Artificial urgency, false scarcity, or social pressure to accelerate purchase.","Apache-2.0","2022"
"EC-00446","Over 38 bought",1,"Social Proof","ecommerce","ec_darkpattern","observed_crawler","ec_site_page_206","206",False,"normal","Over 38 bought","Artificial urgency, false scarcity, or social pressure to accelerate purchase.","Apache-2.0","2022"
"EC-00448","Christian Dior",0,"None","ecommerce","ec_darkpattern","observed_crawler","ec_site_page_827","827",False,"normal","","","Apache-2.0","2022"
"EC-00449","Share this product",0,"None","ecommerce","ec_darkpattern","observed_crawler","ec_site_page_117","117",False,"normal","","","Apache-2.0","2022"
"EC-00455","Only 1 Item Left!",1,"Scarcity","ecommerce","ec_darkpattern","observed_crawler","ec_site_page_1273","1273",False,"normal","Only 1 Item Left!","Artificial urgency, false scarcity, or social pressure to accelerate purchase.","Apache-2.0","2022"
"EC-00456","HAUTELOOK 04:53",1,"Urgency","ecommerce","ec_darkpattern","observed_crawler","ec_site_page_695","695",False,"normal","HAUTELOOK 04:53","Artificial urgency, false scarcity, or social pressure to accelerate purchase.","Apache-2.0","2022"
"EC-00457","Only 1 item left",1,"Scarcity","ecommerce","ec_darkpattern","observed_crawler","ec_site_page_1160","1160",False,"normal","Only 1 item left","Artificial urgency, false scarcity, or social pressure to accelerate purchase.","Apache-2.0","2022"
"EC-00458","WANNA COLLAB?",0,"None","ecommerce","ec_darkpattern","observed_crawler","ec_site_page_1367","1367",False,"normal","","","Apache-2.0","2022"
"EC-00459","PopTop Refine by Product Type: PopTop",0,"None","ecommerce","ec_darkpattern","observed_crawler","ec_site_page_1736","1736",False,"normal","","","Apache-2.0","2022"
"EC-00461","Earn FanCash on all purchases!",0,"None","ecommerce","ec_darkpattern","observed_crawler","ec_site_page_767","767",False,"normal","","","Apache-2.0","2022"
"EC-00464","Sunwayfoto",0,"None","ecommerce","ec_darkpattern","observed_crawler","ec_site_page_1648","1648",False,"normal","","","Apache-2.0","2022"
"EC-00469","ONLY 3 LEFT IN STOCK.",1,"Scarcity","ecommerce","ec_darkpattern","observed_crawler","ec_site_page_1079","1079",False,"normal","ONLY 3 LEFT IN STOCK.","Artificial urgency, false scarcity, or social pressure to accelerate purchase.","Apache-2.0","2022"
"EC-00470","Free Embroidery Patterns",0,"None","ecommerce","ec_darkpattern","observed_crawler","ec_site_page_1446","1446",False,"normal","","","Apache-2.0","2022"
"EC-00472","Members may cancel their Membership at any time during their Membership term and receive a full refund, less any benefits/savings received in their current Membership term (for example, Buyer’s Club Discounts received or free shipping). Refunds for completed years completed will not be made, even if the Member did not use any of the benefits during the Membership term. To cancel your membership, please contact our customer service department by contacting us at 1-800-375-3006.",1,"Obstruction","ecommerce","ec_darkpattern","observed_crawler","ec_site_page_885","885",False,"normal","Members may cancel their Membership at any time during their Membership term and receive a full refund, less any benefits/savings received in their current Membership term (for example, Buyer’s Club Discounts received or free shipping). Refunds for completed years completed will not be made, even if the Member did not use any of the benefits during the Membership term. To cancel your membership, please contact our customer service department by contacting us at 1-800-375-3006.","Artificial urgency, false scarcity, or social pressure to accelerate purchase.","Apache-2.0","2022"
"EC-00473","To qualify, simply verify your status during checkout on the payment step. We verify through ID.me, our trusted technology partner for secure digital identity verification.",0,"None","ecommerce","ec_darkpattern","observed_crawler","ec_site_page_1759","1759",False,"normal","","","Apache-2.0","2022"
"EC-00474","no thanks, I'll save money another day",1,"Misdirection","ecommerce","ec_darkpattern","observed_crawler","ec_site_page_450","450",False,"normal","no thanks, I'll save money another day","Artificial urgency, false scarcity, or social pressure to accelerate purchase.","Apache-2.0","2022"
"EC-00475","Shopper from Saint John, NB viewed Lenovo ThinkCentre M710t 10M9000RUS Desktop Computer 3 minutes ago!",1,"Social Proof","ecommerce","ec_darkpattern","observed_crawler","ec_site_page_257","257",False,"normal","Shopper from Saint John, NB viewed Lenovo ThinkCentre M710t 10M9000RUS Desktop Computer 3 minutes ago!","Artificial urgency, false scarcity, or social pressure to accelerate purchase.","Apache-2.0","2022"
"EC-00481","Now 30% off - hurry, limited time offer!",1,"Urgency","ecommerce","ec_darkpattern","observed_crawler","ec_site_page_990","990",False,"normal","Now 30% off - hurry, limited time offer!","Artificial urgency, false scarcity, or social pressure to accelerate purchase.","Apache-2.0","2022"
"EC-00482","The requested page could not be found",0,"None","ecommerce","ec_darkpattern","observed_crawler","ec_site_page_1541","1541",False,"normal","","","Apache-2.0","2022"
"EC-00484","EVO SP All EVO SP parts and accessories",0,"None","ecommerce","ec_darkpattern","observed_crawler","ec_site_page_1174","1174",False,"normal","","","Apache-2.0","2022"
"EC-00485","Circa Punches",0,"None","ecommerce","ec_darkpattern","observed_crawler","ec_site_page_1434","1434",False,"normal","","","Apache-2.0","2022"
"EC-00486","Riding Culture Neue Lifestyle-Marke bei motoin",0,"None","ecommerce","ec_darkpattern","observed_crawler","ec_site_page_752","752",False,"normal","","","Apache-2.0","2022"
"EC-00487","Ericdress Long Sleeve Mesh Off Shoulder Summer Dress",0,"None","ecommerce","ec_darkpattern","observed_crawler","ec_site_page_667","667",False,"normal","","","Apache-2.0","2022"
"EC-00488","Green Tea is made up of properties that have been known to increase caloric expenditure as well as the metabolism of fat",0,"None","ecommerce","ec_darkpattern","observed_crawler","ec_site_page_1351","1351",False,"normal","","","Apache-2.0","2022"
"EC-00489","COLLEGIATE",0,"None","ecommerce","ec_darkpattern","observed_crawler","ec_site_page_350","350",False,"normal","","","Apache-2.0","2022"
"EC-00490","Sparkling Elegance",0,"None","ecommerce","ec_darkpattern","observed_crawler","ec_site_page_1653","1653",False,"normal","","","Apache-2.0","2022"
"EC-00491","To add to Wishlist, please register or sign in.",0,"None","ecommerce","ec_darkpattern","observed_crawler","ec_site_page_287","287",False,"normal","","","Apache-2.0","2022"
"EC-00492","HURRY! Only a few left in stock!",1,"Scarcity","ecommerce","ec_darkpattern","observed_crawler","ec_site_page_1110","1110",False,"normal","HURRY! Only a few left in stock!","Artificial urgency, false scarcity, or social pressure to accelerate purchase.","Apache-2.0","2022"
"EC-00493","New In Lunch Boxes",0,"None","ecommerce","ec_darkpattern","observed_crawler","ec_site_page_216","216",False,"normal","","","Apache-2.0","2022"
"EC-00494","Cayman Islands USD",0,"None","ecommerce","ec_darkpattern","observed_crawler","ec_site_page_1446","1446",False,"normal","","","Apache-2.0","2022"
"EC-00496","View All Shoes",0,"None","ecommerce","ec_darkpattern","observed_crawler","ec_site_page_264","264",False,"normal","","","Apache-2.0","2022"
"EC-00498","Rachel Comey",0,"None","ecommerce","ec_darkpattern","observed_crawler","ec_site_page_1330","1330",False,"normal","","","Apache-2.0","2022"
"EC-00499","52 people are looking at this right now.",1,"Social Proof","ecommerce","ec_darkpattern","observed_crawler","ec_site_page_204","204",False,"normal","52 people are looking at this right now.","Artificial urgency, false scarcity, or social pressure to accelerate purchase.","Apache-2.0","2022"
"EC-00500","1 day 08:15:25",1,"Urgency","ecommerce","ec_darkpattern","observed_crawler","ec_site_page_845","845",False,"normal","1 day 08:15:25","Artificial urgency, false scarcity, or social pressure to accelerate purchase.","Apache-2.0","2022"
"EC-00502","Delivery & Offers Terms",0,"None","ecommerce","ec_darkpattern","observed_crawler","ec_site_page_833","833",False,"normal","","","Apache-2.0","2022"
"EC-00503","Oscar from Cajamarca, Peru purchased",1,"Social Proof","ecommerce","ec_darkpattern","observed_crawler","ec_site_page_106","106",False,"normal","Oscar from Cajamarca, Peru purchased","Artificial urgency, false scarcity, or social pressure to accelerate purchase.","Apache-2.0","2022"
"EC-00505","Buy Tablets",0,"None","ecommerce","ec_darkpattern","observed_crawler","ec_site_page_569","569",False,"normal","","","Apache-2.0","2022"
"EC-00508","ONLY 1 REMAINING",1,"Scarcity","ecommerce","ec_darkpattern","observed_crawler","ec_site_page_1393","1393",False,"normal","ONLY 1 REMAINING","Artificial urgency, false scarcity, or social pressure to accelerate purchase.","Apache-2.0","2022"
"EC-00509","Point & Shoots",0,"None","ecommerce","ec_darkpattern","observed_crawler","ec_site_page_1648","1648",False,"normal","","","Apache-2.0","2022"
"EC-00510","Already have an account?",0,"None","ecommerce","ec_darkpattern","observed_crawler","ec_site_page_190","190",False,"normal","","","Apache-2.0","2022"
"EC-00511","Mystic Topaz: Rings, Earrings, Necklaces and Bracelets",0,"None","ecommerce","ec_darkpattern","observed_crawler","ec_site_page_568","568",False,"normal","","","Apache-2.0","2022"
"EC-00518","02:06:40 left to buy",1,"Urgency","ecommerce","ec_darkpattern","observed_crawler","ec_site_page_585","585",False,"normal","02:06:40 left to buy","Artificial urgency, false scarcity, or social pressure to accelerate purchase.","Apache-2.0","2022"
"EC-00519","Limited Edition Honeycomb Necklace (Bee Inspired) Someone purchased a Limited Edition Honeycomb Necklace (Bee Inspired)",1,"Social Proof","ecommerce","ec_darkpattern","observed_crawler","ec_site_page_87","87",False,"normal","Limited Edition Honeycomb Necklace (Bee Inspired) Someone purchased a Limited Edition Honeycomb Necklace (Bee Inspired)","Artificial urgency, false scarcity, or social pressure to accelerate purchase.","Apache-2.0","2022"
"EC-00521","13 people have added this to their cart",1,"Social Proof","ecommerce","ec_darkpattern","observed_crawler","ec_site_page_249","249",False,"normal","13 people have added this to their cart","Artificial urgency, false scarcity, or social pressure to accelerate purchase.","Apache-2.0","2022"
"EC-00523","Last chance! Only 1 left",1,"Scarcity","ecommerce","ec_darkpattern","observed_crawler","ec_site_page_1369","1369",False,"normal","Last chance! Only 1 left","Artificial urgency, false scarcity, or social pressure to accelerate purchase.","Apache-2.0","2022"
"EC-00524","AccessoriesCar AccessoriesDressesFootwearHome & OfficeJacketsLawn & OutdoorsPantsPolosShirts & SweatersShortsSleepwear & UnderwearSwim CollectionTailgatingSale Items- View All -",0,"None","ecommerce","ec_darkpattern","observed_crawler","ec_site_page_767","767",False,"normal","","","Apache-2.0","2022"
"EC-00525","Pay weekly",0,"None","ecommerce","ec_darkpattern","observed_crawler","ec_site_page_1056","1056",False,"normal","","","Apache-2.0","2022"
"EC-00527","I have green eyes and with these bright green contacts makes my eyes look out of this world amazing. I love them and they have lasted months!!",0,"None","ecommerce","ec_darkpattern","observed_crawler","ec_site_page_113","113",False,"normal","","","Apache-2.0","2022"
"EC-00528","Sale ends soon:",1,"Urgency","ecommerce","ec_darkpattern","observed_crawler","ec_site_page_1005","1005",False,"normal","Sale ends soon:","Artificial urgency, false scarcity, or social pressure to accelerate purchase.","Apache-2.0","2022"
"EC-00529","Only 16531 items left in stock!",1,"Scarcity","ecommerce","ec_darkpattern","observed_crawler","ec_site_page_1260","1260",False,"normal","Only 16531 items left in stock!","Artificial urgency, false scarcity, or social pressure to accelerate purchase.","Apache-2.0","2022"
"EC-00530","Want a special deal? Bundle and SAVE UPTO30%",1,"Misdirection","ecommerce","ec_darkpattern","observed_crawler","ec_site_page_1731","1731",False,"normal","Want a special deal? Bundle and SAVE UPTO30%","Artificial urgency, false scarcity, or social pressure to accelerate purchase.","Apache-2.0","2022"
"EC-00532","BABY BOYSShoesClothingAccessories",0,"None","ecommerce","ec_darkpattern","observed_crawler","ec_site_page_1673","1673",False,"normal","","","Apache-2.0","2022"
"EC-00533","NEED ADDITIONAL HELP?",0,"None","ecommerce","ec_darkpattern","observed_crawler","ec_site_page_158","158",False,"normal","","","Apache-2.0","2022"
"EC-00535","Only 3 Left!",1,"Scarcity","ecommerce","ec_darkpattern","observed_crawler","ec_site_page_1231","1231",False,"normal","Only 3 Left!","Artificial urgency, false scarcity, or social pressure to accelerate purchase.","Apache-2.0","2022"
"EC-00537","Sign In / Join",0,"None","ecommerce","ec_darkpattern","observed_crawler","ec_site_page_1405","1405",False,"normal","","","Apache-2.0","2022"
"EC-00538","We only have few stocks left for this product. Please don't miss the chance.",1,"Scarcity","ecommerce","ec_darkpattern","observed_crawler","ec_site_page_1663","1663",False,"normal","We only have few stocks left for this product. Please don't miss the chance.","Artificial urgency, false scarcity, or social pressure to accelerate purchase.","Apache-2.0","2022"
"EC-00539","Click here to use our website with more accessibility support, for example screen readers",0,"None","ecommerce","ec_darkpattern","observed_crawler","ec_site_page_765","765",False,"normal","","","Apache-2.0","2022"
"EC-00540","Your order is reserved for 09:35 minutes!",1,"Urgency","ecommerce","ec_darkpattern","observed_crawler","ec_site_page_505","505",False,"normal","Your order is reserved for 09:35 minutes!","Artificial urgency, false scarcity, or social pressure to accelerate purchase.","Apache-2.0","2022"
"EC-00541","LIMITED TIME ONLY *on select models",1,"Urgency","ecommerce","ec_darkpattern","observed_crawler","ec_site_page_1041","1041",False,"normal","LIMITED TIME ONLY *on select models","Artificial urgency, false scarcity, or social pressure to accelerate purchase.","Apache-2.0","2022"
"EC-00542","Mixed Media",0,"None","ecommerce","ec_darkpattern","observed_crawler","ec_site_page_1446","1446",False,"normal","","","Apache-2.0","2022"
"EC-00543","BE QUICK 00:57:33 DON'T MISS OUT",1,"Urgency","ecommerce","ec_darkpattern","observed_crawler","ec_site_page_671","671",False,"normal","BE QUICK 00:57:33 DON'T MISS OUT","Artificial urgency, false scarcity, or social pressure to accelerate purchase.","Apache-2.0","2022"
"EC-00544","New In",0,"None","ecommerce","ec_darkpattern","observed_crawler","ec_site_page_216","216",False,"normal","","","Apache-2.0","2022"
"EC-00545","Remove selected car filter",0,"None","ecommerce","ec_darkpattern","observed_crawler","ec_site_page_1451","1451",False,"normal","","","Apache-2.0","2022"
"EC-00546","35% OFF EVERYTHING* EXCL SALE & BEAUTY ENTER: DOLL35 - HURRY! ENDS IN 16H 59M 06S",1,"Urgency","ecommerce","ec_darkpattern","observed_crawler","ec_site_page_792","792",False,"normal","35% OFF EVERYTHING* EXCL SALE & BEAUTY ENTER: DOLL35 - HURRY! ENDS IN 16H 59M 06S","Artificial urgency, false scarcity, or social pressure to accelerate purchase.","Apache-2.0","2022"
"EC-00547","Shipping and Duties",0,"None","ecommerce","ec_darkpattern","observed_crawler","ec_site_page_1609","1609",False,"normal","","","Apache-2.0","2022"
"EC-00549","NFL Enterprises LLC. All Rights Reserved.",0,"None","ecommerce","ec_darkpattern","observed_crawler","ec_site_page_767","767",False,"normal","","","Apache-2.0","2022"
"EC-00550","LOGIN/REGISTER",1,"Misdirection","ecommerce","ec_darkpattern","observed_crawler","ec_site_page_1787","1787",False,"normal","LOGIN/REGISTER","Artificial urgency, false scarcity, or social pressure to accelerate purchase.","Apache-2.0","2022"
"EC-00551","00Days17Hours12Mins13Secs",1,"Urgency","ecommerce","ec_darkpattern","observed_crawler","ec_site_page_561","561",False,"normal","00Days17Hours12Mins13Secs","Artificial urgency, false scarcity, or social pressure to accelerate purchase.","Apache-2.0","2022"
"EC-00553","We're sorry, this store is closed.",0,"None","ecommerce","ec_darkpattern","observed_crawler","ec_site_page_1403","1403",False,"normal","","","Apache-2.0","2022"
"EC-00555","Someone from Menlo Park, California just purchased Electric Skateboard Motor 6374 190KV.",1,"Social Proof","ecommerce","ec_darkpattern","observed_crawler","ec_site_page_17","17",False,"normal","Someone from Menlo Park, California just purchased Electric Skateboard Motor 6374 190KV.","Artificial urgency, false scarcity, or social pressure to accelerate purchase.","Apache-2.0","2022"
"EC-00556","Hurry, Limited Time Offer! 11:25",1,"Urgency","ecommerce","ec_darkpattern","observed_crawler","ec_site_page_858","858",False,"normal","Hurry, Limited Time Offer! 11:25","Artificial urgency, false scarcity, or social pressure to accelerate purchase.","Apache-2.0","2022"
"EC-00557","Search Close",0,"None","ecommerce","ec_darkpattern","observed_crawler","ec_site_page_1328","1328",False,"normal","","","Apache-2.0","2022"
"EC-00560","Only 2 stock available",1,"Scarcity","ecommerce","ec_darkpattern","observed_crawler","ec_site_page_1234","1234",False,"normal","Only 2 stock available","Artificial urgency, false scarcity, or social pressure to accelerate purchase.","Apache-2.0","2022"
"EC-00562","◊After 1 year, subscription auto renews with fee. Review your iFit® Coach account on a computer, tablet, smartphone, or equipment console.",1,"Sneaking","ecommerce","ec_darkpattern","observed_crawler","ec_site_page_926","926",False,"normal","◊After 1 year, subscription auto renews with fee. Review your iFit® Coach account on a computer, tablet, smartphone, or equipment console.","Artificial urgency, false scarcity, or social pressure to accelerate purchase.","Apache-2.0","2022"
"EC-00563","Sorry, we could not process your request at the moment. Please try again in a few minutes.",0,"None","ecommerce","ec_darkpattern","observed_crawler","ec_site_page_189","189",False,"normal","","","Apache-2.0","2022"
"EC-00564","Jersey GBP",0,"None","ecommerce","ec_darkpattern","observed_crawler","ec_site_page_1446","1446",False,"normal","","","Apache-2.0","2022"
"EC-00565","My Account",0,"None","ecommerce","ec_darkpattern","observed_crawler","ec_site_page_740","740",False,"normal","","","Apache-2.0","2022"
"EC-00570","I'd rather pay full price",1,"Misdirection","ecommerce","ec_darkpattern","observed_crawler","ec_site_page_401","401",False,"normal","I'd rather pay full price","Artificial urgency, false scarcity, or social pressure to accelerate purchase.","Apache-2.0","2022"
"EC-00572","Only 8 items left in stock!",1,"Scarcity","ecommerce","ec_darkpattern","observed_crawler","ec_site_page_1163","1163",False,"normal","Only 8 items left in stock!","Artificial urgency, false scarcity, or social pressure to accelerate purchase.","Apache-2.0","2022"
"EC-00573","ONLY 1 LEFT IN STOCK!",1,"Scarcity","ecommerce","ec_darkpattern","observed_crawler","ec_site_page_1125","1125",False,"normal","ONLY 1 LEFT IN STOCK!","Artificial urgency, false scarcity, or social pressure to accelerate purchase.","Apache-2.0","2022"
"EC-00576","Dry Direct Incontinence Personal Care Daily Living Safety Bedroom Nutrition Mobility Lift Aids Medical Supplies Plus Size",0,"None","ecommerce","ec_darkpattern","observed_crawler","ec_site_page_1044","1044",False,"normal","","","Apache-2.0","2022"
"EC-00578","Summary",0,"None","ecommerce","ec_darkpattern","observed_crawler","ec_site_page_1648","1648",False,"normal","","","Apache-2.0","2022"
"EC-00579","Limited Edition Colors",0,"None","ecommerce","ec_darkpattern","observed_crawler","ec_site_page_1405","1405",False,"normal","","","Apache-2.0","2022"
"EC-00580","For instance, we use cookies allowing us to remember information provided by the users from a page to another, choices made by users and information provided by users (name, language preference, country of residence…). In particular, we use the following functional cookies:",0,"None","ecommerce","ec_darkpattern","observed_crawler","ec_site_page_1736","1736",False,"normal","","","Apache-2.0","2022"
"EC-00581","FRAMON #2 Code Machine Offer - Limited time offer!",1,"Urgency","ecommerce","ec_darkpattern","observed_crawler","ec_site_page_1035","1035",False,"normal","FRAMON #2 Code Machine Offer - Limited time offer!","Artificial urgency, false scarcity, or social pressure to accelerate purchase.","Apache-2.0","2022"
"EC-00586","SLEEP EVENT OFFERS - LIMITED TIME ONLY",1,"Urgency","ecommerce","ec_darkpattern","observed_crawler","ec_site_page_1015","1015",False,"normal","SLEEP EVENT OFFERS - LIMITED TIME ONLY","Artificial urgency, false scarcity, or social pressure to accelerate purchase.","Apache-2.0","2022"
"EC-00587","This chart should be used as a guide only. Due to each manufacturer’s size scale inconsistencies may occur.",0,"None","ecommerce","ec_darkpattern","observed_crawler","ec_site_page_1604","1604",False,"normal","","","Apache-2.0","2022"
"EC-00589","Competitions",0,"None","ecommerce","ec_darkpattern","observed_crawler","ec_site_page_198","198",False,"normal","","","Apache-2.0","2022"
"EC-00590","Shop All Men's Boots",0,"None","ecommerce","ec_darkpattern","observed_crawler","ec_site_page_1328","1328",False,"normal","","","Apache-2.0","2022"
"EC-00594","Media Players",0,"None","ecommerce","ec_darkpattern","observed_crawler","ec_site_page_395","395",False,"normal","","","Apache-2.0","2022"
"EC-00595","Only 3 left In Stock",1,"Scarcity","ecommerce","ec_darkpattern","observed_crawler","ec_site_page_1295","1295",False,"normal","Only 3 left In Stock","Artificial urgency, false scarcity, or social pressure to accelerate purchase.","Apache-2.0","2022"
"EC-00596","Father's Day Gifts",0,"None","ecommerce","ec_darkpattern","observed_crawler","ec_site_page_920","920",False,"normal","","","Apache-2.0","2022"
"EC-00597","Enjoy FREE shipping with WSJwine Advantage",1,"Sneaking","ecommerce","ec_darkpattern","observed_crawler","ec_site_page_931","931",False,"normal","Enjoy FREE shipping with WSJwine Advantage","Artificial urgency, false scarcity, or social pressure to accelerate purchase.","Apache-2.0","2022"
"EC-00599","Only 1 in stock",1,"Scarcity","ecommerce","ec_darkpattern","observed_crawler","ec_site_page_1372","1372",False,"normal","Only 1 in stock","Artificial urgency, false scarcity, or social pressure to accelerate purchase.","Apache-2.0","2022"
"EC-00603","No thanks, I don't want the free gift.",1,"Misdirection","ecommerce","ec_darkpattern","observed_crawler","ec_site_page_421","421",False,"normal","No thanks, I don't want the free gift.","Artificial urgency, false scarcity, or social pressure to accelerate purchase.","Apache-2.0","2022"
"EC-00604","Extra Soft Cleansing Wipes",0,"None","ecommerce","ec_darkpattern","observed_crawler","ec_site_page_1044","1044",False,"normal","","","Apache-2.0","2022"
"EC-00605","Men's Accessories",0,"None","ecommerce","ec_darkpattern","observed_crawler","ec_site_page_1373","1373",False,"normal","","","Apache-2.0","2022"
"EC-00606","jennifer just bought Rainbow Moonstone Healing Heartabout 6 hours ago",1,"Social Proof","ecommerce","ec_darkpattern","observed_crawler","ec_site_page_280","280",False,"normal","jennifer just bought Rainbow Moonstone Healing Heartabout 6 hours ago","Artificial urgency, false scarcity, or social pressure to accelerate purchase.","Apache-2.0","2022"
"EC-00607","SAVE $300.00\nfor limited time",1,"Urgency","ecommerce","ec_darkpattern","observed_crawler","ec_site_page_1051","1051",False,"normal","SAVE $300.00\nfor limited time","Artificial urgency, false scarcity, or social pressure to accelerate purchase.","Apache-2.0","2022"
"EC-00609","[NO THANKS, I'LL JUST WALK]",1,"Misdirection","ecommerce","ec_darkpattern","observed_crawler","ec_site_page_466","466",False,"normal","[NO THANKS, I'LL JUST WALK]","Artificial urgency, false scarcity, or social pressure to accelerate purchase.","Apache-2.0","2022"
"EC-00611","Currently 8 left in stock.",1,"Scarcity","ecommerce","ec_darkpattern","observed_crawler","ec_site_page_1513","1513",False,"normal","Currently 8 left in stock.","Artificial urgency, false scarcity, or social pressure to accelerate purchase.","Apache-2.0","2022"
"EC-00612","NO, I DON'T FEEL LUCKY",1,"Misdirection","ecommerce","ec_darkpattern","observed_crawler","ec_site_page_340","340",False,"normal","NO, I DON'T FEEL LUCKY","Artificial urgency, false scarcity, or social pressure to accelerate purchase.","Apache-2.0","2022"
"EC-00613","Currently less than 10 available",1,"Scarcity","ecommerce","ec_darkpattern","observed_crawler","ec_site_page_1457","1457",False,"normal","Currently less than 10 available","Artificial urgency, false scarcity, or social pressure to accelerate purchase.","Apache-2.0","2022"
"EC-00616","Only 8 left!",1,"Scarcity","ecommerce","ec_darkpattern","observed_crawler","ec_site_page_1206","1206",False,"normal","Only 8 left!","Artificial urgency, false scarcity, or social pressure to accelerate purchase.","Apache-2.0","2022"
"EC-00617","Only 1 items left in stock!",1,"Scarcity","ecommerce","ec_darkpattern","observed_crawler","ec_site_page_1213","1213",False,"normal","Only 1 items left in stock!","Artificial urgency, false scarcity, or social pressure to accelerate purchase.","Apache-2.0","2022"
"EC-00619","View All Home Accessories",0,"None","ecommerce","ec_darkpattern","observed_crawler","ec_site_page_1381","1381",False,"normal","","","Apache-2.0","2022"
"EC-00620","Healing Crystals are natural beings just like the trees, mountain or flowers. The result of diverse chemical reactions inside the earth over a millennium, gemstones are a true wonder of nature. When you touch a healing crystal, there is a transfer of heat and energy that leads to activation of chakra points. These therapeutic powers noticed in the presence of gemstones are the reason they are called healing crystals. With some crystals as old as the earth, there is immense wisdom in crystal use.",0,"None","ecommerce","ec_darkpattern","observed_crawler","ec_site_page_568","568",False,"normal","","","Apache-2.0","2022"
"EC-00621","How to cast on",0,"None","ecommerce","ec_darkpattern","observed_crawler","ec_site_page_1446","1446",False,"normal","","","Apache-2.0","2022"
"EC-00623","9 people are currently viewing this product",1,"Social Proof","ecommerce","ec_darkpattern","observed_crawler","ec_site_page_174","174",False,"normal","9 people are currently viewing this product","Artificial urgency, false scarcity, or social pressure to accelerate purchase.","Apache-2.0","2022"
"EC-00626","94% offers claimed. Hurry up!",1,"Scarcity","ecommerce","ec_darkpattern","observed_crawler","ec_site_page_1583","1583",False,"normal","94% offers claimed. Hurry up!","Artificial urgency, false scarcity, or social pressure to accelerate purchase.","Apache-2.0","2022"
"EC-00629","*** Get 50% Off Your 2nd Case OR a Canopy Screen Protector *** A 50% OFF discount will be automatically applied to the lowest priced item in your cart when you check out with more than one item! (excludes Clearance items) Click to Choose Another Item",1,"Misdirection","ecommerce","ec_darkpattern","observed_crawler","ec_site_page_1706","1706",False,"normal","*** Get 50% Off Your 2nd Case OR a Canopy Screen Protector *** A 50% OFF discount will be automatically applied to the lowest priced item in your cart when you check out with more than one item! (excludes Clearance items) Click to Choose Another Item","Artificial urgency, false scarcity, or social pressure to accelerate purchase.","Apache-2.0","2022"
"EC-00632","Product Recycling",0,"None","ecommerce","ec_darkpattern","observed_crawler","ec_site_page_1736","1736",False,"normal","","","Apache-2.0","2022"
"EC-00633","Purchase protection added",1,"Sneaking","ecommerce","ec_darkpattern","observed_crawler","ec_site_page_1772","1772",False,"normal","Purchase protection added","Artificial urgency, false scarcity, or social pressure to accelerate purchase.","Apache-2.0","2022"
"EC-00634","Only 6 items left",1,"Scarcity","ecommerce","ec_darkpattern","observed_crawler","ec_site_page_1432","1432",False,"normal","Only 6 items left","Artificial urgency, false scarcity, or social pressure to accelerate purchase.","Apache-2.0","2022"
"EC-00635","39 people have this in their cart",1,"Social Proof","ecommerce","ec_darkpattern","observed_crawler","ec_site_page_313","313",False,"normal","39 people have this in their cart","Artificial urgency, false scarcity, or social pressure to accelerate purchase.","Apache-2.0","2022"
"EC-00636","Sunflower",0,"None","ecommerce","ec_darkpattern","observed_crawler","ec_site_page_113","113",False,"normal","","","Apache-2.0","2022"
"EC-00637","23% left in stock!",1,"Scarcity","ecommerce","ec_darkpattern","observed_crawler","ec_site_page_1177","1177",False,"normal","23% left in stock!","Artificial urgency, false scarcity, or social pressure to accelerate purchase.","Apache-2.0","2022"
"EC-00640","Status:Only 3 left in stock",1,"Scarcity","ecommerce","ec_darkpattern","observed_crawler","ec_site_page_1146","1146",False,"normal","Status:Only 3 left in stock","Artificial urgency, false scarcity, or social pressure to accelerate purchase.","Apache-2.0","2022"
"EC-00643","Today's sale ends in: 00hours:57min:19sec",1,"Urgency","ecommerce","ec_darkpattern","observed_crawler","ec_site_page_513","513",False,"normal","Today's sale ends in: 00hours:57min:19sec","Artificial urgency, false scarcity, or social pressure to accelerate purchase.","Apache-2.0","2022"
"EC-00644","ONLY 7 LEFT!",1,"Scarcity","ecommerce","ec_darkpattern","observed_crawler","ec_site_page_1128","1128",False,"normal","ONLY 7 LEFT!","Artificial urgency, false scarcity, or social pressure to accelerate purchase.","Apache-2.0","2022"
"EC-00645","Business, Office & Industrial",0,"None","ecommerce","ec_darkpattern","observed_crawler","ec_site_page_1333","1333",False,"normal","","","Apache-2.0","2022"
"EC-00646","My Story",0,"None","ecommerce","ec_darkpattern","observed_crawler","ec_site_page_1330","1330",False,"normal","","","Apache-2.0","2022"
"EC-00647","8 people are looking at this artwork",1,"Social Proof","ecommerce","ec_darkpattern","observed_crawler","ec_site_page_134","134",False,"normal","8 people are looking at this artwork","Artificial urgency, false scarcity, or social pressure to accelerate purchase.","Apache-2.0","2022"
"EC-00648","Coffee",0,"None","ecommerce","ec_darkpattern","observed_crawler","ec_site_page_1351","1351",False,"normal","","","Apache-2.0","2022"
"EC-00650","Take time to pay.",0,"None","ecommerce","ec_darkpattern","observed_crawler","ec_site_page_1056","1056",False,"normal","","","Apache-2.0","2022"
"EC-00651","OFFER ENDS 00:54:59",1,"Urgency","ecommerce","ec_darkpattern","observed_crawler","ec_site_page_808","808",False,"normal","OFFER ENDS 00:54:59","Artificial urgency, false scarcity, or social pressure to accelerate purchase.","Apache-2.0","2022"
"EC-00652","Other Items On Special Offer:",1,"Misdirection","ecommerce","ec_darkpattern","observed_crawler","ec_site_page_1734","1734",False,"normal","Other Items On Special Offer:","Artificial urgency, false scarcity, or social pressure to accelerate purchase.","Apache-2.0","2022"
"EC-00653","You may change the items in your order, or cancel the Smartship at anytime, up until 3 days prior to the scheduled ship date of your Smartship by calling Customer Service at 1-800-518-0284.",1,"Obstruction","ecommerce","ec_darkpattern","observed_crawler","ec_site_page_882","882",False,"normal","You may change the items in your order, or cancel the Smartship at anytime, up until 3 days prior to the scheduled ship date of your Smartship by calling Customer Service at 1-800-518-0284.","Artificial urgency, false scarcity, or social pressure to accelerate purchase.","Apache-2.0","2022"
"EC-00654","LIMITED TIME SALE",1,"Urgency","ecommerce","ec_darkpattern","observed_crawler","ec_site_page_993","993",False,"normal","LIMITED TIME SALE","Artificial urgency, false scarcity, or social pressure to accelerate purchase.","Apache-2.0","2022"
"EC-00655","NO THANKS, I DON'T WANT TO SAVE",1,"Misdirection","ecommerce","ec_darkpattern","observed_crawler","ec_site_page_428","428",False,"normal","NO THANKS, I DON'T WANT TO SAVE","Artificial urgency, false scarcity, or social pressure to accelerate purchase.","Apache-2.0","2022"
"EC-00656","Authenticity Guaranteed",0,"None","ecommerce","ec_darkpattern","observed_crawler","ec_site_page_414","414",False,"normal","","","Apache-2.0","2022"
"EC-00657","GeekVape Pursue a Healthy Vaping Experience",0,"None","ecommerce","ec_darkpattern","observed_crawler","ec_site_page_117","117",False,"normal","","","Apache-2.0","2022"
"EC-00659","HURRY! 3 left in stock!",1,"Scarcity","ecommerce","ec_darkpattern","observed_crawler","ec_site_page_1340","1340",False,"normal","HURRY! 3 left in stock!","Artificial urgency, false scarcity, or social pressure to accelerate purchase.","Apache-2.0","2022"
"EC-00660","Nectar",0,"None","ecommerce","ec_darkpattern","observed_crawler","ec_site_page_158","158",False,"normal","","","Apache-2.0","2022"
"EC-00661","My Project Lists",0,"None","ecommerce","ec_darkpattern","observed_crawler","ec_site_page_1451","1451",False,"normal","","","Apache-2.0","2022"
"EC-00662","Adjustable Cuffs With Inner Knitted Cuff",0,"None","ecommerce","ec_darkpattern","observed_crawler","ec_site_page_300","300",False,"normal","","","Apache-2.0","2022"
"EC-00666","The Dry Direct Ultimate is a great product, the best we have found. Customer service is very efficient, and deliveries have always been on time. We are very satisfied with Parentgiving in all aspects.",0,"None","ecommerce","ec_darkpattern","observed_crawler","ec_site_page_1044","1044",False,"normal","","","Apache-2.0","2022"
"EC-00668","Only 65 Items Left.",1,"Scarcity","ecommerce","ec_darkpattern","observed_crawler","ec_site_page_1627","1627",False,"normal","Only 65 Items Left.","Artificial urgency, false scarcity, or social pressure to accelerate purchase.","Apache-2.0","2022"
"EC-00670","I Don't Like to Save Money",1,"Misdirection","ecommerce","ec_darkpattern","observed_crawler","ec_site_page_459","459",False,"normal","I Don't Like to Save Money","Artificial urgency, false scarcity, or social pressure to accelerate purchase.","Apache-2.0","2022"
"EC-00671","In Stock, Only 1 Left!",1,"Scarcity","ecommerce","ec_darkpattern","observed_crawler","ec_site_page_1350","1350",False,"normal","In Stock, Only 1 Left!","Artificial urgency, false scarcity, or social pressure to accelerate purchase.","Apache-2.0","2022"
"EC-00672","Really good quality contacts and they work well on my eyes. Would definitely order again!!!!",0,"None","ecommerce","ec_darkpattern","observed_crawler","ec_site_page_113","113",False,"normal","","","Apache-2.0","2022"
"EC-00675","Report a Fake Product",0,"None","ecommerce","ec_darkpattern","observed_crawler","ec_site_page_1736","1736",False,"normal","","","Apache-2.0","2022"
"EC-00676","Shop All NFL",0,"None","ecommerce","ec_darkpattern","observed_crawler","ec_site_page_1026","1026",False,"normal","","","Apache-2.0","2022"
"EC-00677","Tapestry Guide",0,"None","ecommerce","ec_darkpattern","observed_crawler","ec_site_page_1446","1446",False,"normal","","","Apache-2.0","2022"
"EC-00681","I'LL PAY FULL PRICE",1,"Misdirection","ecommerce","ec_darkpattern","observed_crawler","ec_site_page_369","369",False,"normal","I'LL PAY FULL PRICE","Artificial urgency, false scarcity, or social pressure to accelerate purchase.","Apache-2.0","2022"
"EC-00682","gifts for wife",0,"None","ecommerce","ec_darkpattern","observed_crawler","ec_site_page_1241","1241",False,"normal","","","Apache-2.0","2022"
"EC-00683","Hurry only 1 left!",1,"Scarcity","ecommerce","ec_darkpattern","observed_crawler","ec_site_page_1246","1246",False,"normal","Hurry only 1 left!","Artificial urgency, false scarcity, or social pressure to accelerate purchase.","Apache-2.0","2022"
"EC-00685","No thanks, I’d rather not win.",1,"Misdirection","ecommerce","ec_darkpattern","observed_crawler","ec_site_page_382","382",False,"normal","No thanks, I’d rather not win.","Artificial urgency, false scarcity, or social pressure to accelerate purchase.","Apache-2.0","2022"
"EC-00686","LOW IN STOCK, only 2 left",1,"Scarcity","ecommerce","ec_darkpattern","observed_crawler","ec_site_page_1387","1387",False,"normal","LOW IN STOCK, only 2 left","Artificial urgency, false scarcity, or social pressure to accelerate purchase.","Apache-2.0","2022"
"EC-00687","74% offers claimed. Hurry up!",1,"Scarcity","ecommerce","ec_darkpattern","observed_crawler","ec_site_page_1192","1192",False,"normal","74% offers claimed. Hurry up!","Artificial urgency, false scarcity, or social pressure to accelerate purchase.","Apache-2.0","2022"
"EC-00691","You have no items in your basket.",0,"None","ecommerce","ec_darkpattern","observed_crawler","ec_site_page_1351","1351",False,"normal","","","Apache-2.0","2022"
"EC-00692","no thanks, I hate fun & games",1,"Misdirection","ecommerce","ec_darkpattern","observed_crawler","ec_site_page_362","362",False,"normal","no thanks, I hate fun & games","Artificial urgency, false scarcity, or social pressure to accelerate purchase.","Apache-2.0","2022"
"EC-00693","00 Days 02 Hrs 26 Mins 12 Sec Sale Ends Once The Timer Hits Zero!",1,"Urgency","ecommerce","ec_darkpattern","observed_crawler","ec_site_page_529","529",False,"normal","00 Days 02 Hrs 26 Mins 12 Sec Sale Ends Once The Timer Hits Zero!","Artificial urgency, false scarcity, or social pressure to accelerate purchase.","Apache-2.0","2022"
"EC-00694","Soft Flexible (Classic)",0,"None","ecommerce","ec_darkpattern","observed_crawler","ec_site_page_811","811",False,"normal","","","Apache-2.0","2022"
"EC-00695","Glasses and Goggles",0,"None","ecommerce","ec_darkpattern","observed_crawler","ec_site_page_306","306",False,"normal","","","Apache-2.0","2022"
"EC-00696","Zero Gravity Lift Chairs",0,"None","ecommerce","ec_darkpattern","observed_crawler","ec_site_page_1044","1044",False,"normal","","","Apache-2.0","2022"
"EC-00698","tuvia eisenberg Systematics in Tel Aviv, Israel purchased a",1,"Social Proof","ecommerce","ec_darkpattern","observed_crawler","ec_site_page_112","112",False,"normal","tuvia eisenberg Systematics in Tel Aviv, Israel purchased a","Artificial urgency, false scarcity, or social pressure to accelerate purchase.","Apache-2.0","2022"
"EC-00699","Your Cart Will Expire In 09:58 minutes!Please note that these items may not be available again if you release them.",1,"Urgency","ecommerce","ec_darkpattern","observed_crawler","ec_site_page_683","683",False,"normal","Your Cart Will Expire In 09:58 minutes!Please note that these items may not be available again if you release them.","Artificial urgency, false scarcity, or social pressure to accelerate purchase.","Apache-2.0","2022"
"EC-00700","All Cross Stitch Patterns",0,"None","ecommerce","ec_darkpattern","observed_crawler","ec_site_page_1446","1446",False,"normal","","","Apache-2.0","2022"
"EC-00701","Year of Ours",0,"None","ecommerce","ec_darkpattern","observed_crawler","ec_site_page_1330","1330",False,"normal","","","Apache-2.0","2022"
"EC-00704","Tretorn",0,"None","ecommerce","ec_darkpattern","observed_crawler","ec_site_page_1330","1330",False,"normal","","","Apache-2.0","2022"
"EC-00705","Loyalty Points",0,"None","ecommerce","ec_darkpattern","observed_crawler","ec_site_page_907","907",False,"normal","","","Apache-2.0","2022"
"EC-00708","SAVE 10% On All Orders. No Voucher Code Needed Expires in 18:07:59.",1,"Urgency","ecommerce","ec_darkpattern","observed_crawler","ec_site_page_849","849",False,"normal","SAVE 10% On All Orders. No Voucher Code Needed Expires in 18:07:59.","Artificial urgency, false scarcity, or social pressure to accelerate purchase.","Apache-2.0","2022"
"EC-00710","One customer bought this article in the last 53 min.",1,"Social Proof","ecommerce","ec_darkpattern","observed_crawler","ec_site_page_291","291",False,"normal","One customer bought this article in the last 53 min.","Artificial urgency, false scarcity, or social pressure to accelerate purchase.","Apache-2.0","2022"
"EC-00711","Highlight Hover",0,"None","ecommerce","ec_darkpattern","observed_crawler","ec_site_page_4","4",False,"normal","","","Apache-2.0","2022"
"EC-00712","Disposable Washcloths",0,"None","ecommerce","ec_darkpattern","observed_crawler","ec_site_page_1044","1044",False,"normal","","","Apache-2.0","2022"
"EC-00713","Accuscreens",0,"None","ecommerce","ec_darkpattern","observed_crawler","ec_site_page_1051","1051",False,"normal","","","Apache-2.0","2022"
"EC-00714","Jumpers + Sweaters",0,"None","ecommerce","ec_darkpattern","observed_crawler","ec_site_page_1197","1197",False,"normal","","","Apache-2.0","2022"
"EC-00715","Contact Lens Washer",0,"None","ecommerce","ec_darkpattern","observed_crawler","ec_site_page_113","113",False,"normal","","","Apache-2.0","2022"
"EC-00718","2 people are looking at this listing now",1,"Social Proof","ecommerce","ec_darkpattern","observed_crawler","ec_site_page_18","18",False,"normal","2 people are looking at this listing now","Artificial urgency, false scarcity, or social pressure to accelerate purchase.","Apache-2.0","2022"
"EC-00720","1 left at this price",1,"Scarcity","ecommerce","ec_darkpattern","observed_crawler","ec_site_page_1175","1175",False,"normal","1 left at this price","Artificial urgency, false scarcity, or social pressure to accelerate purchase.","Apache-2.0","2022"
"EC-00721","BACK TO TOP",0,"None","ecommerce","ec_darkpattern","observed_crawler","ec_site_page_1051","1051",False,"normal","","","Apache-2.0","2022"
"EC-00723","Protect Your Gear",1,"Misdirection","ecommerce","ec_darkpattern","observed_crawler","ec_site_page_1732","1732",False,"normal","Protect Your Gear","Artificial urgency, false scarcity, or social pressure to accelerate purchase.","Apache-2.0","2022"
"EC-00726","We are currently accepting and processing orders from following:",0,"None","ecommerce","ec_darkpattern","observed_crawler","ec_site_page_108","108",False,"normal","","","Apache-2.0","2022"
"EC-00728","210+ bought",1,"Social Proof","ecommerce","ec_darkpattern","observed_crawler","ec_site_page_191","191",False,"normal","210+ bought","Artificial urgency, false scarcity, or social pressure to accelerate purchase.","Apache-2.0","2022"
"EC-00730","SHIPPING INFO",0,"None","ecommerce","ec_darkpattern","observed_crawler","ec_site_page_1367","1367",False,"normal","","","Apache-2.0","2022"
"EC-00733","All You™",0,"None","ecommerce","ec_darkpattern","observed_crawler","ec_site_page_1759","1759",False,"normal","","","Apache-2.0","2022"
"EC-00735","Summer Casual Printed Short Sleeve T-Shirt",0,"None","ecommerce","ec_darkpattern","observed_crawler","ec_site_page_622","622",False,"normal","","","Apache-2.0","2022"
"EC-00738","Know exactly what’s going on at home and be alerted of emergencies in real time.",0,"None","ecommerce","ec_darkpattern","observed_crawler","ec_site_page_103","103",False,"normal","","","Apache-2.0","2022"
"EC-00740","Competitor Price: $172.00",1,"Misdirection","ecommerce","ec_darkpattern","observed_crawler","ec_site_page_1810","1810",False,"normal","Competitor Price: $172.00","Artificial urgency, false scarcity, or social pressure to accelerate purchase.","Apache-2.0","2022"
"EC-00741","No thanks, I'd rather pay more",1,"Misdirection","ecommerce","ec_darkpattern","observed_crawler","ec_site_page_438","438",False,"normal","No thanks, I'd rather pay more","Artificial urgency, false scarcity, or social pressure to accelerate purchase.","Apache-2.0","2022"
"EC-00742","6 items left! Order soon.",1,"Scarcity","ecommerce","ec_darkpattern","observed_crawler","ec_site_page_1151","1151",False,"normal","6 items left! Order soon.","Artificial urgency, false scarcity, or social pressure to accelerate purchase.","Apache-2.0","2022"
"EC-00743","Sports",0,"None","ecommerce","ec_darkpattern","observed_crawler","ec_site_page_811","811",False,"normal","","","Apache-2.0","2022"
"EC-00744","ONLY 20 LEFT IN STOCK",1,"Scarcity","ecommerce","ec_darkpattern","observed_crawler","ec_site_page_1582","1582",False,"normal","ONLY 20 LEFT IN STOCK","Artificial urgency, false scarcity, or social pressure to accelerate purchase.","Apache-2.0","2022"
"EC-00745","Immunity & Well BeingLean Muscle MassWeight LossBulk GainStress & Relaxation",0,"None","ecommerce","ec_darkpattern","observed_crawler","ec_site_page_414","414",False,"normal","","","Apache-2.0","2022"
"EC-00746","By Brand All Men's Brands",0,"None","ecommerce","ec_darkpattern","observed_crawler","ec_site_page_1604","1604",False,"normal","","","Apache-2.0","2022"
"EC-00747","Customer Feedback",0,"None","ecommerce","ec_darkpattern","observed_crawler","ec_site_page_1673","1673",False,"normal","","","Apache-2.0","2022"
"EC-00750","No thanks, I don't want 15% off",1,"Misdirection","ecommerce","ec_darkpattern","observed_crawler","ec_site_page_364","364",False,"normal","No thanks, I don't want 15% off","Artificial urgency, false scarcity, or social pressure to accelerate purchase.","Apache-2.0","2022"
"EC-00751","The presence of flowers is enough to make any occasion or moment truly a memorable affair. Flowers can make an ordinary room extremely beautiful. Flowers are widely used in decorations, as gifts, or even as ornaments on various dresses. People can explore a variety of fresh vibrant flowers such as roses, tulips, orchids, carnations, sunflowers, chrysanthemums and a lot more through the help of our online gifting store. All these beautiful flowers will be delivered at your desired destination in blooming condition only. With an unmatched beauty and fragrance, these gorgeous and lovely flowers can easily mesmerise any individual in an effortless manner.",0,"None","ecommerce","ec_darkpattern","observed_crawler","ec_site_page_680","680",False,"normal","","","Apache-2.0","2022"
"EC-00752","Ashley in Auburn, United States purchased a Check Plz iPhone X/Xs Case about 24 minutes ago",1,"Social Proof","ecommerce","ec_darkpattern","observed_crawler","ec_site_page_307","307",False,"normal","Ashley in Auburn, United States purchased a Check Plz iPhone X/Xs Case about 24 minutes ago","Artificial urgency, false scarcity, or social pressure to accelerate purchase.","Apache-2.0","2022"
"EC-00753","99 people are looking at this right now",1,"Social Proof","ecommerce","ec_darkpattern","observed_crawler","ec_site_page_193","193",False,"normal","99 people are looking at this right now","Artificial urgency, false scarcity, or social pressure to accelerate purchase.","Apache-2.0","2022"
"EC-00754","Someone from South Gate, California just purchased the Admiral JR / Spektrum Servo Connector Plug Set (Male and Female - 2 Pairs)",1,"Social Proof","ecommerce","ec_darkpattern","observed_crawler","ec_site_page_237","237",False,"normal","Someone from South Gate, California just purchased the Admiral JR / Spektrum Servo Connector Plug Set (Male and Female - 2 Pairs)","Artificial urgency, false scarcity, or social pressure to accelerate purchase.","Apache-2.0","2022"
"EC-00756","All Birthday Gifts",0,"None","ecommerce","ec_darkpattern","observed_crawler","ec_site_page_680","680",False,"normal","","","Apache-2.0","2022"
"EC-00757","Rainbow Li",0,"None","ecommerce","ec_darkpattern","observed_crawler","ec_site_page_1609","1609",False,"normal","","","Apache-2.0","2022"
"EC-00761","Almost Sold Out! Only 2 Left.",1,"Scarcity","ecommerce","ec_darkpattern","observed_crawler","ec_site_page_1461","1461",False,"normal","Almost Sold Out! Only 2 Left.","Artificial urgency, false scarcity, or social pressure to accelerate purchase.","Apache-2.0","2022"
"EC-00762","Pay With:",0,"None","ecommerce","ec_darkpattern","observed_crawler","ec_site_page_287","287",False,"normal","","","Apache-2.0","2022"
"EC-00763","Days left until the offer ends: 00 Days 04:43:35",1,"Urgency","ecommerce","ec_darkpattern","observed_crawler","ec_site_page_623","623",False,"normal","Days left until the offer ends: 00 Days 04:43:35","Artificial urgency, false scarcity, or social pressure to accelerate purchase.","Apache-2.0","2022"
"EC-00765","School Shoes",0,"None","ecommerce","ec_darkpattern","observed_crawler","ec_site_page_1604","1604",False,"normal","","","Apache-2.0","2022"
"EC-00766","V-neck Casual Loose Embroidered Short Sleeve Blouse",0,"None","ecommerce","ec_darkpattern","observed_crawler","ec_site_page_622","622",False,"normal","","","Apache-2.0","2022"
"EC-00769","104 people viewed this product recently!",1,"Social Proof","ecommerce","ec_darkpattern","observed_crawler","ec_site_page_135","135",False,"normal","104 people viewed this product recently!","Artificial urgency, false scarcity, or social pressure to accelerate purchase.","Apache-2.0","2022"
"EC-00770","Material: Made with Cordura fabric",0,"None","ecommerce","ec_darkpattern","observed_crawler","ec_site_page_306","306",False,"normal","","","Apache-2.0","2022"
"EC-00772","Recent searches",0,"None","ecommerce","ec_darkpattern","observed_crawler","ec_site_page_209","209",False,"normal","","","Apache-2.0","2022"
"EC-00774","Only A Few Left",1,"Scarcity","ecommerce","ec_darkpattern","observed_crawler","ec_site_page_1407","1407",False,"normal","Only A Few Left","Artificial urgency, false scarcity, or social pressure to accelerate purchase.","Apache-2.0","2022"
"EC-00775","Apple iPhone X »",0,"None","ecommerce","ec_darkpattern","observed_crawler","ec_site_page_569","569",False,"normal","","","Apache-2.0","2022"
"EC-00777","Certified Face Masks",0,"None","ecommerce","ec_darkpattern","observed_crawler","ec_site_page_1428","1428",False,"normal","","","Apache-2.0","2022"
"EC-00778","Price Low To High",0,"None","ecommerce","ec_darkpattern","observed_crawler","ec_site_page_1736","1736",False,"normal","","","Apache-2.0","2022"
"EC-00782","SAVE TODAY: Save 20% on lighting by Le Klint. Limited time only.",1,"Urgency","ecommerce","ec_darkpattern","observed_crawler","ec_site_page_1066","1066",False,"normal","SAVE TODAY: Save 20% on lighting by Le Klint. Limited time only.","Artificial urgency, false scarcity, or social pressure to accelerate purchase.","Apache-2.0","2022"
"EC-00783","Only 3 Left! Get it before it`s gone!",1,"Scarcity","ecommerce","ec_darkpattern","observed_crawler","ec_site_page_1578","1578",False,"normal","Only 3 Left! Get it before it`s gone!","Artificial urgency, false scarcity, or social pressure to accelerate purchase.","Apache-2.0","2022"
"EC-00784","No thanks, I'll be the last to know.",1,"Misdirection","ecommerce","ec_darkpattern","observed_crawler","ec_site_page_473","473",False,"normal","No thanks, I'll be the last to know.","Artificial urgency, false scarcity, or social pressure to accelerate purchase.","Apache-2.0","2022"
"EC-00785","Hurry Up ! Just 2 Items Left in stock",1,"Scarcity","ecommerce","ec_darkpattern","observed_crawler","ec_site_page_1694","1694",False,"normal","Hurry Up ! Just 2 Items Left in stock","Artificial urgency, false scarcity, or social pressure to accelerate purchase.","Apache-2.0","2022"
"EC-00786","Toe Ring",0,"None","ecommerce","ec_darkpattern","observed_crawler","ec_site_page_1653","1653",False,"normal","","","Apache-2.0","2022"
"EC-00788","62 people have looked at this item in the last few hours.",1,"Social Proof","ecommerce","ec_darkpattern","observed_crawler","ec_site_page_248","248",False,"normal","62 people have looked at this item in the last few hours.","Artificial urgency, false scarcity, or social pressure to accelerate purchase.","Apache-2.0","2022"
"EC-00790","8 customers have bought today",1,"Social Proof","ecommerce","ec_darkpattern","observed_crawler","ec_site_page_124","124",False,"normal","8 customers have bought today","Artificial urgency, false scarcity, or social pressure to accelerate purchase.","Apache-2.0","2022"
"EC-00791","My Reviews",0,"None","ecommerce","ec_darkpattern","observed_crawler","ec_site_page_287","287",False,"normal","","","Apache-2.0","2022"
"EC-00794","Only 1 left!",1,"Scarcity","ecommerce","ec_darkpattern","observed_crawler","ec_site_page_1087","1087",False,"normal","Only 1 left!","Artificial urgency, false scarcity, or social pressure to accelerate purchase.","Apache-2.0","2022"
"EC-00799","A very fun outfit for a less formal event like a sangeet! Husband said the bell bottom type pants were fun to dance in :)",0,"None","ecommerce","ec_darkpattern","observed_crawler","ec_site_page_724","724",False,"normal","","","Apache-2.0","2022"
"EC-00801","No Thanks, I'll let this offer sail away",1,"Misdirection","ecommerce","ec_darkpattern","observed_crawler","ec_site_page_458","458",False,"normal","No Thanks, I'll let this offer sail away","Artificial urgency, false scarcity, or social pressure to accelerate purchase.","Apache-2.0","2022"
"EC-00802","Stay in the Know",0,"None","ecommerce","ec_darkpattern","observed_crawler","ec_site_page_991","991",False,"normal","","","Apache-2.0","2022"
"EC-00803","V-neck Casual Loose Vintage Print Short Sleeve T-shirt",0,"None","ecommerce","ec_darkpattern","observed_crawler","ec_site_page_622","622",False,"normal","","","Apache-2.0","2022"
"EC-00805","Thank you for posting a question!",0,"None","ecommerce","ec_darkpattern","observed_crawler","ec_site_page_108","108",False,"normal","","","Apache-2.0","2022"
"EC-00806","Installation InstructionsPolicies & Terms of UseFinancingSite Map",0,"None","ecommerce","ec_darkpattern","observed_crawler","ec_site_page_628","628",False,"normal","","","Apache-2.0","2022"
"EC-00807","Golf Shop",0,"None","ecommerce","ec_darkpattern","observed_crawler","ec_site_page_350","350",False,"normal","","","Apache-2.0","2022"
"EC-00808","Plastic",0,"None","ecommerce","ec_darkpattern","observed_crawler","ec_site_page_680","680",False,"normal","","","Apache-2.0","2022"
"EC-00810","Hugs and Kisses Rose Bouquet $44.99 Discount -$6.75 Delivery $13.99 Tax $3.46 Item Total $55.69",1,"Sneaking","ecommerce","ec_darkpattern","observed_crawler","ec_site_page_917","917",False,"normal","Hugs and Kisses Rose Bouquet $44.99 Discount -$6.75 Delivery $13.99 Tax $3.46 Item Total $55.69","Artificial urgency, false scarcity, or social pressure to accelerate purchase.","Apache-2.0","2022"
"EC-00816","5 people are looking at this product right now",1,"Social Proof","ecommerce","ec_darkpattern","observed_crawler","ec_site_page_136","136",False,"normal","5 people are looking at this product right now","Artificial urgency, false scarcity, or social pressure to accelerate purchase.","Apache-2.0","2022"
"EC-00817","Get The Look The Full Story Shop Now Read More",0,"None","ecommerce","ec_darkpattern","observed_crawler","ec_site_page_833","833",False,"normal","","","Apache-2.0","2022"
"EC-00818","Don’t worry. We’ve got your back.",0,"None","ecommerce","ec_darkpattern","observed_crawler","ec_site_page_4","4",False,"normal","","","Apache-2.0","2022"
"EC-00819","Hurry up! Discount Ends in DAYS HRS MINS SECS",1,"Urgency","ecommerce","ec_darkpattern","observed_crawler","ec_site_page_543","543",False,"normal","Hurry up! Discount Ends in DAYS HRS MINS SECS","Artificial urgency, false scarcity, or social pressure to accelerate purchase.","Apache-2.0","2022"
"EC-00821","C.P. Company",0,"None","ecommerce","ec_darkpattern","observed_crawler","ec_site_page_1373","1373",False,"normal","","","Apache-2.0","2022"
"EC-00822","In other users' carts 59",1,"Social Proof","ecommerce","ec_darkpattern","observed_crawler","ec_site_page_75","75",False,"normal","In other users' carts 59","Artificial urgency, false scarcity, or social pressure to accelerate purchase.","Apache-2.0","2022"
"EC-00823","Nicholas Kirkwood",0,"None","ecommerce","ec_darkpattern","observed_crawler","ec_site_page_1330","1330",False,"normal","","","Apache-2.0","2022"
"EC-00824","Aids mental processing†",0,"None","ecommerce","ec_darkpattern","observed_crawler","ec_site_page_1759","1759",False,"normal","","","Apache-2.0","2022"
"EC-00825","Awhi from Hicks Bay, Gisborne, New Zealand just bought",1,"Social Proof","ecommerce","ec_darkpattern","observed_crawler","ec_site_page_218","218",False,"normal","Awhi from Hicks Bay, Gisborne, New Zealand just bought","Artificial urgency, false scarcity, or social pressure to accelerate purchase.","Apache-2.0","2022"
"EC-00826","Crossbody & Belt Bags",0,"None","ecommerce","ec_darkpattern","observed_crawler","ec_site_page_1434","1434",False,"normal","","","Apache-2.0","2022"
"EC-00831","AboutOur StoryOur MissionOur ProductsIn the News",0,"None","ecommerce","ec_darkpattern","observed_crawler","ec_site_page_272","272",False,"normal","","","Apache-2.0","2022"
"EC-00833","23 People viewing this product",1,"Social Proof","ecommerce","ec_darkpattern","observed_crawler","ec_site_page_131","131",False,"normal","23 People viewing this product","Artificial urgency, false scarcity, or social pressure to accelerate purchase.","Apache-2.0","2022"
"EC-00836","Transmission and Driveline",0,"None","ecommerce","ec_darkpattern","observed_crawler","ec_site_page_1451","1451",False,"normal","","","Apache-2.0","2022"
"EC-00837","James in Cashion, Oklahoma just bought Glossy Black Brick Geode / Amber Gradient Fast Lanes",1,"Social Proof","ecommerce","ec_darkpattern","observed_crawler","ec_site_page_57","57",False,"normal","James in Cashion, Oklahoma just bought Glossy Black Brick Geode / Amber Gradient Fast Lanes","Artificial urgency, false scarcity, or social pressure to accelerate purchase.","Apache-2.0","2022"
"EC-00838","Fast Mover: 35 PEOPLE added this to cart today!",1,"Social Proof","ecommerce","ec_darkpattern","observed_crawler","ec_site_page_234","234",False,"normal","Fast Mover: 35 PEOPLE added this to cart today!","Artificial urgency, false scarcity, or social pressure to accelerate purchase.","Apache-2.0","2022"
"EC-00839","Metal - Brass , hollow from inside",0,"None","ecommerce","ec_darkpattern","observed_crawler","ec_site_page_1317","1317",False,"normal","","","Apache-2.0","2022"
"EC-00840","No thank you, I prefer to pay full price",1,"Misdirection","ecommerce","ec_darkpattern","observed_crawler","ec_site_page_412","412",False,"normal","No thank you, I prefer to pay full price","Artificial urgency, false scarcity, or social pressure to accelerate purchase.","Apache-2.0","2022"
"EC-00841","to read up about",0,"None","ecommerce","ec_darkpattern","observed_crawler","ec_site_page_1026","1026",False,"normal","","","Apache-2.0","2022"
"EC-00842","• State-by-State Restrictions",0,"None","ecommerce","ec_darkpattern","observed_crawler","ec_site_page_664","664",False,"normal","","","Apache-2.0","2022"
"EC-00843","DON'T LET 'EM GET AWAY Several people have recently viewed this item.",1,"Social Proof","ecommerce","ec_darkpattern","observed_crawler","ec_site_page_147","147",False,"normal","DON'T LET 'EM GET AWAY Several people have recently viewed this item.","Artificial urgency, false scarcity, or social pressure to accelerate purchase.","Apache-2.0","2022"
"EC-00844","No thanks. I prefer paying full price.",1,"Misdirection","ecommerce","ec_darkpattern","observed_crawler","ec_site_page_436","436",False,"normal","No thanks. I prefer paying full price.","Artificial urgency, false scarcity, or social pressure to accelerate purchase.","Apache-2.0","2022"
"EC-00845","Crystal Li in Flushing, United States purchased a",1,"Social Proof","ecommerce","ec_darkpattern","observed_crawler","ec_site_page_10","10",False,"normal","Crystal Li in Flushing, United States purchased a","Artificial urgency, false scarcity, or social pressure to accelerate purchase.","Apache-2.0","2022"
"EC-00846","Only 5 Left in Stock. Buy Soon!",1,"Scarcity","ecommerce","ec_darkpattern","observed_crawler","ec_site_page_1416","1416",False,"normal","Only 5 Left in Stock. Buy Soon!","Artificial urgency, false scarcity, or social pressure to accelerate purchase.","Apache-2.0","2022"
"EC-00847","PG Picks: Skin Care for Incontinence",0,"None","ecommerce","ec_darkpattern","observed_crawler","ec_site_page_1044","1044",False,"normal","","","Apache-2.0","2022"
"EC-00848","Carl F. from Fort Ann, NY bought a King",1,"Social Proof","ecommerce","ec_darkpattern","observed_crawler","ec_site_page_245","245",False,"normal","Carl F. from Fort Ann, NY bought a King","Artificial urgency, false scarcity, or social pressure to accelerate purchase.","Apache-2.0","2022"
"EC-00851","Edwin in Woodland Park, NJ just bought",1,"Social Proof","ecommerce","ec_darkpattern","observed_crawler","ec_site_page_139","139",False,"normal","Edwin in Woodland Park, NJ just bought","Artificial urgency, false scarcity, or social pressure to accelerate purchase.","Apache-2.0","2022"
"EC-00853","83% offers claimed. Hurry up!",1,"Scarcity","ecommerce","ec_darkpattern","observed_crawler","ec_site_page_1136","1136",False,"normal","83% offers claimed. Hurry up!","Artificial urgency, false scarcity, or social pressure to accelerate purchase.","Apache-2.0","2022"
"EC-00854","Loading",0,"None","ecommerce","ec_darkpattern","observed_crawler","ec_site_page_1289","1289",False,"normal","","","Apache-2.0","2022"
"EC-00857","from Korea, South",0,"None","ecommerce","ec_darkpattern","observed_crawler","ec_site_page_1333","1333",False,"normal","","","Apache-2.0","2022"
"EC-00858","Jeremy in Stockton, United States purchased a",1,"Social Proof","ecommerce","ec_darkpattern","observed_crawler","ec_site_page_180","180",False,"normal","Jeremy in Stockton, United States purchased a","Artificial urgency, false scarcity, or social pressure to accelerate purchase.","Apache-2.0","2022"
"EC-00860","Alchemy Books",0,"None","ecommerce","ec_darkpattern","observed_crawler","ec_site_page_1317","1317",False,"normal","","","Apache-2.0","2022"
"EC-00862","Only 1 products left",1,"Scarcity","ecommerce","ec_darkpattern","observed_crawler","ec_site_page_1336","1336",False,"normal","Only 1 products left","Artificial urgency, false scarcity, or social pressure to accelerate purchase.","Apache-2.0","2022"
"EC-00865","715 people have added this item to cart",1,"Social Proof","ecommerce","ec_darkpattern","observed_crawler","ec_site_page_266","266",False,"normal","715 people have added this item to cart","Artificial urgency, false scarcity, or social pressure to accelerate purchase.","Apache-2.0","2022"
"EC-00866","Black / White Refine by Color: Black / White",0,"None","ecommerce","ec_darkpattern","observed_crawler","ec_site_page_1736","1736",False,"normal","","","Apache-2.0","2022"
"EC-00867","Call It Spring",0,"None","ecommerce","ec_darkpattern","observed_crawler","ec_site_page_1673","1673",False,"normal","","","Apache-2.0","2022"
"EC-00869","Infrared Night Vision",0,"None","ecommerce","ec_darkpattern","observed_crawler","ec_site_page_103","103",False,"normal","","","Apache-2.0","2022"
"EC-00870","Download mobile app",0,"None","ecommerce","ec_darkpattern","observed_crawler","ec_site_page_680","680",False,"normal","","","Apache-2.0","2022"
"EC-00872","00DAYS02HRS14MINS1211SEC",1,"Urgency","ecommerce","ec_darkpattern","observed_crawler","ec_site_page_497","497",False,"normal","00DAYS02HRS14MINS1211SEC","Artificial urgency, false scarcity, or social pressure to accelerate purchase.","Apache-2.0","2022"
"EC-00873","RegionBracket Right",0,"None","ecommerce","ec_darkpattern","observed_crawler","ec_site_page_133","133",False,"normal","","","Apache-2.0","2022"
"EC-00875","24 people have purchased this wine today",1,"Social Proof","ecommerce","ec_darkpattern","observed_crawler","ec_site_page_122","122",False,"normal","24 people have purchased this wine today","Artificial urgency, false scarcity, or social pressure to accelerate purchase.","Apache-2.0","2022"
"EC-00877","Hurry! Less than 10 left!",1,"Scarcity","ecommerce","ec_darkpattern","observed_crawler","ec_site_page_1610","1610",False,"normal","Hurry! Less than 10 left!","Artificial urgency, false scarcity, or social pressure to accelerate purchase.","Apache-2.0","2022"
"EC-00879","We don't give out your details to third parties.",0,"None","ecommerce","ec_darkpattern","observed_crawler","ec_site_page_754","754",False,"normal","","","Apache-2.0","2022"
"EC-00880","Short Sleeve T-Shirts",0,"None","ecommerce","ec_darkpattern","observed_crawler","ec_site_page_1499","1499",False,"normal","","","Apache-2.0","2022"
"EC-00881","ONLY 13 LEFT",1,"Scarcity","ecommerce","ec_darkpattern","observed_crawler","ec_site_page_1696","1696",False,"normal","ONLY 13 LEFT","Artificial urgency, false scarcity, or social pressure to accelerate purchase.","Apache-2.0","2022"
"EC-00883","Tires",0,"None","ecommerce","ec_darkpattern","observed_crawler","ec_site_page_61","61",False,"normal","","","Apache-2.0","2022"
"EC-00884","Someone in Egypt bought",1,"Social Proof","ecommerce","ec_darkpattern","observed_crawler","ec_site_page_96","96",False,"normal","Someone in Egypt bought","Artificial urgency, false scarcity, or social pressure to accelerate purchase.","Apache-2.0","2022"
"EC-00889","Women's Go-Tos",0,"None","ecommerce","ec_darkpattern","observed_crawler","ec_site_page_1026","1026",False,"normal","","","Apache-2.0","2022"
"EC-00890","This genuine Spanish espadrille impressed our buyers so much they ordered them in a variety of gorgeous colours. With its uncomplicated design, plush leather sole and a practical platform wedge, you'll have a hard time getting through the warmer months without them. They're perfect for the beach, casual weekend barbeques or brunch with the girls.",0,"None","ecommerce","ec_darkpattern","observed_crawler","ec_site_page_1604","1604",False,"normal","","","Apache-2.0","2022"
"EC-00894","All Brands A-Z",0,"None","ecommerce","ec_darkpattern","observed_crawler","ec_site_page_1373","1373",False,"normal","","","Apache-2.0","2022"
"EC-00897","Photography Projector",0,"None","ecommerce","ec_darkpattern","observed_crawler","ec_site_page_1051","1051",False,"normal","","","Apache-2.0","2022"
"EC-00899","Diamond Nose Studs",0,"None","ecommerce","ec_darkpattern","observed_crawler","ec_site_page_1241","1241",False,"normal","","","Apache-2.0","2022"
"EC-00901","Customize your phone with hundreds of grips, cases, wallets, and more.",0,"None","ecommerce","ec_darkpattern","observed_crawler","ec_site_page_1736","1736",False,"normal","","","Apache-2.0","2022"
"EC-00903","Only 1 item left in stock",1,"Scarcity","ecommerce","ec_darkpattern","observed_crawler","ec_site_page_1653","1653",False,"normal","Only 1 item left in stock","Artificial urgency, false scarcity, or social pressure to accelerate purchase.","Apache-2.0","2022"
"EC-00904","Add to Wish List Add to Compare",0,"None","ecommerce","ec_darkpattern","observed_crawler","ec_site_page_1197","1197",False,"normal","","","Apache-2.0","2022"
"EC-00907","Italy € EUR",0,"None","ecommerce","ec_darkpattern","observed_crawler","ec_site_page_984","984",False,"normal","","","Apache-2.0","2022"
"EC-00909","Fewer than 5 left!",1,"Scarcity","ecommerce","ec_darkpattern","observed_crawler","ec_site_page_1323","1323",False,"normal","Fewer than 5 left!","Artificial urgency, false scarcity, or social pressure to accelerate purchase.","Apache-2.0","2022"
"EC-00912","We guarantee to match a lower online price.",0,"None","ecommerce","ec_darkpattern","observed_crawler","ec_site_page_300","300",False,"normal","","","Apache-2.0","2022"
"EC-00914","Keith in Champaign, Illinois bought Mini USB Audio Cassette to MP3 Converterabout 56 minutes ago",1,"Social Proof","ecommerce","ec_darkpattern","observed_crawler","ec_site_page_6","6",False,"normal","Keith in Champaign, Illinois bought Mini USB Audio Cassette to MP3 Converterabout 56 minutes ago","Artificial urgency, false scarcity, or social pressure to accelerate purchase.","Apache-2.0","2022"
"EC-00915","Select your size below and we'll email you if it comes back in stock!",0,"None","ecommerce","ec_darkpattern","observed_crawler","ec_site_page_1604","1604",False,"normal","","","Apache-2.0","2022"
"EC-00917","About Cheryl's Business Gifts",0,"None","ecommerce","ec_darkpattern","observed_crawler","ec_site_page_920","920",False,"normal","","","Apache-2.0","2022"
"EC-00919","You can either livechat or email our support team with any questions or concerns. We are always ready to help.",0,"None","ecommerce","ec_darkpattern","observed_crawler","ec_site_page_714","714",False,"normal","","","Apache-2.0","2022"
"EC-00920","Only one item left in stock!",1,"Scarcity","ecommerce","ec_darkpattern","observed_crawler","ec_site_page_1159","1159",False,"normal","Only one item left in stock!","Artificial urgency, false scarcity, or social pressure to accelerate purchase.","Apache-2.0","2022"
"EC-00922","LIMITED TIME DEAL!",1,"Urgency","ecommerce","ec_darkpattern","observed_crawler","ec_site_page_991","991",False,"normal","LIMITED TIME DEAL!","Artificial urgency, false scarcity, or social pressure to accelerate purchase.","Apache-2.0","2022"
"EC-00923","Only 3 available",1,"Scarcity","ecommerce","ec_darkpattern","observed_crawler","ec_site_page_1554","1554",False,"normal","Only 3 available","Artificial urgency, false scarcity, or social pressure to accelerate purchase.","Apache-2.0","2022"
"EC-00924","Only 1 left in online stock",1,"Scarcity","ecommerce","ec_darkpattern","observed_crawler","ec_site_page_1202","1202",False,"normal","Only 1 left in online stock","Artificial urgency, false scarcity, or social pressure to accelerate purchase.","Apache-2.0","2022"
"EC-00926","Learn More",0,"None","ecommerce","ec_darkpattern","observed_crawler","ec_site_page_861","861",False,"normal","","","Apache-2.0","2022"
"EC-00927","Paper, Pads & Blocks Toggle category Paper, Pads & Blocks",0,"None","ecommerce","ec_darkpattern","observed_crawler","ec_site_page_907","907",False,"normal","","","Apache-2.0","2022"
"EC-00930","Only 2 copies left",1,"Scarcity","ecommerce","ec_darkpattern","observed_crawler","ec_site_page_1484","1484",False,"normal","Only 2 copies left","Artificial urgency, false scarcity, or social pressure to accelerate purchase.","Apache-2.0","2022"
"EC-00931","Christmas Craft Ideas",0,"None","ecommerce","ec_darkpattern","observed_crawler","ec_site_page_1446","1446",False,"normal","","","Apache-2.0","2022"
"EC-00932","Limited Quantity Available",1,"Scarcity","ecommerce","ec_darkpattern","observed_crawler","ec_site_page_1228","1228",False,"normal","Limited Quantity Available","Artificial urgency, false scarcity, or social pressure to accelerate purchase.","Apache-2.0","2022"
"EC-00933","No Thanks, I Don't Like Exclusive Offers.",1,"Misdirection","ecommerce","ec_darkpattern","observed_crawler","ec_site_page_350","350",False,"normal","No Thanks, I Don't Like Exclusive Offers.","Artificial urgency, false scarcity, or social pressure to accelerate purchase.","Apache-2.0","2022"
"EC-00934","Trey in Sparta, United States purchased Stealth Angel Ultra Lightweight & Portable Sleeping Bag about 45 minutes ago",1,"Social Proof","ecommerce","ec_darkpattern","observed_crawler","ec_site_page_286","286",False,"normal","Trey in Sparta, United States purchased Stealth Angel Ultra Lightweight & Portable Sleeping Bag about 45 minutes ago","Artificial urgency, false scarcity, or social pressure to accelerate purchase.","Apache-2.0","2022"
"EC-00935","2 items left",1,"Scarcity","ecommerce","ec_darkpattern","observed_crawler","ec_site_page_1437","1437",False,"normal","2 items left","Artificial urgency, false scarcity, or social pressure to accelerate purchase.","Apache-2.0","2022"
"EC-00936","PomeloFashion born in AsiaOn trend. Online. On the go.",0,"None","ecommerce","ec_darkpattern","observed_crawler","ec_site_page_1522","1522",False,"normal","","","Apache-2.0","2022"
"EC-00937","Available, only 2 left",1,"Scarcity","ecommerce","ec_darkpattern","observed_crawler","ec_site_page_1591","1591",False,"normal","Available, only 2 left","Artificial urgency, false scarcity, or social pressure to accelerate purchase.","Apache-2.0","2022"
"EC-00939","Cowgirls",0,"None","ecommerce","ec_darkpattern","observed_crawler","ec_site_page_1367","1367",False,"normal","","","Apache-2.0","2022"
"EC-00941","- +",0,"None","ecommerce","ec_darkpattern","observed_crawler","ec_site_page_113","113",False,"normal","","","Apache-2.0","2022"
"EC-00942","If I emailed you how much I love each jersey you’d have an essay coming your way!",0,"None","ecommerce","ec_darkpattern","observed_crawler","ec_site_page_1779","1779",False,"normal","","","Apache-2.0","2022"
"EC-00943","Shirts & Blouses",0,"None","ecommerce","ec_darkpattern","observed_crawler","ec_site_page_264","264",False,"normal","","","Apache-2.0","2022"
"EC-00953","Rudraksha Recommendations",0,"None","ecommerce","ec_darkpattern","observed_crawler","ec_site_page_1317","1317",False,"normal","","","Apache-2.0","2022"
"EC-00954","OFFER ENDS: 09h: 09m: 55s: 0",1,"Urgency","ecommerce","ec_darkpattern","observed_crawler","ec_site_page_818","818",False,"normal","OFFER ENDS: 09h: 09m: 55s: 0","Artificial urgency, false scarcity, or social pressure to accelerate purchase.","Apache-2.0","2022"
"EC-00958","Someone in city just added Radiance - Nebulizing Diffuser® to their cart",1,"Social Proof","ecommerce","ec_darkpattern","observed_crawler","ec_site_page_72","72",False,"normal","Someone in city just added Radiance - Nebulizing Diffuser® to their cart","Artificial urgency, false scarcity, or social pressure to accelerate purchase.","Apache-2.0","2022"
"EC-00959","They look really good with my brown eyes, and they look pretty natural.",0,"None","ecommerce","ec_darkpattern","observed_crawler","ec_site_page_113","113",False,"normal","","","Apache-2.0","2022"
"EC-00961","Hurry! Only 1 Pair left!",1,"Scarcity","ecommerce","ec_darkpattern","observed_crawler","ec_site_page_1362","1362",False,"normal","Hurry! Only 1 Pair left!","Artificial urgency, false scarcity, or social pressure to accelerate purchase.","Apache-2.0","2022"
"EC-00963","Protection Filters",0,"None","ecommerce","ec_darkpattern","observed_crawler","ec_site_page_1648","1648",False,"normal","","","Apache-2.0","2022"
"EC-00965","Interactive Tent Finder",0,"None","ecommerce","ec_darkpattern","observed_crawler","ec_site_page_1609","1609",False,"normal","","","Apache-2.0","2022"
"EC-00966","Cart will expire in 04:53 minutes!",1,"Urgency","ecommerce","ec_darkpattern","observed_crawler","ec_site_page_504","504",False,"normal","Cart will expire in 04:53 minutes!","Artificial urgency, false scarcity, or social pressure to accelerate purchase.","Apache-2.0","2022"
"EC-00968","Hurry, Only 4 Left In Stock. Buy Now!",1,"Scarcity","ecommerce","ec_darkpattern","observed_crawler","ec_site_page_1301","1301",False,"normal","Hurry, Only 4 Left In Stock. Buy Now!","Artificial urgency, false scarcity, or social pressure to accelerate purchase.","Apache-2.0","2022"
"EC-00969","take me back to shopping",0,"None","ecommerce","ec_darkpattern","observed_crawler","ec_site_page_1590","1590",False,"normal","","","Apache-2.0","2022"
"EC-00970","Only 7 left",1,"Scarcity","ecommerce","ec_darkpattern","observed_crawler","ec_site_page_1268","1268",False,"normal","Only 7 left","Artificial urgency, false scarcity, or social pressure to accelerate purchase.","Apache-2.0","2022"
"EC-00971","89% offers claimed. Hurry up!",1,"Scarcity","ecommerce","ec_darkpattern","observed_crawler","ec_site_page_1093","1093",False,"normal","89% offers claimed. Hurry up!","Artificial urgency, false scarcity, or social pressure to accelerate purchase.","Apache-2.0","2022"
"EC-00972","No thanks, I hate cool stuff",1,"Misdirection","ecommerce","ec_darkpattern","observed_crawler","ec_site_page_416","416",False,"normal","No thanks, I hate cool stuff","Artificial urgency, false scarcity, or social pressure to accelerate purchase.","Apache-2.0","2022"
"EC-00977","5 in stock",1,"Scarcity","ecommerce","ec_darkpattern","observed_crawler","ec_site_page_1669","1669",False,"normal","5 in stock","Artificial urgency, false scarcity, or social pressure to accelerate purchase.","Apache-2.0","2022"
"EC-00981","Candy Melts",0,"None","ecommerce","ec_darkpattern","observed_crawler","ec_site_page_1446","1446",False,"normal","","","Apache-2.0","2022"
"EC-00982","Romantic Ball Gown Tulle Spaghetti Sleeveless Tier Flower Dirl Dress",0,"None","ecommerce","ec_darkpattern","observed_crawler","ec_site_page_714","714",False,"normal","","","Apache-2.0","2022"
"EC-00983","Abbie in Calwell, Australia purchased Shark Bite Socks about 1 hour ago",1,"Social Proof","ecommerce","ec_darkpattern","observed_crawler","ec_site_page_272","272",False,"normal","Abbie in Calwell, Australia purchased Shark Bite Socks about 1 hour ago","Artificial urgency, false scarcity, or social pressure to accelerate purchase.","Apache-2.0","2022"
"EC-00984","Last purchase was 18 minutes ago by someone from Dublin",1,"Social Proof","ecommerce","ec_darkpattern","observed_crawler","ec_site_page_195","195",False,"normal","Last purchase was 18 minutes ago by someone from Dublin","Artificial urgency, false scarcity, or social pressure to accelerate purchase.","Apache-2.0","2022"
"EC-00986","Crystal Shivlingas",0,"None","ecommerce","ec_darkpattern","observed_crawler","ec_site_page_1317","1317",False,"normal","","","Apache-2.0","2022"
"EC-00987","Facebook icon",0,"None","ecommerce","ec_darkpattern","observed_crawler","ec_site_page_754","754",False,"normal","","","Apache-2.0","2022"
"EC-00988","Midleton Very Rare",0,"None","ecommerce","ec_darkpattern","observed_crawler","ec_site_page_1489","1489",False,"normal","","","Apache-2.0","2022"
"EC-00989","Pillow & Foam Bed Wedges",0,"None","ecommerce","ec_darkpattern","observed_crawler","ec_site_page_1044","1044",False,"normal","","","Apache-2.0","2022"
"EC-00990","Happiness is to hold flowers in both hands. Furthermore, flowers make for an integral part of all occasions and celebrations........ Read More...",0,"None","ecommerce","ec_darkpattern","observed_crawler","ec_site_page_680","680",False,"normal","","","Apache-2.0","2022"
"EC-00992","Only 7 in Stock!",1,"Scarcity","ecommerce","ec_darkpattern","observed_crawler","ec_site_page_1221","1221",False,"normal","Only 7 in Stock!","Artificial urgency, false scarcity, or social pressure to accelerate purchase.","Apache-2.0","2022"
"EC-00993","Use the left and right arrow keys to navigate the Menu. Use the enter key to activate the submenu on a navigation item. Use escape key to close the submenu.",0,"None","ecommerce","ec_darkpattern","observed_crawler","ec_site_page_1759","1759",False,"normal","","","Apache-2.0","2022"
"EC-00996","No thanks, I don't like FREE stuff.",1,"Misdirection","ecommerce","ec_darkpattern","observed_crawler","ec_site_page_337","337",False,"normal","No thanks, I don't like FREE stuff.","Artificial urgency, false scarcity, or social pressure to accelerate purchase.","Apache-2.0","2022"
"EC-00999","Trending now! Added to basket 38 times today",1,"Social Proof","ecommerce","ec_darkpattern","observed_crawler","ec_site_page_227","227",False,"normal","Trending now! Added to basket 38 times today","Artificial urgency, false scarcity, or social pressure to accelerate purchase.","Apache-2.0","2022"
"EC-01000","Love the way you pay",0,"None","ecommerce","ec_darkpattern","observed_crawler","ec_site_page_984","984",False,"normal","","","Apache-2.0","2022"
"EC-01001","Homeware Trends",0,"None","ecommerce","ec_darkpattern","observed_crawler","ec_site_page_1673","1673",False,"normal","","","Apache-2.0","2022"
"EC-01002","Victoria Victoria Beckham",0,"None","ecommerce","ec_darkpattern","observed_crawler","ec_site_page_1330","1330",False,"normal","","","Apache-2.0","2022"
"EC-01004","LAST 1 LEFT",1,"Scarcity","ecommerce","ec_darkpattern","observed_crawler","ec_site_page_1373","1373",False,"normal","LAST 1 LEFT","Artificial urgency, false scarcity, or social pressure to accelerate purchase.","Apache-2.0","2022"
"EC-01005","Rain Boots",0,"None","ecommerce","ec_darkpattern","observed_crawler","ec_site_page_1330","1330",False,"normal","","","Apache-2.0","2022"
"EC-01007","No thanks, I don't like deals.",1,"Misdirection","ecommerce","ec_darkpattern","observed_crawler","ec_site_page_414","414",False,"normal","No thanks, I don't like deals.","Artificial urgency, false scarcity, or social pressure to accelerate purchase.","Apache-2.0","2022"
"EC-01009","Size low on stock, only 1 item left",1,"Scarcity","ecommerce","ec_darkpattern","observed_crawler","ec_site_page_1205","1205",False,"normal","Size low on stock, only 1 item left","Artificial urgency, false scarcity, or social pressure to accelerate purchase.","Apache-2.0","2022"
"EC-01012","Motion Control System",0,"None","ecommerce","ec_darkpattern","observed_crawler","ec_site_page_1648","1648",False,"normal","","","Apache-2.0","2022"
"EC-01014","View All Home Accents",0,"None","ecommerce","ec_darkpattern","observed_crawler","ec_site_page_158","158",False,"normal","","","Apache-2.0","2022"
"EC-01015","SUBSCRIPTION SUCCESSFUL. THANK YOU!",0,"None","ecommerce","ec_darkpattern","observed_crawler","ec_site_page_113","113",False,"normal","","","Apache-2.0","2022"
"EC-01017","Sale Clothing",0,"None","ecommerce","ec_darkpattern","observed_crawler","ec_site_page_984","984",False,"normal","","","Apache-2.0","2022"
"EC-01018","Fashion Floral Short Sleeve Dress",0,"None","ecommerce","ec_darkpattern","observed_crawler","ec_site_page_622","622",False,"normal","","","Apache-2.0","2022"
"EC-01019","How about one of these hot sellers?",1,"Misdirection","ecommerce","ec_darkpattern","observed_crawler","ec_site_page_1700","1700",False,"normal","How about one of these hot sellers?","Artificial urgency, false scarcity, or social pressure to accelerate purchase.","Apache-2.0","2022"
"EC-01021","Now 20% off, hurry limited time offer!",1,"Urgency","ecommerce","ec_darkpattern","observed_crawler","ec_site_page_1052","1052",False,"normal","Now 20% off, hurry limited time offer!","Artificial urgency, false scarcity, or social pressure to accelerate purchase.","Apache-2.0","2022"
"EC-01023","No thanks, I don't want a free gift.",1,"Misdirection","ecommerce","ec_darkpattern","observed_crawler","ec_site_page_446","446",False,"normal","No thanks, I don't want a free gift.","Artificial urgency, false scarcity, or social pressure to accelerate purchase.","Apache-2.0","2022"
"EC-01025","info@chainedandable.com",0,"None","ecommerce","ec_darkpattern","observed_crawler","ec_site_page_8","8",False,"normal","","","Apache-2.0","2022"
"EC-01026","NO, I'D RATHER PAY FULL PRICE",1,"Misdirection","ecommerce","ec_darkpattern","observed_crawler","ec_site_page_352","352",False,"normal","NO, I'D RATHER PAY FULL PRICE","Artificial urgency, false scarcity, or social pressure to accelerate purchase.","Apache-2.0","2022"
"EC-01028","There is only one product left!",1,"Scarcity","ecommerce","ec_darkpattern","observed_crawler","ec_site_page_1130","1130",False,"normal","There is only one product left!","Artificial urgency, false scarcity, or social pressure to accelerate purchase.","Apache-2.0","2022"
"EC-01029","00DAYS00HOURS47MINUTES36SECONDS SALE ENDS ONCE COUNTER HITS ZERO",1,"Urgency","ecommerce","ec_darkpattern","observed_crawler","ec_site_page_557","557",False,"normal","00DAYS00HOURS47MINUTES36SECONDS SALE ENDS ONCE COUNTER HITS ZERO","Artificial urgency, false scarcity, or social pressure to accelerate purchase.","Apache-2.0","2022"
"EC-01030","SAA Standard Membership - Credit/Debit Card - Automatic Annual Fee",0,"None","ecommerce","ec_darkpattern","observed_crawler","ec_site_page_907","907",False,"normal","","","Apache-2.0","2022"
"EC-01032","Only 3 left, order soon",1,"Scarcity","ecommerce","ec_darkpattern","observed_crawler","ec_site_page_1307","1307",False,"normal","Only 3 left, order soon","Artificial urgency, false scarcity, or social pressure to accelerate purchase.","Apache-2.0","2022"
"EC-01040","ONLY A FEW LEFT!",1,"Scarcity","ecommerce","ec_darkpattern","observed_crawler","ec_site_page_1680","1680",False,"normal","ONLY A FEW LEFT!","Artificial urgency, false scarcity, or social pressure to accelerate purchase.","Apache-2.0","2022"
"EC-01049","We'd like to send you weekly emails packed full of our lovely products, clearance goodies and cool stuff to win. You can unsubscribe at any time. If you DON'T want to receive these emails, please tick this box. We'd like to send you the occasional brochure so you can get a regular fix of our lovely product! You can unsubscribe at any time. If you DON'T want to receive these brochures, please tick this box. We'd like to introduce you to other brands you might love who will post you the occasional brochure. You can opt out of this at any time. If you DON'T want to receive these brochures, please tick this box.",1,"Misdirection","ecommerce","ec_darkpattern","observed_crawler","ec_site_page_1785","1785",False,"normal","We'd like to send you weekly emails packed full of our lovely products, clearance goodies and cool stuff to win. You can unsubscribe at any time. If you DON'T want to receive these emails, please tick this box. We'd like to send you the occasional brochure so you can get a regular fix of our lovely product! You can unsubscribe at any time. If you DON'T want to receive these brochures, please tick this box. We'd like to introduce you to other brands you might love who will post you the occasional brochure. You can opt out of this at any time. If you DON'T want to receive these brochures, please tick this box.","Artificial urgency, false scarcity, or social pressure to accelerate purchase.","Apache-2.0","2022"
"EC-01052","30 people have purchased this item",1,"Social Proof","ecommerce","ec_darkpattern","observed_crawler","ec_site_page_119","119",False,"normal","30 people have purchased this item","Artificial urgency, false scarcity, or social pressure to accelerate purchase.","Apache-2.0","2022"
"EC-01060","Low Maintenance Plants",0,"None","ecommerce","ec_darkpattern","observed_crawler","ec_site_page_680","680",False,"normal","","","Apache-2.0","2022"
"EC-01063","We are one of the best online printing technology & solution company successfully serving local and international customers to cherish the joy, love and precious moments in life with various products. Being an instrument to spread your joy and love in a beautiful way we take pride in providing the best quality services.",0,"None","ecommerce","ec_darkpattern","observed_crawler","ec_site_page_782","782",False,"normal","","","Apache-2.0","2022"
"EC-01065","38 people are viewing this",1,"Social Proof","ecommerce","ec_darkpattern","observed_crawler","ec_site_page_36","36",False,"normal","38 people are viewing this","Artificial urgency, false scarcity, or social pressure to accelerate purchase.","Apache-2.0","2022"
"EC-01066","no thanks, I don't like to save",1,"Misdirection","ecommerce","ec_darkpattern","observed_crawler","ec_site_page_376","376",False,"normal","no thanks, I don't like to save","Artificial urgency, false scarcity, or social pressure to accelerate purchase.","Apache-2.0","2022"
"EC-01068","Shop all interactive whiteboards",0,"None","ecommerce","ec_darkpattern","observed_crawler","ec_site_page_1051","1051",False,"normal","","","Apache-2.0","2022"
"EC-01069","Sign up to stay up to date on all White Cloud news and savings!",0,"None","ecommerce","ec_darkpattern","observed_crawler","ec_site_page_861","861",False,"normal","","","Apache-2.0","2022"
"EC-01070","Stacey in Saint Marys, United States purchased Extra Long (10 Ft) Fiber Cloth Sync & Charge USB Android Cable - Assorted Colors about 30 minutes ago",1,"Social Proof","ecommerce","ec_darkpattern","observed_crawler","ec_site_page_187","187",False,"normal","Stacey in Saint Marys, United States purchased Extra Long (10 Ft) Fiber Cloth Sync & Charge USB Android Cable - Assorted Colors about 30 minutes ago","Artificial urgency, false scarcity, or social pressure to accelerate purchase.","Apache-2.0","2022"
"EC-01074","Our website implements the ARIA attributes (Accessible Rich Internet Applications) technique, alongside various behavioral changes, to ensure blind users visiting with screen-readers can read, comprehend, and enjoy the website’s functions. As soon as a user with a screen-reader enters your site, they immediately receive a prompt to enter the Screen-Reader Profile so they can browse and operate your site effectively. Here’s how our website covers some of the most important screen-reader requirements:",0,"None","ecommerce","ec_darkpattern","observed_crawler","ec_site_page_4","4",False,"normal","","","Apache-2.0","2022"
"EC-01076","Yearly",0,"None","ecommerce","ec_darkpattern","observed_crawler","ec_site_page_113","113",False,"normal","","","Apache-2.0","2022"
"EC-01080","Lace Front African American Wigs",0,"None","ecommerce","ec_darkpattern","observed_crawler","ec_site_page_573","573",False,"normal","","","Apache-2.0","2022"
"EC-01082","PAVILION LONG SLEEVE SHIRT DRESS Cornflower Stripe",0,"None","ecommerce","ec_darkpattern","observed_crawler","ec_site_page_1197","1197",False,"normal","","","Apache-2.0","2022"
"EC-01087","3DAYS124606",1,"Urgency","ecommerce","ec_darkpattern","observed_crawler","ec_site_page_711","711",False,"normal","3DAYS124606","Artificial urgency, false scarcity, or social pressure to accelerate purchase.","Apache-2.0","2022"
"EC-01088","To cancel your order before it ships, call us.",1,"Obstruction","ecommerce","ec_darkpattern","observed_crawler","ec_site_page_891","891",False,"normal","To cancel your order before it ships, call us.","Artificial urgency, false scarcity, or social pressure to accelerate purchase.","Apache-2.0","2022"
"EC-01090","Easy, awesome! ready to go. Held a charge first night",0,"None","ecommerce","ec_darkpattern","observed_crawler","ec_site_page_4","4",False,"normal","","","Apache-2.0","2022"
"EC-01092","Newborn & InfantYouthAdjustableFlexSnapbacksSale Items- View All -",0,"None","ecommerce","ec_darkpattern","observed_crawler","ec_site_page_1480","1480",False,"normal","","","Apache-2.0","2022"
"EC-01095","Brand Directory",0,"None","ecommerce","ec_darkpattern","observed_crawler","ec_site_page_414","414",False,"normal","","","Apache-2.0","2022"
"EC-01097","Only 2 left in stock. Make it yours.",1,"Scarcity","ecommerce","ec_darkpattern","observed_crawler","ec_site_page_1510","1510",False,"normal","Only 2 left in stock. Make it yours.","Artificial urgency, false scarcity, or social pressure to accelerate purchase.","Apache-2.0","2022"
"EC-01100","Sayeeganesh in Chennai, India just bought Dhoni the Finisher T-Shirt an hour ago",1,"Social Proof","ecommerce","ec_darkpattern","observed_crawler","ec_site_page_31","31",False,"normal","Sayeeganesh in Chennai, India just bought Dhoni the Finisher T-Shirt an hour ago","Artificial urgency, false scarcity, or social pressure to accelerate purchase.","Apache-2.0","2022"
"EC-01101","Only 1 left in stock.",1,"Scarcity","ecommerce","ec_darkpattern","observed_crawler","ec_site_page_1203","1203",False,"normal","Only 1 left in stock.","Artificial urgency, false scarcity, or social pressure to accelerate purchase.","Apache-2.0","2022"
"EC-01102","Candy & Snacks",0,"None","ecommerce","ec_darkpattern","observed_crawler","ec_site_page_1268","1268",False,"normal","","","Apache-2.0","2022"
"EC-01103","Only 1 left , In Stock",1,"Scarcity","ecommerce","ec_darkpattern","observed_crawler","ec_site_page_1279","1279",False,"normal","Only 1 left , In Stock","Artificial urgency, false scarcity, or social pressure to accelerate purchase.","Apache-2.0","2022"
"EC-01104","65% of our customers added Surefit protection this year.",1,"Social Proof","ecommerce","ec_darkpattern","observed_crawler","ec_site_page_140","140",False,"normal","65% of our customers added Surefit protection this year.","Artificial urgency, false scarcity, or social pressure to accelerate purchase.","Apache-2.0","2022"
"EC-01106","Active Filters English English ✘ Remove Filter",0,"None","ecommerce","ec_darkpattern","observed_crawler","ec_site_page_4","4",False,"normal","","","Apache-2.0","2022"
"EC-01107","HURRY! ENDS IN: 11 HRS 20 MIN 13 SEC",1,"Urgency","ecommerce","ec_darkpattern","observed_crawler","ec_site_page_812","812",False,"normal","HURRY! ENDS IN: 11 HRS 20 MIN 13 SEC","Artificial urgency, false scarcity, or social pressure to accelerate purchase.","Apache-2.0","2022"
"EC-01108","Sabrina in Paraparaumu, New Zealand purchased a SCHO-KA-KOLA Schokakola energy Chocolate caffeine snack food MRE caffeinated",1,"Social Proof","ecommerce","ec_darkpattern","observed_crawler","ec_site_page_68","68",False,"normal","Sabrina in Paraparaumu, New Zealand purchased a SCHO-KA-KOLA Schokakola energy Chocolate caffeine snack food MRE caffeinated","Artificial urgency, false scarcity, or social pressure to accelerate purchase.","Apache-2.0","2022"
"EC-01110","MIN Twins",0,"None","ecommerce","ec_darkpattern","observed_crawler","ec_site_page_1026","1026",False,"normal","","","Apache-2.0","2022"
"EC-01111","Wedding Cross Stich & Embroidery Patterns",0,"None","ecommerce","ec_darkpattern","observed_crawler","ec_site_page_1446","1446",False,"normal","","","Apache-2.0","2022"
"EC-01112","Choose Type of Cookies You Accept Using",0,"None","ecommerce","ec_darkpattern","observed_crawler","ec_site_page_1590","1590",False,"normal","","","Apache-2.0","2022"
"EC-01113","★ ★ ★ ★ ★",0,"None","ecommerce","ec_darkpattern","observed_crawler","ec_site_page_189","189",False,"normal","","","Apache-2.0","2022"
"EC-01114","10 SEATS LEFT",1,"Scarcity","ecommerce","ec_darkpattern","observed_crawler","ec_site_page_1565","1565",False,"normal","10 SEATS LEFT","Artificial urgency, false scarcity, or social pressure to accelerate purchase.","Apache-2.0","2022"
"EC-01116","Mixed Wine Cases",0,"None","ecommerce","ec_darkpattern","observed_crawler","ec_site_page_1489","1489",False,"normal","","","Apache-2.0","2022"
"EC-01117","Let's make sure you have everything else you need",1,"Misdirection","ecommerce","ec_darkpattern","observed_crawler","ec_site_page_1740","1740",False,"normal","Let's make sure you have everything else you need","Artificial urgency, false scarcity, or social pressure to accelerate purchase.","Apache-2.0","2022"
"EC-01118","80% offers claimed. Hurry up!",1,"Scarcity","ecommerce","ec_darkpattern","observed_crawler","ec_site_page_1111","1111",False,"normal","80% offers claimed. Hurry up!","Artificial urgency, false scarcity, or social pressure to accelerate purchase.","Apache-2.0","2022"
"EC-01120","Your order is reserved for 09:57 minutes!",1,"Urgency","ecommerce","ec_darkpattern","observed_crawler","ec_site_page_528","528",False,"normal","Your order is reserved for 09:57 minutes!","Artificial urgency, false scarcity, or social pressure to accelerate purchase.","Apache-2.0","2022"
"EC-01123","Mother’s Day is undoubtedly a significant occasion for all mothers. But, for the new moms, it is even more special. If you........... Read More...",0,"None","ecommerce","ec_darkpattern","observed_crawler","ec_site_page_680","680",False,"normal","","","Apache-2.0","2022"
"EC-01124","LAYAWAY SALE WE WILL MATCH YOUR INITIAL PAYMENT. LIMITED TIME ONLY",1,"Urgency","ecommerce","ec_darkpattern","observed_crawler","ec_site_page_1058","1058",False,"normal","LAYAWAY SALE WE WILL MATCH YOUR INITIAL PAYMENT. LIMITED TIME ONLY","Artificial urgency, false scarcity, or social pressure to accelerate purchase.","Apache-2.0","2022"
"EC-01125","HURRY! ENDS IN: 10 HRS 40 MIN 00 SEC",1,"Urgency","ecommerce","ec_darkpattern","observed_crawler","ec_site_page_767","767",False,"normal","HURRY! ENDS IN: 10 HRS 40 MIN 00 SEC","Artificial urgency, false scarcity, or social pressure to accelerate purchase.","Apache-2.0","2022"
"EC-01127","Select Your Year",0,"None","ecommerce","ec_darkpattern","observed_crawler","ec_site_page_1295","1295",False,"normal","","","Apache-2.0","2022"
"EC-01128","What treats can I use?",0,"None","ecommerce","ec_darkpattern","observed_crawler","ec_site_page_103","103",False,"normal","","","Apache-2.0","2022"
"EC-01133","Your one-time offer! Enjoy 10% off sitewide. Applied at checkout Offer ends in: 04 hrs 37 min 56 sec",1,"Urgency","ecommerce","ec_darkpattern","observed_crawler","ec_site_page_633","633",False,"normal","Your one-time offer! Enjoy 10% off sitewide. Applied at checkout Offer ends in: 04 hrs 37 min 56 sec","Artificial urgency, false scarcity, or social pressure to accelerate purchase.","Apache-2.0","2022"
"EC-01134","""Your purchase entitles you to the following special""",1,"Misdirection","ecommerce","ec_darkpattern","observed_crawler","ec_site_page_1726","1726",False,"normal","""Your purchase entitles you to the following special""","Artificial urgency, false scarcity, or social pressure to accelerate purchase.","Apache-2.0","2022"
"EC-01135","Brass Shankh",0,"None","ecommerce","ec_darkpattern","observed_crawler","ec_site_page_1317","1317",False,"normal","","","Apache-2.0","2022"
"EC-01136","2 people are looking right now",1,"Social Proof","ecommerce","ec_darkpattern","observed_crawler","ec_site_page_63","63",False,"normal","2 people are looking right now","Artificial urgency, false scarcity, or social pressure to accelerate purchase.","Apache-2.0","2022"
"EC-01137","Boys Shorts",0,"None","ecommerce","ec_darkpattern","observed_crawler","ec_site_page_350","350",False,"normal","","","Apache-2.0","2022"
"EC-01138","IN HIGH DEMAND!",1,"Scarcity","ecommerce","ec_darkpattern","observed_crawler","ec_site_page_971","971",False,"normal","IN HIGH DEMAND!","Artificial urgency, false scarcity, or social pressure to accelerate purchase.","Apache-2.0","2022"
"EC-01139","Low Stock Only 2 left",1,"Scarcity","ecommerce","ec_darkpattern","observed_crawler","ec_site_page_1601","1601",False,"normal","Low Stock Only 2 left","Artificial urgency, false scarcity, or social pressure to accelerate purchase.","Apache-2.0","2022"
"EC-01140","Anaheim DucksArizona CoyotesCalgary FlamesChicago BlackhawksColorado AvalancheDallas StarsEdmonton OilersLos Angeles KingsMinnesota Wild",0,"None","ecommerce","ec_darkpattern","observed_crawler","ec_site_page_1481","1481",False,"normal","","","Apache-2.0","2022"
"EC-01142","Shop Disposables",0,"None","ecommerce","ec_darkpattern","observed_crawler","ec_site_page_861","861",False,"normal","","","Apache-2.0","2022"
"EC-01143","Free Delivery to Home & Next day delivery available to store*",0,"None","ecommerce","ec_darkpattern","observed_crawler","ec_site_page_765","765",False,"normal","","","Apache-2.0","2022"
"EC-01144","Limited-time Deal",1,"Scarcity","ecommerce","ec_darkpattern","observed_crawler","ec_site_page_1595","1595",False,"normal","Limited-time Deal","Artificial urgency, false scarcity, or social pressure to accelerate purchase.","Apache-2.0","2022"
"EC-01145","Limited time - Free Shipping on all orders*",1,"Urgency","ecommerce","ec_darkpattern","observed_crawler","ec_site_page_1045","1045",False,"normal","Limited time - Free Shipping on all orders*","Artificial urgency, false scarcity, or social pressure to accelerate purchase.","Apache-2.0","2022"
"EC-01147","Hurry! Only 4 left in stock.",1,"Scarcity","ecommerce","ec_darkpattern","observed_crawler","ec_site_page_1695","1695",False,"normal","Hurry! Only 4 left in stock.","Artificial urgency, false scarcity, or social pressure to accelerate purchase.","Apache-2.0","2022"
"EC-01150","If you are one of those constantly devoted to healthy eating, weight loss plans,..",0,"None","ecommerce","ec_darkpattern","observed_crawler","ec_site_page_1477","1477",False,"normal","","","Apache-2.0","2022"
"EC-01151","JULIE in Oak Brook, United States purchased a Watercolor Brush Pens 24 Refillable Colors with Travel Case about 10 hours ago",1,"Social Proof","ecommerce","ec_darkpattern","observed_crawler","ec_site_page_161","161",False,"normal","JULIE in Oak Brook, United States purchased a Watercolor Brush Pens 24 Refillable Colors with Travel Case about 10 hours ago","Artificial urgency, false scarcity, or social pressure to accelerate purchase.","Apache-2.0","2022"
"EC-01153","(5 Left)",1,"Scarcity","ecommerce","ec_darkpattern","observed_crawler","ec_site_page_1394","1394",False,"normal","(5 Left)","Artificial urgency, false scarcity, or social pressure to accelerate purchase.","Apache-2.0","2022"
"EC-01154","Choosing the Best Plus Size Briefs",0,"None","ecommerce","ec_darkpattern","observed_crawler","ec_site_page_1044","1044",False,"normal","","","Apache-2.0","2022"
"EC-01155","FREE SHIPPING FOR A LIMITED TIME | PRICES ARE IN USD AND INCLUDE ALL IMPORT DUTIES.",1,"Urgency","ecommerce","ec_darkpattern","observed_crawler","ec_site_page_984","984",False,"normal","FREE SHIPPING FOR A LIMITED TIME | PRICES ARE IN USD AND INCLUDE ALL IMPORT DUTIES.","Artificial urgency, false scarcity, or social pressure to accelerate purchase.","Apache-2.0","2022"
"EC-01156","Cable Winders",0,"None","ecommerce","ec_darkpattern","observed_crawler","ec_site_page_993","993",False,"normal","","","Apache-2.0","2022"
"EC-01160","Only 14 left",1,"Scarcity","ecommerce","ec_darkpattern","observed_crawler","ec_site_page_1174","1174",False,"normal","Only 14 left","Artificial urgency, false scarcity, or social pressure to accelerate purchase.","Apache-2.0","2022"
"EC-01162","Nice choice. Did you know you’re missing out on these deals with the item in your cart. Suit + Shirt + Tie now $599.99* - Shop Suits, Shirts and Ties Or Get 2 Suit Packages for $1100*",1,"Misdirection","ecommerce","ec_darkpattern","observed_crawler","ec_site_page_1716","1716",False,"normal","Nice choice. Did you know you’re missing out on these deals with the item in your cart. Suit + Shirt + Tie now $599.99* - Shop Suits, Shirts and Ties Or Get 2 Suit Packages for $1100*","Artificial urgency, false scarcity, or social pressure to accelerate purchase.","Apache-2.0","2022"
"EC-01163","No thanks, I don't like saving money",1,"Misdirection","ecommerce","ec_darkpattern","observed_crawler","ec_site_page_321","321",False,"normal","No thanks, I don't like saving money","Artificial urgency, false scarcity, or social pressure to accelerate purchase.","Apache-2.0","2022"
"EC-01164","Only 1 Left in Stock. Buy Soon!",1,"Scarcity","ecommerce","ec_darkpattern","observed_crawler","ec_site_page_1657","1657",False,"normal","Only 1 Left in Stock. Buy Soon!","Artificial urgency, false scarcity, or social pressure to accelerate purchase.","Apache-2.0","2022"
"EC-01165","19 people have viewed this item",1,"Social Proof","ecommerce","ec_darkpattern","observed_crawler","ec_site_page_15","15",False,"normal","19 people have viewed this item","Artificial urgency, false scarcity, or social pressure to accelerate purchase.","Apache-2.0","2022"
"EC-01167","No Thanks, I'd Rather Pay Full Price",1,"Misdirection","ecommerce","ec_darkpattern","observed_crawler","ec_site_page_391","391",False,"normal","No Thanks, I'd Rather Pay Full Price","Artificial urgency, false scarcity, or social pressure to accelerate purchase.","Apache-2.0","2022"
"EC-01168","Harry Potter",0,"None","ecommerce","ec_darkpattern","observed_crawler","ec_site_page_811","811",False,"normal","","","Apache-2.0","2022"
"EC-01171","Hurry, Sale ends in 9 Hours!",1,"Urgency","ecommerce","ec_darkpattern","observed_crawler","ec_site_page_875","875",False,"normal","Hurry, Sale ends in 9 Hours!","Artificial urgency, false scarcity, or social pressure to accelerate purchase.","Apache-2.0","2022"
"EC-01174","First name *",0,"None","ecommerce","ec_darkpattern","observed_crawler","ec_site_page_907","907",False,"normal","","","Apache-2.0","2022"
"EC-01175","166 people have added this item to cart",1,"Social Proof","ecommerce","ec_darkpattern","observed_crawler","ec_site_page_55","55",False,"normal","166 people have added this item to cart","Artificial urgency, false scarcity, or social pressure to accelerate purchase.","Apache-2.0","2022"
"EC-01177","Speak with our customer-care executive who will help you with your buying.",0,"None","ecommerce","ec_darkpattern","observed_crawler","ec_site_page_1653","1653",False,"normal","","","Apache-2.0","2022"
"EC-01180","Michael M. from Lacey, WA just bought a Cal King",1,"Social Proof","ecommerce","ec_darkpattern","observed_crawler","ec_site_page_175","175",False,"normal","Michael M. from Lacey, WA just bought a Cal King","Artificial urgency, false scarcity, or social pressure to accelerate purchase.","Apache-2.0","2022"
"EC-01182","There are only 1 item left in stock.",1,"Scarcity","ecommerce","ec_darkpattern","observed_crawler","ec_site_page_1647","1647",False,"normal","There are only 1 item left in stock.","Artificial urgency, false scarcity, or social pressure to accelerate purchase.","Apache-2.0","2022"
"EC-01184","Crystals are alive. Born inside Mother Earth, crystal energy can be felt just like heat or cold. For chakra training to astrological remedies, discover healing crystals.",0,"None","ecommerce","ec_darkpattern","observed_crawler","ec_site_page_568","568",False,"normal","","","Apache-2.0","2022"
"EC-01185","A-Z Luxury Brands",0,"None","ecommerce","ec_darkpattern","observed_crawler","ec_site_page_827","827",False,"normal","","","Apache-2.0","2022"
"EC-01186","ALMOST GONE - only 2 remaining!",1,"Scarcity","ecommerce","ec_darkpattern","observed_crawler","ec_site_page_1668","1668",False,"normal","ALMOST GONE - only 2 remaining!","Artificial urgency, false scarcity, or social pressure to accelerate purchase.","Apache-2.0","2022"
"EC-01189","Hurry, only 302 left.",1,"Scarcity","ecommerce","ec_darkpattern","observed_crawler","ec_site_page_1498","1498",False,"normal","Hurry, only 302 left.","Artificial urgency, false scarcity, or social pressure to accelerate purchase.","Apache-2.0","2022"
"EC-01194","Moroccan Rugs",0,"None","ecommerce","ec_darkpattern","observed_crawler","ec_site_page_1381","1381",False,"normal","","","Apache-2.0","2022"
"EC-01196","Sprouting",0,"None","ecommerce","ec_darkpattern","observed_crawler","ec_site_page_1351","1351",False,"normal","","","Apache-2.0","2022"
"EC-01197","Help us #savethefishies.",0,"None","ecommerce","ec_darkpattern","observed_crawler","ec_site_page_272","272",False,"normal","","","Apache-2.0","2022"
"EC-01198","5 items left",1,"Scarcity","ecommerce","ec_darkpattern","observed_crawler","ec_site_page_1236","1236",False,"normal","5 items left","Artificial urgency, false scarcity, or social pressure to accelerate purchase.","Apache-2.0","2022"
"EC-01199","This product was viewed 26 seconds ago by someone from Princeton",1,"Social Proof","ecommerce","ec_darkpattern","observed_crawler","ec_site_page_239","239",False,"normal","This product was viewed 26 seconds ago by someone from Princeton","Artificial urgency, false scarcity, or social pressure to accelerate purchase.","Apache-2.0","2022"
"EC-01201","ONLY 11 LEFT",1,"Scarcity","ecommerce","ec_darkpattern","observed_crawler","ec_site_page_1692","1692",False,"normal","ONLY 11 LEFT","Artificial urgency, false scarcity, or social pressure to accelerate purchase.","Apache-2.0","2022"
"EC-01202","Only a few left of this product!",1,"Scarcity","ecommerce","ec_darkpattern","observed_crawler","ec_site_page_1518","1518",False,"normal","Only a few left of this product!","Artificial urgency, false scarcity, or social pressure to accelerate purchase.","Apache-2.0","2022"
"EC-01205","Crochet Baby Patterns",0,"None","ecommerce","ec_darkpattern","observed_crawler","ec_site_page_1446","1446",False,"normal","","","Apache-2.0","2022"
"EC-01207","Home / Black Tapered Belted Cigarette Trousers - Myasia",0,"None","ecommerce","ec_darkpattern","observed_crawler","ec_site_page_264","264",False,"normal","","","Apache-2.0","2022"
"EC-01211","Brand case & cloth included",0,"None","ecommerce","ec_darkpattern","observed_crawler","ec_site_page_189","189",False,"normal","","","Apache-2.0","2022"
"EC-01215","Food",0,"None","ecommerce","ec_darkpattern","observed_crawler","ec_site_page_1351","1351",False,"normal","","","Apache-2.0","2022"
"EC-01216","MORE WAYS TO SHOP",0,"None","ecommerce","ec_darkpattern","observed_crawler","ec_site_page_920","920",False,"normal","","","Apache-2.0","2022"
"EC-01217","Your shopping cart is empty.",0,"None","ecommerce","ec_darkpattern","observed_crawler","ec_site_page_724","724",False,"normal","","","Apache-2.0","2022"
"EC-01218","Coin Necklace",0,"None","ecommerce","ec_darkpattern","observed_crawler","ec_site_page_1241","1241",False,"normal","","","Apache-2.0","2022"
"EC-01220","Someone from Huntingtown, Maryland, United States purchased TopCoat® F11® Polish & Sealer - Web Special Kits Just Now",1,"Social Proof","ecommerce","ec_darkpattern","observed_crawler","ec_site_page_110","110",False,"normal","Someone from Huntingtown, Maryland, United States purchased TopCoat® F11® Polish & Sealer - Web Special Kits Just Now","Artificial urgency, false scarcity, or social pressure to accelerate purchase.","Apache-2.0","2022"
"EC-01222","Items in your cart are in VERY high-demand.",1,"Scarcity","ecommerce","ec_darkpattern","observed_crawler","ec_site_page_944","944",False,"normal","Items in your cart are in VERY high-demand.","Artificial urgency, false scarcity, or social pressure to accelerate purchase.","Apache-2.0","2022"
"EC-01223","Sign up to our mailing list here and be the first to know about exclusive offers and events",0,"None","ecommerce","ec_darkpattern","observed_crawler","ec_site_page_1489","1489",False,"normal","","","Apache-2.0","2022"
"EC-01224","Items in your cart are selling fast",1,"Scarcity","ecommerce","ec_darkpattern","observed_crawler","ec_site_page_955","955",False,"normal","Items in your cart are selling fast","Artificial urgency, false scarcity, or social pressure to accelerate purchase.","Apache-2.0","2022"
"EC-01227","Low in stock: only 2 left.",1,"Scarcity","ecommerce","ec_darkpattern","observed_crawler","ec_site_page_1499","1499",False,"normal","Low in stock: only 2 left.","Artificial urgency, false scarcity, or social pressure to accelerate purchase.","Apache-2.0","2022"
"EC-01229","Order soon, only 1 left!",1,"Scarcity","ecommerce","ec_darkpattern","observed_crawler","ec_site_page_1654","1654",False,"normal","Order soon, only 1 left!","Artificial urgency, false scarcity, or social pressure to accelerate purchase.","Apache-2.0","2022"
"EC-01230","This campaign was taken down for content reasons",0,"None","ecommerce","ec_darkpattern","observed_crawler","ec_site_page_584","584",False,"normal","","","Apache-2.0","2022"
"EC-01232","AdjustableSnapbacksSale Items- View All -",0,"None","ecommerce","ec_darkpattern","observed_crawler","ec_site_page_767","767",False,"normal","","","Apache-2.0","2022"
"EC-01234","Over 238 people have bought this product",1,"Social Proof","ecommerce","ec_darkpattern","observed_crawler","ec_site_page_294","294",False,"normal","Over 238 people have bought this product","Artificial urgency, false scarcity, or social pressure to accelerate purchase.","Apache-2.0","2022"
"EC-01235","Order in 13:16 to get $200 off your mattress",1,"Urgency","ecommerce","ec_darkpattern","observed_crawler","ec_site_page_658","658",False,"normal","Order in 13:16 to get $200 off your mattress","Artificial urgency, false scarcity, or social pressure to accelerate purchase.","Apache-2.0","2022"
"EC-01236","Bob Ross Oil Brushes",0,"None","ecommerce","ec_darkpattern","observed_crawler","ec_site_page_907","907",False,"normal","","","Apache-2.0","2022"
"EC-01239","Warning: Last items in stock!",1,"Scarcity","ecommerce","ec_darkpattern","observed_crawler","ec_site_page_1322","1322",False,"normal","Warning: Last items in stock!","Artificial urgency, false scarcity, or social pressure to accelerate purchase.","Apache-2.0","2022"
"EC-01240","Work With More Buyers And Sellers?",0,"None","ecommerce","ec_darkpattern","observed_crawler","ec_site_page_534","534",False,"normal","","","Apache-2.0","2022"
"EC-01241","Lighting",0,"None","ecommerce","ec_darkpattern","observed_crawler","ec_site_page_61","61",False,"normal","","","Apache-2.0","2022"
"EC-01242","Round Neck Casual Loose Patchwork Printed Short Sleeve Blouse",0,"None","ecommerce","ec_darkpattern","observed_crawler","ec_site_page_622","622",False,"normal","","","Apache-2.0","2022"
"EC-01244","Limited Time Offer: 10% Off your first order!",1,"Urgency","ecommerce","ec_darkpattern","observed_crawler","ec_site_page_1034","1034",False,"normal","Limited Time Offer: 10% Off your first order!","Artificial urgency, false scarcity, or social pressure to accelerate purchase.","Apache-2.0","2022"
"EC-01246","Aromatherapy",0,"None","ecommerce","ec_darkpattern","observed_crawler","ec_site_page_1351","1351",False,"normal","","","Apache-2.0","2022"
"EC-01247","A Ritual of Light",0,"None","ecommerce","ec_darkpattern","observed_crawler","ec_site_page_1381","1381",False,"normal","","","Apache-2.0","2022"
"EC-01251","Build your own powerful multi-vendor marketplace website",0,"None","ecommerce","ec_darkpattern","observed_crawler","ec_site_page_534","534",False,"normal","","","Apache-2.0","2022"
"EC-01253","167 piece(s) left for this promo",1,"Scarcity","ecommerce","ec_darkpattern","observed_crawler","ec_site_page_1375","1375",False,"normal","167 piece(s) left for this promo","Artificial urgency, false scarcity, or social pressure to accelerate purchase.","Apache-2.0","2022"
"EC-01255","Only 32 left in stock",1,"Scarcity","ecommerce","ec_darkpattern","observed_crawler","ec_site_page_1122","1122",False,"normal","Only 32 left in stock","Artificial urgency, false scarcity, or social pressure to accelerate purchase.","Apache-2.0","2022"
"EC-01256","Less than 10 left!",1,"Scarcity","ecommerce","ec_darkpattern","observed_crawler","ec_site_page_1481","1481",False,"normal","Less than 10 left!","Artificial urgency, false scarcity, or social pressure to accelerate purchase.","Apache-2.0","2022"
"EC-01257","CUSTOMER SERVICE",0,"None","ecommerce","ec_darkpattern","observed_crawler","ec_site_page_203","203",False,"normal","","","Apache-2.0","2022"
"EC-01258","Hurry! Sale ends in:",1,"Urgency","ecommerce","ec_darkpattern","observed_crawler","ec_site_page_686","686",False,"normal","Hurry! Sale ends in:","Artificial urgency, false scarcity, or social pressure to accelerate purchase.","Apache-2.0","2022"
"EC-01260","Low in stock",1,"Scarcity","ecommerce","ec_darkpattern","observed_crawler","ec_site_page_1545","1545",False,"normal","Low in stock","Artificial urgency, false scarcity, or social pressure to accelerate purchase.","Apache-2.0","2022"
"EC-01261","Availability: Only 1 Left",1,"Scarcity","ecommerce","ec_darkpattern","observed_crawler","ec_site_page_1303","1303",False,"normal","Availability: Only 1 Left","Artificial urgency, false scarcity, or social pressure to accelerate purchase.","Apache-2.0","2022"
"EC-01262","Printed Long Sleeves Casual Blouse For Women",0,"None","ecommerce","ec_darkpattern","observed_crawler","ec_site_page_622","622",False,"normal","","","Apache-2.0","2022"
"EC-01263","Straight Hair Extensions",0,"None","ecommerce","ec_darkpattern","observed_crawler","ec_site_page_573","573",False,"normal","","","Apache-2.0","2022"
"EC-01264","Radio and GPS Pouches",0,"None","ecommerce","ec_darkpattern","observed_crawler","ec_site_page_306","306",False,"normal","","","Apache-2.0","2022"
"EC-01266","Only 4 unit(s) available!",1,"Scarcity","ecommerce","ec_darkpattern","observed_crawler","ec_site_page_1597","1597",False,"normal","Only 4 unit(s) available!","Artificial urgency, false scarcity, or social pressure to accelerate purchase.","Apache-2.0","2022"
"EC-01268","All Scrapbooking Supplies",0,"None","ecommerce","ec_darkpattern","observed_crawler","ec_site_page_1446","1446",False,"normal","","","Apache-2.0","2022"
"EC-01269","No USB or Y-Adapter!? Our USB Sound Card is highly recommended for PC (Mac/Linux/Windows) and works with current gen consoles. The Y adapter is recommended for console gaming, phone, or other TRRS jacks.",1,"Misdirection","ecommerce","ec_darkpattern","observed_crawler","ec_site_page_1699","1699",False,"normal","No USB or Y-Adapter!? Our USB Sound Card is highly recommended for PC (Mac/Linux/Windows) and works with current gen consoles. The Y adapter is recommended for console gaming, phone, or other TRRS jacks.","Artificial urgency, false scarcity, or social pressure to accelerate purchase.","Apache-2.0","2022"
"EC-01271","146 people recently purchased this.",1,"Social Proof","ecommerce","ec_darkpattern","observed_crawler","ec_site_page_172","172",False,"normal","146 people recently purchased this.","Artificial urgency, false scarcity, or social pressure to accelerate purchase.","Apache-2.0","2022"
"EC-01274","Website Accessibility",0,"None","ecommerce","ec_darkpattern","observed_crawler","ec_site_page_1736","1736",False,"normal","","","Apache-2.0","2022"
"EC-01277","HURRY! YOUR 10% OFF EXPIRES IN 29:43",1,"Urgency","ecommerce","ec_darkpattern","observed_crawler","ec_site_page_775","775",False,"normal","HURRY! YOUR 10% OFF EXPIRES IN 29:43","Artificial urgency, false scarcity, or social pressure to accelerate purchase.","Apache-2.0","2022"
"EC-01279","Share on Pinterest",0,"None","ecommerce","ec_darkpattern","observed_crawler","ec_site_page_907","907",False,"normal","","","Apache-2.0","2022"
"EC-01281","Hurry! This special sale ends in 2h 42m 0s",1,"Urgency","ecommerce","ec_darkpattern","observed_crawler","ec_site_page_565","565",False,"normal","Hurry! This special sale ends in 2h 42m 0s","Artificial urgency, false scarcity, or social pressure to accelerate purchase.","Apache-2.0","2022"
"EC-01282","Hype. Home",0,"None","ecommerce","ec_darkpattern","observed_crawler","ec_site_page_216","216",False,"normal","","","Apache-2.0","2022"
"EC-01283","VIP OFFERS END 00:54:59",1,"Urgency","ecommerce","ec_darkpattern","observed_crawler","ec_site_page_672","672",False,"normal","VIP OFFERS END 00:54:59","Artificial urgency, false scarcity, or social pressure to accelerate purchase.","Apache-2.0","2022"
"EC-01286","Ericdress Round Neck Three-Quarter Sleeve Mid-Calf Pullover Fall Women's Dress",0,"None","ecommerce","ec_darkpattern","observed_crawler","ec_site_page_667","667",False,"normal","","","Apache-2.0","2022"
"EC-01287","Email Address",0,"None","ecommerce","ec_darkpattern","observed_crawler","ec_site_page_1451","1451",False,"normal","","","Apache-2.0","2022"
"EC-01294","Supporting All Artists Create because you can",0,"None","ecommerce","ec_darkpattern","observed_crawler","ec_site_page_907","907",False,"normal","","","Apache-2.0","2022"
"EC-01297","Delivery & Returns",0,"None","ecommerce","ec_darkpattern","observed_crawler","ec_site_page_209","209",False,"normal","","","Apache-2.0","2022"
"EC-01299","Only 3 left , In Stock",1,"Scarcity","ecommerce","ec_darkpattern","observed_crawler","ec_site_page_1555","1555",False,"normal","Only 3 left , In Stock","Artificial urgency, false scarcity, or social pressure to accelerate purchase.","Apache-2.0","2022"
"EC-01301","Grocery & Liquor",0,"None","ecommerce","ec_darkpattern","observed_crawler","ec_site_page_249","249",False,"normal","","","Apache-2.0","2022"
"EC-01302","For Wife",0,"None","ecommerce","ec_darkpattern","observed_crawler","ec_site_page_680","680",False,"normal","","","Apache-2.0","2022"
"EC-01304","Great for keeping track of your pup while at work",0,"None","ecommerce","ec_darkpattern","observed_crawler","ec_site_page_103","103",False,"normal","","","Apache-2.0","2022"
"EC-01305","Subscribe",0,"None","ecommerce","ec_darkpattern","observed_crawler","ec_site_page_108","108",False,"normal","","","Apache-2.0","2022"
"EC-01306","Powered by",0,"None","ecommerce","ec_darkpattern","observed_crawler","ec_site_page_1167","1167",False,"normal","","","Apache-2.0","2022"
"EC-01307","JerseysPantsSleepwear & UnderwearSwim CollectionT-ShirtsSale Items- View All -",0,"None","ecommerce","ec_darkpattern","observed_crawler","ec_site_page_1480","1480",False,"normal","","","Apache-2.0","2022"
"EC-01309","I love this phone case! 😍 #phonecase #hiraeth #appleiphone #apple #rosegold #loveit",0,"None","ecommerce","ec_darkpattern","observed_crawler","ec_site_page_811","811",False,"normal","","","Apache-2.0","2022"
"EC-01310","ONLY 1 LEFT IN THIS SIZE",1,"Scarcity","ecommerce","ec_darkpattern","observed_crawler","ec_site_page_1253","1253",False,"normal","ONLY 1 LEFT IN THIS SIZE","Artificial urgency, false scarcity, or social pressure to accelerate purchase.","Apache-2.0","2022"
"EC-01311","Looking for your order history?",0,"None","ecommerce","ec_darkpattern","observed_crawler","ec_site_page_1034","1034",False,"normal","","","Apache-2.0","2022"
"EC-01314","Traditional Snacks",0,"None","ecommerce","ec_darkpattern","observed_crawler","ec_site_page_1268","1268",False,"normal","","","Apache-2.0","2022"
"EC-01315","Travel Accessories",0,"None","ecommerce","ec_darkpattern","observed_crawler","ec_site_page_993","993",False,"normal","","","Apache-2.0","2022"
"EC-01317","EU Delivery & Returns",0,"None","ecommerce","ec_darkpattern","observed_crawler","ec_site_page_8","8",False,"normal","","","Apache-2.0","2022"
"EC-01319","Your order will be reserved for 6:56 minutes.",1,"Urgency","ecommerce","ec_darkpattern","observed_crawler","ec_site_page_584","584",False,"normal","Your order will be reserved for 6:56 minutes.","Artificial urgency, false scarcity, or social pressure to accelerate purchase.","Apache-2.0","2022"
"EC-01320","LESS THAN 8 LEFT IN STOCK!",1,"Scarcity","ecommerce","ec_darkpattern","observed_crawler","ec_site_page_1299","1299",False,"normal","LESS THAN 8 LEFT IN STOCK!","Artificial urgency, false scarcity, or social pressure to accelerate purchase.","Apache-2.0","2022"
"EC-01321","United States",0,"None","ecommerce","ec_darkpattern","observed_crawler","ec_site_page_1289","1289",False,"normal","","","Apache-2.0","2022"
"EC-01326","JUST 1 LEFT!",1,"Scarcity","ecommerce","ec_darkpattern","observed_crawler","ec_site_page_1297","1297",False,"normal","JUST 1 LEFT!","Artificial urgency, false scarcity, or social pressure to accelerate purchase.","Apache-2.0","2022"
"EC-01328","I agree to receive marketing emails from Natural Life and agree to our Privacy Policy and terms of use.",1,"Forced Action","ecommerce","ec_darkpattern","observed_crawler","ec_site_page_880","880",False,"normal","I agree to receive marketing emails from Natural Life and agree to our Privacy Policy and terms of use.","Artificial urgency, false scarcity, or social pressure to accelerate purchase.","Apache-2.0","2022"
"EC-01329","Don't miss out, only 2 left in stock",1,"Scarcity","ecommerce","ec_darkpattern","observed_crawler","ec_site_page_1222","1222",False,"normal","Don't miss out, only 2 left in stock","Artificial urgency, false scarcity, or social pressure to accelerate purchase.","Apache-2.0","2022"
"EC-01331","Please click",0,"None","ecommerce","ec_darkpattern","observed_crawler","ec_site_page_216","216",False,"normal","","","Apache-2.0","2022"
"EC-01333","Countdown",0,"None","ecommerce","ec_darkpattern","observed_crawler","ec_site_page_833","833",False,"normal","","","Apache-2.0","2022"
"EC-01334","Men's Pullover Sweaters",0,"None","ecommerce","ec_darkpattern","observed_crawler","ec_site_page_667","667",False,"normal","","","Apache-2.0","2022"
"EC-01335","Tony Bianco",0,"None","ecommerce","ec_darkpattern","observed_crawler","ec_site_page_1604","1604",False,"normal","","","Apache-2.0","2022"
"EC-01336","LOGO BLACK",0,"None","ecommerce","ec_darkpattern","observed_crawler","ec_site_page_1590","1590",False,"normal","","","Apache-2.0","2022"
"EC-01338","Face Masks",0,"None","ecommerce","ec_darkpattern","observed_crawler","ec_site_page_1405","1405",False,"normal","","","Apache-2.0","2022"
"EC-01341","Lenscap: Damage Only",1,"Misdirection","ecommerce","ec_darkpattern","observed_crawler","ec_site_page_1729","1729",False,"normal","Lenscap: Damage Only","Artificial urgency, false scarcity, or social pressure to accelerate purchase.","Apache-2.0","2022"
"EC-01342","With 1-year Care Subscription 10 days history",1,"Misdirection","ecommerce","ec_darkpattern","observed_crawler","ec_site_page_1745","1745",False,"normal","With 1-year Care Subscription 10 days history","Artificial urgency, false scarcity, or social pressure to accelerate purchase.","Apache-2.0","2022"
"EC-01344","Don't miss out on this item! There is only 1 left in stock.",1,"Scarcity","ecommerce","ec_darkpattern","observed_crawler","ec_site_page_1271","1271",False,"normal","Don't miss out on this item! There is only 1 left in stock.","Artificial urgency, false scarcity, or social pressure to accelerate purchase.","Apache-2.0","2022"
"EC-01345","NO, THANKS. I DON'T LIKE DISCOUNTS",1,"Misdirection","ecommerce","ec_darkpattern","observed_crawler","ec_site_page_427","427",False,"normal","NO, THANKS. I DON'T LIKE DISCOUNTS","Artificial urgency, false scarcity, or social pressure to accelerate purchase.","Apache-2.0","2022"
"EC-01347","Wait! Take 10% off Your First Order Deal Expires Soon!",1,"Urgency","ecommerce","ec_darkpattern","observed_crawler","ec_site_page_992","992",False,"normal","Wait! Take 10% off Your First Order Deal Expires Soon!","Artificial urgency, false scarcity, or social pressure to accelerate purchase.","Apache-2.0","2022"
"EC-01349","Perhaps you could...",0,"None","ecommerce","ec_darkpattern","observed_crawler","ec_site_page_902","902",False,"normal","","","Apache-2.0","2022"
"EC-01351","Limited Time Only! 20% Off",1,"Urgency","ecommerce","ec_darkpattern","observed_crawler","ec_site_page_1063","1063",False,"normal","Limited Time Only! 20% Off","Artificial urgency, false scarcity, or social pressure to accelerate purchase.","Apache-2.0","2022"
"EC-01353","Casual V-Neck Sleeveless T-Shirt",0,"None","ecommerce","ec_darkpattern","observed_crawler","ec_site_page_622","622",False,"normal","","","Apache-2.0","2022"
"EC-01355","Someone in Flemington, United States purchased Anti-Aging Eyelid Tape (Contains 100 Strips) Just now",1,"Social Proof","ecommerce","ec_darkpattern","observed_crawler","ec_site_page_207","207",False,"normal","Someone in Flemington, United States purchased Anti-Aging Eyelid Tape (Contains 100 Strips) Just now","Artificial urgency, false scarcity, or social pressure to accelerate purchase.","Apache-2.0","2022"
"EC-01356","Hurry only 8 items left!",1,"Scarcity","ecommerce","ec_darkpattern","observed_crawler","ec_site_page_1210","1210",False,"normal","Hurry only 8 items left!","Artificial urgency, false scarcity, or social pressure to accelerate purchase.","Apache-2.0","2022"
"EC-01357","Shop",0,"None","ecommerce","ec_darkpattern","observed_crawler","ec_site_page_190","190",False,"normal","","","Apache-2.0","2022"
"EC-01360","Rechargeable",0,"None","ecommerce","ec_darkpattern","observed_crawler","ec_site_page_861","861",False,"normal","","","Apache-2.0","2022"
"EC-01361","Redeem Gift Certificates",0,"None","ecommerce","ec_darkpattern","observed_crawler","ec_site_page_1541","1541",False,"normal","","","Apache-2.0","2022"
"EC-01365","We value your input. Share your review so everyone else can enjoy it too.",0,"None","ecommerce","ec_darkpattern","observed_crawler","ec_site_page_113","113",False,"normal","","","Apache-2.0","2022"
"EC-01369","ॐ Welcome to Devshoppe Sign In or Create an Account",0,"None","ecommerce","ec_darkpattern","observed_crawler","ec_site_page_1317","1317",False,"normal","","","Apache-2.0","2022"
"EC-01371","Macro Focussing Rails",0,"None","ecommerce","ec_darkpattern","observed_crawler","ec_site_page_1648","1648",False,"normal","","","Apache-2.0","2022"
"EC-01372","Tactical Rifles",0,"None","ecommerce","ec_darkpattern","observed_crawler","ec_site_page_1174","1174",False,"normal","","","Apache-2.0","2022"
"EC-01376","Champagne Taittinger",0,"None","ecommerce","ec_darkpattern","observed_crawler","ec_site_page_1489","1489",False,"normal","","","Apache-2.0","2022"
"EC-01377","Hurry! Only 7 left",1,"Scarcity","ecommerce","ec_darkpattern","observed_crawler","ec_site_page_1328","1328",False,"normal","Hurry! Only 7 left","Artificial urgency, false scarcity, or social pressure to accelerate purchase.","Apache-2.0","2022"
"EC-01379","We will also send you an additional email confirming your renewal. Should you elect not to renew your Membership, you may cancel at any time prior to the renewal by emailing us at passportmembership@1800flowers.com and your credit/debit card on file with us will not be charged. A confirmation email will be sent to you. If you email to cancel after your Membership has been renewed, your credit/debit card will have been charged the then current paid annual membership fee for the Passport Program, however you may request, and 1-800-Flowers may grant, a pro-rata refund within its sole discretion based upon the extent that you may have utilized the benefits of the Passport Program and the period of time remaining on your paid Membership.",1,"Obstruction","ecommerce","ec_darkpattern","observed_crawler","ec_site_page_888","888",False,"normal","We will also send you an additional email confirming your renewal. Should you elect not to renew your Membership, you may cancel at any time prior to the renewal by emailing us at passportmembership@1800flowers.com and your credit/debit card on file with us will not be charged. A confirmation email will be sent to you. If you email to cancel after your Membership has been renewed, your credit/debit card will have been charged the then current paid annual membership fee for the Passport Program, however you may request, and 1-800-Flowers may grant, a pro-rata refund within its sole discretion based upon the extent that you may have utilized the benefits of the Passport Program and the period of time remaining on your paid Membership.","Artificial urgency, false scarcity, or social pressure to accelerate purchase.","Apache-2.0","2022"
"EC-01380","Howdy stranger, looks like your trail has hit a dead end.",0,"None","ecommerce","ec_darkpattern","observed_crawler","ec_site_page_61","61",False,"normal","","","Apache-2.0","2022"
"EC-01381","Maker Faire News",0,"None","ecommerce","ec_darkpattern","observed_crawler","ec_site_page_740","740",False,"normal","","","Apache-2.0","2022"
"EC-01383","3 other people are currently viewing this item.",1,"Social Proof","ecommerce","ec_darkpattern","observed_crawler","ec_site_page_281","281",False,"normal","3 other people are currently viewing this item.","Artificial urgency, false scarcity, or social pressure to accelerate purchase.","Apache-2.0","2022"
"EC-01384","Favored By: 400 people!",1,"Social Proof","ecommerce","ec_darkpattern","observed_crawler","ec_site_page_22","22",False,"normal","Favored By: 400 people!","Artificial urgency, false scarcity, or social pressure to accelerate purchase.","Apache-2.0","2022"
"EC-01385","All Shoes",0,"None","ecommerce","ec_darkpattern","observed_crawler","ec_site_page_1330","1330",False,"normal","","","Apache-2.0","2022"
"EC-01391","67% offers claimed. Hurry up!",1,"Scarcity","ecommerce","ec_darkpattern","observed_crawler","ec_site_page_1675","1675",False,"normal","67% offers claimed. Hurry up!","Artificial urgency, false scarcity, or social pressure to accelerate purchase.","Apache-2.0","2022"
"EC-01393","Temple Locks",0,"None","ecommerce","ec_darkpattern","observed_crawler","ec_site_page_1317","1317",False,"normal","","","Apache-2.0","2022"
"EC-01394","Sara from Philadelphia just saved $68 on her order.",1,"Social Proof","ecommerce","ec_darkpattern","observed_crawler","ec_site_page_296","296",False,"normal","Sara from Philadelphia just saved $68 on her order.","Artificial urgency, false scarcity, or social pressure to accelerate purchase.","Apache-2.0","2022"
"EC-01395","17 people have viewed this wine today",1,"Social Proof","ecommerce","ec_darkpattern","observed_crawler","ec_site_page_121","121",False,"normal","17 people have viewed this wine today","Artificial urgency, false scarcity, or social pressure to accelerate purchase.","Apache-2.0","2022"
"EC-01399","Add your favourites to cart",0,"None","ecommerce","ec_darkpattern","observed_crawler","ec_site_page_1056","1056",False,"normal","","","Apache-2.0","2022"
"EC-01400","Free Shipping On Orders Over $49* - Limited Time Only",1,"Urgency","ecommerce","ec_darkpattern","observed_crawler","ec_site_page_1030","1030",False,"normal","Free Shipping On Orders Over $49* - Limited Time Only","Artificial urgency, false scarcity, or social pressure to accelerate purchase.","Apache-2.0","2022"
"EC-01401","Someone in DOVER, United States just bought Crew 15 mins ago",1,"Social Proof","ecommerce","ec_darkpattern","observed_crawler","ec_site_page_169","169",False,"normal","Someone in DOVER, United States just bought Crew 15 mins ago","Artificial urgency, false scarcity, or social pressure to accelerate purchase.","Apache-2.0","2022"
"EC-01403","Also notify me about New Arrivals!",0,"None","ecommerce","ec_darkpattern","observed_crawler","ec_site_page_1367","1367",False,"normal","","","Apache-2.0","2022"
"EC-01404","POSTED BY @missladywoolf#motoin",0,"None","ecommerce","ec_darkpattern","observed_crawler","ec_site_page_752","752",False,"normal","","","Apache-2.0","2022"
"EC-01405","All Personalised Gifts",0,"None","ecommerce","ec_darkpattern","observed_crawler","ec_site_page_680","680",False,"normal","","","Apache-2.0","2022"
"EC-01411","Brand: Ray-Ban® | Similar products from Ray-Ban®",0,"None","ecommerce","ec_darkpattern","observed_crawler","ec_site_page_1673","1673",False,"normal","","","Apache-2.0","2022"
"EC-01414","Colored Contact Lenses",0,"None","ecommerce","ec_darkpattern","observed_crawler","ec_site_page_113","113",False,"normal","","","Apache-2.0","2022"
"EC-01416","In stock | 44 left",1,"Scarcity","ecommerce","ec_darkpattern","observed_crawler","ec_site_page_1351","1351",False,"normal","In stock | 44 left","Artificial urgency, false scarcity, or social pressure to accelerate purchase.","Apache-2.0","2022"
"EC-01417","only 7 pieces left",1,"Scarcity","ecommerce","ec_darkpattern","observed_crawler","ec_site_page_1359","1359",False,"normal","only 7 pieces left","Artificial urgency, false scarcity, or social pressure to accelerate purchase.","Apache-2.0","2022"
"EC-01423","Both of these jerseys are awesome, I couldn’t have asked for better quality.",0,"None","ecommerce","ec_darkpattern","observed_crawler","ec_site_page_1779","1779",False,"normal","","","Apache-2.0","2022"
"EC-01424","Only 14 left!",1,"Scarcity","ecommerce","ec_darkpattern","observed_crawler","ec_site_page_1117","1117",False,"normal","Only 14 left!","Artificial urgency, false scarcity, or social pressure to accelerate purchase.","Apache-2.0","2022"
"EC-01425","NO THANKS, I DON'T WANT 20% OFF MY ORDER",1,"Misdirection","ecommerce","ec_darkpattern","observed_crawler","ec_site_page_445","445",False,"normal","NO THANKS, I DON'T WANT 20% OFF MY ORDER","Artificial urgency, false scarcity, or social pressure to accelerate purchase.","Apache-2.0","2022"
"EC-01426","I already have this item. Do not add this to cart",1,"Misdirection","ecommerce","ec_darkpattern","observed_crawler","ec_site_page_1792","1792",False,"normal","I already have this item. Do not add this to cart","Artificial urgency, false scarcity, or social pressure to accelerate purchase.","Apache-2.0","2022"
"EC-01428","Cross Body",0,"None","ecommerce","ec_darkpattern","observed_crawler","ec_site_page_1604","1604",False,"normal","","","Apache-2.0","2022"
"EC-01431","Stone Island Junior",0,"None","ecommerce","ec_darkpattern","observed_crawler","ec_site_page_833","833",False,"normal","","","Apache-2.0","2022"
"EC-01433","Sustainably made",0,"None","ecommerce","ec_darkpattern","observed_crawler","ec_site_page_113","113",False,"normal","","","Apache-2.0","2022"
"EC-01435","""We'd love to send you emails with offers and new products from New Balance Athletics, Inc. but if you do not wish to receive these updates, please tick this box.",1,"Misdirection","ecommerce","ec_darkpattern","observed_crawler","ec_site_page_1791","1791",False,"normal","""We'd love to send you emails with offers and new products from New Balance Athletics, Inc. but if you do not wish to receive these updates, please tick this box.","Artificial urgency, false scarcity, or social pressure to accelerate purchase.","Apache-2.0","2022"
"EC-01437","Show Password",0,"None","ecommerce","ec_darkpattern","observed_crawler","ec_site_page_782","782",False,"normal","","","Apache-2.0","2022"
"EC-01438","Pay Securely with Trespass",0,"None","ecommerce","ec_darkpattern","observed_crawler","ec_site_page_300","300",False,"normal","","","Apache-2.0","2022"
"EC-01443","Limited Time Offers",1,"Urgency","ecommerce","ec_darkpattern","observed_crawler","ec_site_page_1023","1023",False,"normal","Limited Time Offers","Artificial urgency, false scarcity, or social pressure to accelerate purchase.","Apache-2.0","2022"
"EC-01444","Someone in Bacchus Marsh bought a Noosa Basics Deodorant Stick - Sensitive (60g) 27 seconds ago",1,"Social Proof","ecommerce","ec_darkpattern","observed_crawler","ec_site_page_186","186",False,"normal","Someone in Bacchus Marsh bought a Noosa Basics Deodorant Stick - Sensitive (60g) 27 seconds ago","Artificial urgency, false scarcity, or social pressure to accelerate purchase.","Apache-2.0","2022"
"EC-01446","Exposed Membership (recurring subscription) and Cancellations If You order with Exposed Membership, you are selecting a recurring billing subscription, where You will receive a new kit approximately every 60 days. You are able to cancel by contacting Exposed customer care at 1-866-404-7656, 8am – 4pm Pacific Time, M-F. If You are part of our Monthly installment program, You will be billed in two monthly installments for each acne kit shipped. Each kit will be shipped every two months unless your membership is canceled. To cancel Your Exposed Membership, You must: 1. first pay in full for all kits that have been shipped 2. and, then contact Exposed customer care at 1-866-404-7656 8am – 4pm Pacific Time, M-F to process Your cancellation.",1,"Obstruction","ecommerce","ec_darkpattern","observed_crawler","ec_site_page_892","892",False,"normal","Exposed Membership (recurring subscription) and Cancellations If You order with Exposed Membership, you are selecting a recurring billing subscription, where You will receive a new kit approximately every 60 days. You are able to cancel by contacting Exposed customer care at 1-866-404-7656, 8am – 4pm Pacific Time, M-F. If You are part of our Monthly installment program, You will be billed in two monthly installments for each acne kit shipped. Each kit will be shipped every two months unless your membership is canceled. To cancel Your Exposed Membership, You must: 1. first pay in full for all kits that have been shipped 2. and, then contact Exposed customer care at 1-866-404-7656 8am – 4pm Pacific Time, M-F to process Your cancellation.","Artificial urgency, false scarcity, or social pressure to accelerate purchase.","Apache-2.0","2022"
"EC-01448","Shop By Brands",0,"None","ecommerce","ec_darkpattern","observed_crawler","ec_site_page_573","573",False,"normal","","","Apache-2.0","2022"
"EC-01451","No thanks, I don't want to build one.. I'd rather kick rocks!",1,"Misdirection","ecommerce","ec_darkpattern","observed_crawler","ec_site_page_324","324",False,"normal","No thanks, I don't want to build one.. I'd rather kick rocks!","Artificial urgency, false scarcity, or social pressure to accelerate purchase.","Apache-2.0","2022"
"EC-01452","Menstrual Products",0,"None","ecommerce","ec_darkpattern","observed_crawler","ec_site_page_1351","1351",False,"normal","","","Apache-2.0","2022"
"EC-01453","4 SEATS LEFT",1,"Scarcity","ecommerce","ec_darkpattern","observed_crawler","ec_site_page_1564","1564",False,"normal","4 SEATS LEFT","Artificial urgency, false scarcity, or social pressure to accelerate purchase.","Apache-2.0","2022"
"EC-01455","Shoes & Clothing",0,"None","ecommerce","ec_darkpattern","observed_crawler","ec_site_page_190","190",False,"normal","","","Apache-2.0","2022"
"EC-01456","Imported",0,"None","ecommerce","ec_darkpattern","observed_crawler","ec_site_page_767","767",False,"normal","","","Apache-2.0","2022"
"EC-01458","Get it fast! 14 added to bag today",1,"Social Proof","ecommerce","ec_darkpattern","observed_crawler","ec_site_page_116","116",False,"normal","Get it fast! 14 added to bag today","Artificial urgency, false scarcity, or social pressure to accelerate purchase.","Apache-2.0","2022"
"EC-01460","HURRY! LESS THAN 129 LEFT.",1,"Scarcity","ecommerce","ec_darkpattern","observed_crawler","ec_site_page_1216","1216",False,"normal","HURRY! LESS THAN 129 LEFT.","Artificial urgency, false scarcity, or social pressure to accelerate purchase.","Apache-2.0","2022"
"EC-01464","Nah, I like paying full price",1,"Misdirection","ecommerce","ec_darkpattern","observed_crawler","ec_site_page_395","395",False,"normal","Nah, I like paying full price","Artificial urgency, false scarcity, or social pressure to accelerate purchase.","Apache-2.0","2022"
"EC-01465","2 people have looked at this in the last couple of hrs.",1,"Social Proof","ecommerce","ec_darkpattern","observed_crawler","ec_site_page_224","224",False,"normal","2 people have looked at this in the last couple of hrs.","Artificial urgency, false scarcity, or social pressure to accelerate purchase.","Apache-2.0","2022"
"EC-01466","Real time 30 Visitor right now",1,"Social Proof","ecommerce","ec_darkpattern","observed_crawler","ec_site_page_27","27",False,"normal","Real time 30 Visitor right now","Artificial urgency, false scarcity, or social pressure to accelerate purchase.","Apache-2.0","2022"
"EC-01468","Please note all products are made in limited quantities and we rarely restock - checkout now so you don't miss out!",1,"Scarcity","ecommerce","ec_darkpattern","observed_crawler","ec_site_page_1197","1197",False,"normal","Please note all products are made in limited quantities and we rarely restock - checkout now so you don't miss out!","Artificial urgency, false scarcity, or social pressure to accelerate purchase.","Apache-2.0","2022"
"EC-01472","Less than 7 left!",1,"Scarcity","ecommerce","ec_darkpattern","observed_crawler","ec_site_page_1482","1482",False,"normal","Less than 7 left!","Artificial urgency, false scarcity, or social pressure to accelerate purchase.","Apache-2.0","2022"
"EC-01473","BOTTLES LEFT 3",1,"Scarcity","ecommerce","ec_darkpattern","observed_crawler","ec_site_page_1662","1662",False,"normal","BOTTLES LEFT 3","Artificial urgency, false scarcity, or social pressure to accelerate purchase.","Apache-2.0","2022"
"EC-01474","Items reserved for 15:00",1,"Urgency","ecommerce","ec_darkpattern","observed_crawler","ec_site_page_840","840",False,"normal","Items reserved for 15:00","Artificial urgency, false scarcity, or social pressure to accelerate purchase.","Apache-2.0","2022"
"EC-01476","-90% discount if you order within 9:55:44",1,"Urgency","ecommerce","ec_darkpattern","observed_crawler","ec_site_page_651","651",False,"normal","-90% discount if you order within 9:55:44","Artificial urgency, false scarcity, or social pressure to accelerate purchase.","Apache-2.0","2022"
"EC-01477","Latest looks from Myleene Klass Shop now",0,"None","ecommerce","ec_darkpattern","observed_crawler","ec_site_page_765","765",False,"normal","","","Apache-2.0","2022"
"EC-01481","Auto Delivery Program",0,"None","ecommerce","ec_darkpattern","observed_crawler","ec_site_page_1044","1044",False,"normal","","","Apache-2.0","2022"
"EC-01482","Save $148.98AUD – 49% Off",1,"Misdirection","ecommerce","ec_darkpattern","observed_crawler","ec_site_page_1818","1818",False,"normal","Save $148.98AUD – 49% Off","Artificial urgency, false scarcity, or social pressure to accelerate purchase.","Apache-2.0","2022"
"EC-01483","Low Stock – Selling Fast",1,"Scarcity","ecommerce","ec_darkpattern","observed_crawler","ec_site_page_1068","1068",False,"normal","Low Stock – Selling Fast","Artificial urgency, false scarcity, or social pressure to accelerate purchase.","Apache-2.0","2022"
"EC-01484","2 PEOPLE HAVE ADDED THIS ITEM TO THEIR CART TODAY",1,"Social Proof","ecommerce","ec_darkpattern","observed_crawler","ec_site_page_290","290",False,"normal","2 PEOPLE HAVE ADDED THIS ITEM TO THEIR CART TODAY","Artificial urgency, false scarcity, or social pressure to accelerate purchase.","Apache-2.0","2022"
"EC-01488","4 bought in the last 24 hours.",1,"Social Proof","ecommerce","ec_darkpattern","observed_crawler","ec_site_page_300","300",False,"normal","4 bought in the last 24 hours.","Artificial urgency, false scarcity, or social pressure to accelerate purchase.","Apache-2.0","2022"
"EC-01490","12 customers viewed this product today!",1,"Social Proof","ecommerce","ec_darkpattern","observed_crawler","ec_site_page_268","268",False,"normal","12 customers viewed this product today!","Artificial urgency, false scarcity, or social pressure to accelerate purchase.","Apache-2.0","2022"
"EC-01491","Gemstone softwares",0,"None","ecommerce","ec_darkpattern","observed_crawler","ec_site_page_1317","1317",False,"normal","","","Apache-2.0","2022"
"EC-01493","LOW STOCK (ONLY 10 LEFT!)",1,"Scarcity","ecommerce","ec_darkpattern","observed_crawler","ec_site_page_1470","1470",False,"normal","LOW STOCK (ONLY 10 LEFT!)","Artificial urgency, false scarcity, or social pressure to accelerate purchase.","Apache-2.0","2022"
"EC-01495","V-neck Printed Loose Short-sleeved T-shirt",0,"None","ecommerce","ec_darkpattern","observed_crawler","ec_site_page_622","622",False,"normal","","","Apache-2.0","2022"
"EC-01497","Teething Remedies",0,"None","ecommerce","ec_darkpattern","observed_crawler","ec_site_page_1351","1351",False,"normal","","","Apache-2.0","2022"
"EC-01500","72 Viewing This Product",1,"Social Proof","ecommerce","ec_darkpattern","observed_crawler","ec_site_page_20","20",False,"normal","72 Viewing This Product","Artificial urgency, false scarcity, or social pressure to accelerate purchase.","Apache-2.0","2022"
"EC-01502","Coloured Pencils",0,"None","ecommerce","ec_darkpattern","observed_crawler","ec_site_page_907","907",False,"normal","","","Apache-2.0","2022"
"EC-01506","Gift Card FAQs",0,"None","ecommerce","ec_darkpattern","observed_crawler","ec_site_page_993","993",False,"normal","","","Apache-2.0","2022"
"EC-01509","Work Solid Simple Crew Neck Half Sleeve Top",0,"None","ecommerce","ec_darkpattern","observed_crawler","ec_site_page_825","825",False,"normal","","","Apache-2.0","2022"
"EC-01510","No thank you, I prefer to pay for shipping.",1,"Misdirection","ecommerce","ec_darkpattern","observed_crawler","ec_site_page_377","377",False,"normal","No thank you, I prefer to pay for shipping.","Artificial urgency, false scarcity, or social pressure to accelerate purchase.","Apache-2.0","2022"
"EC-01513","273 units sold in the last 30 days",1,"Social Proof","ecommerce","ec_darkpattern","observed_crawler","ec_site_page_60","60",False,"normal","273 units sold in the last 30 days","Artificial urgency, false scarcity, or social pressure to accelerate purchase.","Apache-2.0","2022"
"EC-01516","User interface customization persistent cookies are used to store a user’s preference regarding a service. Please note that these cookies are exempt from consent.",0,"None","ecommerce","ec_darkpattern","observed_crawler","ec_site_page_1736","1736",False,"normal","","","Apache-2.0","2022"
"EC-01517","After getting my jersey on Monday, I am hooked on CoolHockey. I will surely be buying from CoolHockey from now on.",0,"None","ecommerce","ec_darkpattern","observed_crawler","ec_site_page_1779","1779",False,"normal","","","Apache-2.0","2022"
"EC-01519","Other 2 customers have it in their cart.",1,"Social Proof","ecommerce","ec_darkpattern","observed_crawler","ec_site_page_285","285",False,"normal","Other 2 customers have it in their cart.","Artificial urgency, false scarcity, or social pressure to accelerate purchase.","Apache-2.0","2022"
"EC-01520","Elegant A Line Chiffon V-neck Long Sleeve Bridesmaid Dress with Pleats and Ruching",0,"None","ecommerce","ec_darkpattern","observed_crawler","ec_site_page_714","714",False,"normal","","","Apache-2.0","2022"
"EC-01525","Only 2 items left",1,"Scarcity","ecommerce","ec_darkpattern","observed_crawler","ec_site_page_1310","1310",False,"normal","Only 2 items left","Artificial urgency, false scarcity, or social pressure to accelerate purchase.","Apache-2.0","2022"
"EC-01526","Marc in Newton, United States purchasedKTM Stand Plate Large KTM...",1,"Social Proof","ecommerce","ec_darkpattern","observed_crawler","ec_site_page_61","61",False,"normal","Marc in Newton, United States purchasedKTM Stand Plate Large KTM...","Artificial urgency, false scarcity, or social pressure to accelerate purchase.","Apache-2.0","2022"
"EC-01528","Lifestyle / Music",0,"None","ecommerce","ec_darkpattern","observed_crawler","ec_site_page_1428","1428",False,"normal","","","Apache-2.0","2022"
"EC-01530","LOW IN STOCK!! GET YOURS NOW",1,"Scarcity","ecommerce","ec_darkpattern","observed_crawler","ec_site_page_1191","1191",False,"normal","LOW IN STOCK!! GET YOURS NOW","Artificial urgency, false scarcity, or social pressure to accelerate purchase.","Apache-2.0","2022"
"EC-01531","Laurie in Urraween, Queensland bought No Brainer USB Charging Anti-Theft Backpack",1,"Social Proof","ecommerce","ec_darkpattern","observed_crawler","ec_site_page_240","240",False,"normal","Laurie in Urraween, Queensland bought No Brainer USB Charging Anti-Theft Backpack","Artificial urgency, false scarcity, or social pressure to accelerate purchase.","Apache-2.0","2022"
"EC-01533","Contract free",0,"None","ecommerce","ec_darkpattern","observed_crawler","ec_site_page_569","569",False,"normal","","","Apache-2.0","2022"
"EC-01535","Your order is prioritized for 13:22 minutes!",1,"Urgency","ecommerce","ec_darkpattern","observed_crawler","ec_site_page_598","598",False,"normal","Your order is prioritized for 13:22 minutes!","Artificial urgency, false scarcity, or social pressure to accelerate purchase.","Apache-2.0","2022"
"EC-01540","0:44:56",1,"Urgency","ecommerce","ec_darkpattern","observed_crawler","ec_site_page_684","684",False,"normal","0:44:56","Artificial urgency, false scarcity, or social pressure to accelerate purchase.","Apache-2.0","2022"
"EC-01542","No thanks, I don't like free stuff",1,"Misdirection","ecommerce","ec_darkpattern","observed_crawler","ec_site_page_371","371",False,"normal","No thanks, I don't like free stuff","Artificial urgency, false scarcity, or social pressure to accelerate purchase.","Apache-2.0","2022"
"EC-01543","DAYS HRS MINS SECS",1,"Urgency","ecommerce","ec_darkpattern","observed_crawler","ec_site_page_799","799",False,"normal","DAYS HRS MINS SECS","Artificial urgency, false scarcity, or social pressure to accelerate purchase.","Apache-2.0","2022"
"EC-01547","Someone in Faizabad just bought: Pretty Love Penis Sleeve 7 inch an hour 2 minutes ago",1,"Social Proof","ecommerce","ec_darkpattern","observed_crawler","ec_site_page_129","129",False,"normal","Someone in Faizabad just bought: Pretty Love Penis Sleeve 7 inch an hour 2 minutes ago","Artificial urgency, false scarcity, or social pressure to accelerate purchase.","Apache-2.0","2022"
"EC-01549","I WANT TO PAY MORE LATER ;)",1,"Misdirection","ecommerce","ec_darkpattern","observed_crawler","ec_site_page_334","334",False,"normal","I WANT TO PAY MORE LATER ;)","Artificial urgency, false scarcity, or social pressure to accelerate purchase.","Apache-2.0","2022"
"EC-01550","Limited Time Only - Up to 30% OFF Freshwater Plants! SHOP NOW >",1,"Urgency","ecommerce","ec_darkpattern","observed_crawler","ec_site_page_1033","1033",False,"normal","Limited Time Only - Up to 30% OFF Freshwater Plants! SHOP NOW >","Artificial urgency, false scarcity, or social pressure to accelerate purchase.","Apache-2.0","2022"
"EC-01558","7 customers have this in their basket",1,"Social Proof","ecommerce","ec_darkpattern","observed_crawler","ec_site_page_274","274",False,"normal","7 customers have this in their basket","Artificial urgency, false scarcity, or social pressure to accelerate purchase.","Apache-2.0","2022"
"EC-01561","shop by trend",0,"None","ecommerce","ec_darkpattern","observed_crawler","ec_site_page_1590","1590",False,"normal","","","Apache-2.0","2022"
"EC-01563","Delivery & support",0,"None","ecommerce","ec_darkpattern","observed_crawler","ec_site_page_907","907",False,"normal","","","Apache-2.0","2022"
"EC-01564","SHOP TRIATHLON",0,"None","ecommerce","ec_darkpattern","observed_crawler","ec_site_page_803","803",False,"normal","","","Apache-2.0","2022"
"EC-01565","The product you requested is not available in the selected country",0,"None","ecommerce","ec_darkpattern","observed_crawler","ec_site_page_1522","1522",False,"normal","","","Apache-2.0","2022"
"EC-01566","No thanks, I don't like winning",1,"Misdirection","ecommerce","ec_darkpattern","observed_crawler","ec_site_page_430","430",False,"normal","No thanks, I don't like winning","Artificial urgency, false scarcity, or social pressure to accelerate purchase.","Apache-2.0","2022"
"EC-01567","You choose: just one box, or a Madison Reed Membership?",1,"Misdirection","ecommerce","ec_darkpattern","observed_crawler","ec_site_page_1756","1756",False,"normal","You choose: just one box, or a Madison Reed Membership?","Artificial urgency, false scarcity, or social pressure to accelerate purchase.","Apache-2.0","2022"
"EC-01568","Baby Cross Stitch & Embroidery Patterns",0,"None","ecommerce","ec_darkpattern","observed_crawler","ec_site_page_1446","1446",False,"normal","","","Apache-2.0","2022"
"EC-01571","LIMITED TIME BLOW OUT SALE UP TO 70% OFF! 110% BEST PRICE GUARANTEE!",1,"Urgency","ecommerce","ec_darkpattern","observed_crawler","ec_site_page_983","983",False,"normal","LIMITED TIME BLOW OUT SALE UP TO 70% OFF! 110% BEST PRICE GUARANTEE!","Artificial urgency, false scarcity, or social pressure to accelerate purchase.","Apache-2.0","2022"
"EC-01572","$69.50 For A Limited Time Details",1,"Urgency","ecommerce","ec_darkpattern","observed_crawler","ec_site_page_1011","1011",False,"normal","$69.50 For A Limited Time Details","Artificial urgency, false scarcity, or social pressure to accelerate purchase.","Apache-2.0","2022"
"EC-01573","Accessibility statement",0,"None","ecommerce","ec_darkpattern","observed_crawler","ec_site_page_991","991",False,"normal","","","Apache-2.0","2022"
"EC-01574","Hurry! Only 1 Left In Stock",1,"Scarcity","ecommerce","ec_darkpattern","observed_crawler","ec_site_page_1465","1465",False,"normal","Hurry! Only 1 Left In Stock","Artificial urgency, false scarcity, or social pressure to accelerate purchase.","Apache-2.0","2022"
"EC-01575","2,221 people have purchased this item",1,"Social Proof","ecommerce","ec_darkpattern","observed_crawler","ec_site_page_82","82",False,"normal","2,221 people have purchased this item","Artificial urgency, false scarcity, or social pressure to accelerate purchase.","Apache-2.0","2022"
"EC-01577","SAVE $200 OFF PUFFY",1,"Urgency","ecommerce","ec_darkpattern","observed_crawler","ec_site_page_555","555",False,"normal","SAVE $200 OFF PUFFY","Artificial urgency, false scarcity, or social pressure to accelerate purchase.","Apache-2.0","2022"
"EC-01580","1 item left",1,"Scarcity","ecommerce","ec_darkpattern","observed_crawler","ec_site_page_1196","1196",False,"normal","1 item left","Artificial urgency, false scarcity, or social pressure to accelerate purchase.","Apache-2.0","2022"
"EC-01582","This product can expose you to chemicals including Hexavalent which is known to the State of California to cause cancer on birth defects or other reproductive harm. For more information, visit",0,"None","ecommerce","ec_darkpattern","observed_crawler","ec_site_page_1451","1451",False,"normal","","","Apache-2.0","2022"
"EC-01584","Only 5 left!",1,"Scarcity","ecommerce","ec_darkpattern","observed_crawler","ec_site_page_1491","1491",False,"normal","Only 5 left!","Artificial urgency, false scarcity, or social pressure to accelerate purchase.","Apache-2.0","2022"
"EC-01585","Brushes",0,"None","ecommerce","ec_darkpattern","observed_crawler","ec_site_page_907","907",False,"normal","","","Apache-2.0","2022"
"EC-01586","Rose in Portland, United States purchased Green Eco-Friendly iPhone XR Case about 54 minutes ago",1,"Social Proof","ecommerce","ec_darkpattern","observed_crawler","ec_site_page_74","74",False,"normal","Rose in Portland, United States purchased Green Eco-Friendly iPhone XR Case about 54 minutes ago","Artificial urgency, false scarcity, or social pressure to accelerate purchase.","Apache-2.0","2022"
"EC-01588","No thanks, I'll still want to pay full price",1,"Misdirection","ecommerce","ec_darkpattern","observed_crawler","ec_site_page_385","385",False,"normal","No thanks, I'll still want to pay full price","Artificial urgency, false scarcity, or social pressure to accelerate purchase.","Apache-2.0","2022"
"EC-01589","Only 3 Left in Stock!",1,"Scarcity","ecommerce","ec_darkpattern","observed_crawler","ec_site_page_1255","1255",False,"normal","Only 3 Left in Stock!","Artificial urgency, false scarcity, or social pressure to accelerate purchase.","Apache-2.0","2022"
"EC-01590","Limited time - final price reflects extra 29% off",1,"Urgency","ecommerce","ec_darkpattern","observed_crawler","ec_site_page_1026","1026",False,"normal","Limited time - final price reflects extra 29% off","Artificial urgency, false scarcity, or social pressure to accelerate purchase.","Apache-2.0","2022"
"EC-01591","Hurry! Only 6 left in stock.",1,"Scarcity","ecommerce","ec_darkpattern","observed_crawler","ec_site_page_1687","1687",False,"normal","Hurry! Only 6 left in stock.","Artificial urgency, false scarcity, or social pressure to accelerate purchase.","Apache-2.0","2022"
"EC-01592","We value your privacy We use cookies to improve your website experience. We also use third-party cookies for marketing purposes. Learn more.",0,"None","ecommerce","ec_darkpattern","observed_crawler","ec_site_page_300","300",False,"normal","","","Apache-2.0","2022"
"EC-01594","Polar Lights II",0,"None","ecommerce","ec_darkpattern","observed_crawler","ec_site_page_113","113",False,"normal","","","Apache-2.0","2022"
"EC-01595","Shop by Health Goals",0,"None","ecommerce","ec_darkpattern","observed_crawler","ec_site_page_414","414",False,"normal","","","Apache-2.0","2022"
"EC-01596","No thanks, I'm not interested",1,"Misdirection","ecommerce","ec_darkpattern","observed_crawler","ec_site_page_411","411",False,"normal","No thanks, I'm not interested","Artificial urgency, false scarcity, or social pressure to accelerate purchase.","Apache-2.0","2022"
"EC-01597","Customer also shopped for",1,"Misdirection","ecommerce","ec_darkpattern","observed_crawler","ec_site_page_1705","1705",False,"normal","Customer also shopped for","Artificial urgency, false scarcity, or social pressure to accelerate purchase.","Apache-2.0","2022"
"EC-01600","Free Shipping & Easy Returns always!",0,"None","ecommerce","ec_darkpattern","observed_crawler","ec_site_page_1590","1590",False,"normal","","","Apache-2.0","2022"
"EC-01601","Combination",0,"None","ecommerce","ec_darkpattern","observed_crawler","ec_site_page_1428","1428",False,"normal","","","Apache-2.0","2022"
"EC-01603","QUANTITY: *ONLY 1 LEFT",1,"Scarcity","ecommerce","ec_darkpattern","observed_crawler","ec_site_page_1552","1552",False,"normal","QUANTITY: *ONLY 1 LEFT","Artificial urgency, false scarcity, or social pressure to accelerate purchase.","Apache-2.0","2022"
"EC-01604","6 customers have this in their basket",1,"Social Proof","ecommerce","ec_darkpattern","observed_crawler","ec_site_page_273","273",False,"normal","6 customers have this in their basket","Artificial urgency, false scarcity, or social pressure to accelerate purchase.","Apache-2.0","2022"
"EC-01605","GCC Compliance",0,"None","ecommerce","ec_darkpattern","observed_crawler","ec_site_page_108","108",False,"normal","","","Apache-2.0","2022"
"EC-01607","How Do Our Crystals Looks in Real Life?",0,"None","ecommerce","ec_darkpattern","observed_crawler","ec_site_page_568","568",False,"normal","","","Apache-2.0","2022"
"EC-01610","Yes, I Want To Save Money!No Thanks",1,"Misdirection","ecommerce","ec_darkpattern","observed_crawler","ec_site_page_434","434",False,"normal","Yes, I Want To Save Money!No Thanks","Artificial urgency, false scarcity, or social pressure to accelerate purchase.","Apache-2.0","2022"
"EC-01611","OFFER ENDS IN: 00:32:04 TIME IS RUNNING OUT!",1,"Urgency","ecommerce","ec_darkpattern","observed_crawler","ec_site_page_716","716",False,"normal","OFFER ENDS IN: 00:32:04 TIME IS RUNNING OUT!","Artificial urgency, false scarcity, or social pressure to accelerate purchase.","Apache-2.0","2022"
"EC-01612","ONLY $1.99 FOR YOUR FIRST SIX MONTHS, THEN EACH YEAR YOUR MEMBERSHIP WILL AUTOMATICALLY RENEW FOR $39.99 AND BE CHARGED TO YOUR CREDIT/DEBIT CARD ON FILE. CANCEL YOUR VIP MEMBERSHIP ANY TIME TO RECEIVE A PRORATED REFUND BY CALLING (800) 543-7309. BY SUBMITTING YOUR ORDER, YOU AGREE TO THESE VIP MEMBERSHIP TERMS.",1,"Obstruction","ecommerce","ec_darkpattern","observed_crawler","ec_site_page_905","905",False,"normal","ONLY $1.99 FOR YOUR FIRST SIX MONTHS, THEN EACH YEAR YOUR MEMBERSHIP WILL AUTOMATICALLY RENEW FOR $39.99 AND BE CHARGED TO YOUR CREDIT/DEBIT CARD ON FILE. CANCEL YOUR VIP MEMBERSHIP ANY TIME TO RECEIVE A PRORATED REFUND BY CALLING (800) 543-7309. BY SUBMITTING YOUR ORDER, YOU AGREE TO THESE VIP MEMBERSHIP TERMS.","Artificial urgency, false scarcity, or social pressure to accelerate purchase.","Apache-2.0","2022"
"EC-01613","Only 4 left in this size!",1,"Scarcity","ecommerce","ec_darkpattern","observed_crawler","ec_site_page_1360","1360",False,"normal","Only 4 left in this size!","Artificial urgency, false scarcity, or social pressure to accelerate purchase.","Apache-2.0","2022"
"EC-01615","Shop By Fabric",0,"None","ecommerce","ec_darkpattern","observed_crawler","ec_site_page_158","158",False,"normal","","","Apache-2.0","2022"
"EC-01616","Chirag in Anoopshahr just got the JAYS - a-JAYS One+ about 17 minutes ago",1,"Social Proof","ecommerce","ec_darkpattern","observed_crawler","ec_site_page_196","196",False,"normal","Chirag in Anoopshahr just got the JAYS - a-JAYS One+ about 17 minutes ago","Artificial urgency, false scarcity, or social pressure to accelerate purchase.","Apache-2.0","2022"
"EC-01617","View all Ink categories",0,"None","ecommerce","ec_darkpattern","observed_crawler","ec_site_page_907","907",False,"normal","","","Apache-2.0","2022"
"EC-01618","Intercoastal Performance Pant - True Navy",0,"None","ecommerce","ec_darkpattern","observed_crawler","ec_site_page_350","350",False,"normal","","","Apache-2.0","2022"
"EC-01619","NO THANKS, I DON’T WANT 15% OFF",1,"Misdirection","ecommerce","ec_darkpattern","observed_crawler","ec_site_page_405","405",False,"normal","NO THANKS, I DON’T WANT 15% OFF","Artificial urgency, false scarcity, or social pressure to accelerate purchase.","Apache-2.0","2022"
"EC-01623","Your company account is blocked and you cannot place orders. If you have questions, please contact your company administrator.",0,"None","ecommerce","ec_darkpattern","observed_crawler","ec_site_page_1451","1451",False,"normal","","","Apache-2.0","2022"
"EC-01626","Hurry up! Only 4 left in stock",1,"Scarcity","ecommerce","ec_darkpattern","observed_crawler","ec_site_page_1682","1682",False,"normal","Hurry up! Only 4 left in stock","Artificial urgency, false scarcity, or social pressure to accelerate purchase.","Apache-2.0","2022"
"EC-01627","Accent Chairs",0,"None","ecommerce","ec_darkpattern","observed_crawler","ec_site_page_158","158",False,"normal","","","Apache-2.0","2022"
"EC-01629","Subscribe To Us Subscribe",0,"None","ecommerce","ec_darkpattern","observed_crawler","ec_site_page_782","782",False,"normal","","","Apache-2.0","2022"
"EC-01631","407 customers have viewed this item recently",1,"Social Proof","ecommerce","ec_darkpattern","observed_crawler","ec_site_page_233","233",False,"normal","407 customers have viewed this item recently","Artificial urgency, false scarcity, or social pressure to accelerate purchase.","Apache-2.0","2022"
"EC-01632","Only 1 item(s) left in stock",1,"Scarcity","ecommerce","ec_darkpattern","observed_crawler","ec_site_page_1625","1625",False,"normal","Only 1 item(s) left in stock","Artificial urgency, false scarcity, or social pressure to accelerate purchase.","Apache-2.0","2022"
"EC-01633","Kyanite Beads",0,"None","ecommerce","ec_darkpattern","observed_crawler","ec_site_page_1317","1317",False,"normal","","","Apache-2.0","2022"
"EC-01634","No, I don't want great deals.",1,"Misdirection","ecommerce","ec_darkpattern","observed_crawler","ec_site_page_370","370",False,"normal","No, I don't want great deals.","Artificial urgency, false scarcity, or social pressure to accelerate purchase.","Apache-2.0","2022"
"EC-01636","Holland Cooper",0,"None","ecommerce","ec_darkpattern","observed_crawler","ec_site_page_833","833",False,"normal","","","Apache-2.0","2022"
"EC-01637","Recovery Best Sellers",0,"None","ecommerce","ec_darkpattern","observed_crawler","ec_site_page_803","803",False,"normal","","","Apache-2.0","2022"
"EC-01638","Viewed 1040 times in the last 7 days",1,"Social Proof","ecommerce","ec_darkpattern","observed_crawler","ec_site_page_198","198",False,"normal","Viewed 1040 times in the last 7 days","Artificial urgency, false scarcity, or social pressure to accelerate purchase.","Apache-2.0","2022"
"EC-01639","U.S. Vape Mail Ban FAQs",0,"None","ecommerce","ec_darkpattern","observed_crawler","ec_site_page_861","861",False,"normal","","","Apache-2.0","2022"
"EC-01640","異業合作 Cooperation",0,"None","ecommerce","ec_darkpattern","observed_crawler","ec_site_page_1272","1272",False,"normal","","","Apache-2.0","2022"
"EC-01641","6 people have looked at this in the last few hrs.",1,"Social Proof","ecommerce","ec_darkpattern","observed_crawler","ec_site_page_184","184",False,"normal","6 people have looked at this in the last few hrs.","Artificial urgency, false scarcity, or social pressure to accelerate purchase.","Apache-2.0","2022"
"EC-01642","Limited-time Offer: Bundle a base and get 20% off",1,"Misdirection","ecommerce","ec_darkpattern","observed_crawler","ec_site_page_1728","1728",False,"normal","Limited-time Offer: Bundle a base and get 20% off","Artificial urgency, false scarcity, or social pressure to accelerate purchase.","Apache-2.0","2022"
"EC-01646","View Alternatives",0,"None","ecommerce","ec_darkpattern","observed_crawler","ec_site_page_203","203",False,"normal","","","Apache-2.0","2022"
"EC-01647","11 11 Hours: 00 22 Minutes: 3223 3223 Seconds Sale Ends Once The Timer Hits Zero!",1,"Urgency","ecommerce","ec_darkpattern","observed_crawler","ec_site_page_491","491",False,"normal","11 11 Hours: 00 22 Minutes: 3223 3223 Seconds Sale Ends Once The Timer Hits Zero!","Artificial urgency, false scarcity, or social pressure to accelerate purchase.","Apache-2.0","2022"
"EC-01648","Security is our top priority. Our subscription payments are powered by Stripe and ReCharge, processed in a secure PCI-compliant environment to the highest industry standards. Ketolent staff never know your credit card number.",0,"None","ecommerce","ec_darkpattern","observed_crawler","ec_site_page_886","886",False,"normal","","","Apache-2.0","2022"
"EC-01650","Only 22 left in stock!",1,"Scarcity","ecommerce","ec_darkpattern","observed_crawler","ec_site_page_1621","1621",False,"normal","Only 22 left in stock!","Artificial urgency, false scarcity, or social pressure to accelerate purchase.","Apache-2.0","2022"
"EC-01651","ADD WORLD'S MOST COMFORTABLE CHAIRS",1,"Misdirection","ecommerce","ec_darkpattern","observed_crawler","ec_site_page_1710","1710",False,"normal","ADD WORLD'S MOST COMFORTABLE CHAIRS","Artificial urgency, false scarcity, or social pressure to accelerate purchase.","Apache-2.0","2022"
"EC-01654","View all Oil & Acrylic Brushes categories",0,"None","ecommerce","ec_darkpattern","observed_crawler","ec_site_page_907","907",False,"normal","","","Apache-2.0","2022"
"EC-01655","Get Personalised Health PlanGet Health Plan",0,"None","ecommerce","ec_darkpattern","observed_crawler","ec_site_page_414","414",False,"normal","","","Apache-2.0","2022"
"EC-01656","Someone in Louisville Kentucky United States Purchased Gold Presidential Bracelet With Watch Buckle 9 hours ago",1,"Social Proof","ecommerce","ec_darkpattern","observed_crawler","ec_site_page_201","201",False,"normal","Someone in Louisville Kentucky United States Purchased Gold Presidential Bracelet With Watch Buckle 9 hours ago","Artificial urgency, false scarcity, or social pressure to accelerate purchase.","Apache-2.0","2022"
"EC-01657","LESS THAN 5 LEFT!",1,"Scarcity","ecommerce","ec_darkpattern","observed_crawler","ec_site_page_1167","1167",False,"normal","LESS THAN 5 LEFT!","Artificial urgency, false scarcity, or social pressure to accelerate purchase.","Apache-2.0","2022"
"EC-01658","[new-troh-pick]",0,"None","ecommerce","ec_darkpattern","observed_crawler","ec_site_page_1759","1759",False,"normal","","","Apache-2.0","2022"
"EC-01659","ADHD Friendly Profile: this profile significantly reduces distractions and noise to help people with ADHD, and Neurodevelopmental disorders browse, read, and focus on the essential elements more easily.",0,"None","ecommerce","ec_darkpattern","observed_crawler","ec_site_page_4","4",False,"normal","","","Apache-2.0","2022"
"EC-01660","Long and Tall",0,"None","ecommerce","ec_darkpattern","observed_crawler","ec_site_page_209","209",False,"normal","","","Apache-2.0","2022"
"EC-01662","Sign up for the latest updates, products and offers",0,"None","ecommerce","ec_darkpattern","observed_crawler","ec_site_page_133","133",False,"normal","","","Apache-2.0","2022"
"EC-01663","Subscribing means you agree to receive our emails, more details please refer to ourprivacy policy.",0,"None","ecommerce","ec_darkpattern","observed_crawler","ec_site_page_573","573",False,"normal","","","Apache-2.0","2022"
"EC-01664","Shop Sale by Print",0,"None","ecommerce","ec_darkpattern","observed_crawler","ec_site_page_984","984",False,"normal","","","Apache-2.0","2022"
"EC-01665","Flash Sale Alert! You can now buy Utorch Corridor Porch Aisle Lights from Gearbest.com for only $7.99 (47% off). Hurry up, limited time offer!",1,"Urgency","ecommerce","ec_darkpattern","observed_crawler","ec_site_page_985","985",False,"normal","Flash Sale Alert! You can now buy Utorch Corridor Porch Aisle Lights from Gearbest.com for only $7.99 (47% off). Hurry up, limited time offer!","Artificial urgency, false scarcity, or social pressure to accelerate purchase.","Apache-2.0","2022"
"EC-01666","Only 9 left",1,"Scarcity","ecommerce","ec_darkpattern","observed_crawler","ec_site_page_1381","1381",False,"normal","Only 9 left","Artificial urgency, false scarcity, or social pressure to accelerate purchase.","Apache-2.0","2022"
"EC-01668","Your order has been reserved for",1,"Urgency","ecommerce","ec_darkpattern","observed_crawler","ec_site_page_815","815",False,"normal","Your order has been reserved for","Artificial urgency, false scarcity, or social pressure to accelerate purchase.","Apache-2.0","2022"
"EC-01669","Sale ends soon",1,"Urgency","ecommerce","ec_darkpattern","observed_crawler","ec_site_page_980","980",False,"normal","Sale ends soon","Artificial urgency, false scarcity, or social pressure to accelerate purchase.","Apache-2.0","2022"
"EC-01671","135 people have this in their cart",1,"Social Proof","ecommerce","ec_darkpattern","observed_crawler","ec_site_page_253","253",False,"normal","135 people have this in their cart","Artificial urgency, false scarcity, or social pressure to accelerate purchase.","Apache-2.0","2022"
"EC-01675","selected language日本語currencyJPY",0,"None","ecommerce","ec_darkpattern","observed_crawler","ec_site_page_1646","1646",False,"normal","","","Apache-2.0","2022"
"EC-01677","Only 1 items left",1,"Scarcity","ecommerce","ec_darkpattern","observed_crawler","ec_site_page_1092","1092",False,"normal","Only 1 items left","Artificial urgency, false scarcity, or social pressure to accelerate purchase.","Apache-2.0","2022"
"EC-01678","Would you like to purchase an Extended Protection Plan?",1,"Misdirection","ecommerce","ec_darkpattern","observed_crawler","ec_site_page_1741","1741",False,"normal","Would you like to purchase an Extended Protection Plan?","Artificial urgency, false scarcity, or social pressure to accelerate purchase.","Apache-2.0","2022"
"EC-01679","ONLY 14 LEFT AT THIS PRICE",1,"Scarcity","ecommerce","ec_darkpattern","observed_crawler","ec_site_page_1685","1685",False,"normal","ONLY 14 LEFT AT THIS PRICE","Artificial urgency, false scarcity, or social pressure to accelerate purchase.","Apache-2.0","2022"
"EC-01680","Not sold separately",0,"None","ecommerce","ec_darkpattern","observed_crawler","ec_site_page_993","993",False,"normal","","","Apache-2.0","2022"
"EC-01681","16 recently purchased it.",1,"Social Proof","ecommerce","ec_darkpattern","observed_crawler","ec_site_page_88","88",False,"normal","16 recently purchased it.","Artificial urgency, false scarcity, or social pressure to accelerate purchase.","Apache-2.0","2022"
"EC-01684","Football",0,"None","ecommerce","ec_darkpattern","observed_crawler","ec_site_page_209","209",False,"normal","","","Apache-2.0","2022"
"EC-01685","All Men's Brands",0,"None","ecommerce","ec_darkpattern","observed_crawler","ec_site_page_1604","1604",False,"normal","","","Apache-2.0","2022"
"EC-01688","Faith in Glendale, United States purchased a Choose Your Flavors 5 Bag Sample Pack (Whole Bean) about 1 hour ago",1,"Social Proof","ecommerce","ec_darkpattern","observed_crawler","ec_site_page_2","2",False,"normal","Faith in Glendale, United States purchased a Choose Your Flavors 5 Bag Sample Pack (Whole Bean) about 1 hour ago","Artificial urgency, false scarcity, or social pressure to accelerate purchase.","Apache-2.0","2022"
"EC-01691","7 sold in the last 48 hours",1,"Social Proof","ecommerce","ec_darkpattern","observed_crawler","ec_site_page_190","190",False,"normal","7 sold in the last 48 hours","Artificial urgency, false scarcity, or social pressure to accelerate purchase.","Apache-2.0","2022"
"EC-01692","Menthol Flavors",0,"None","ecommerce","ec_darkpattern","observed_crawler","ec_site_page_108","108",False,"normal","","","Apache-2.0","2022"
"EC-01693","Someone in Alexandria, United States just bought TTDeye Queen Green Colored Contact Lenses",1,"Social Proof","ecommerce","ec_darkpattern","observed_crawler","ec_site_page_113","113",False,"normal","Someone in Alexandria, United States just bought TTDeye Queen Green Colored Contact Lenses","Artificial urgency, false scarcity, or social pressure to accelerate purchase.","Apache-2.0","2022"
"EC-01694","FLASH 19:15:22",1,"Urgency","ecommerce","ec_darkpattern","observed_crawler","ec_site_page_593","593",False,"normal","FLASH 19:15:22","Artificial urgency, false scarcity, or social pressure to accelerate purchase.","Apache-2.0","2022"
"EC-01695","Only available for a LIMITED TIME, so get yours TODAY!",1,"Urgency","ecommerce","ec_darkpattern","observed_crawler","ec_site_page_996","996",False,"normal","Only available for a LIMITED TIME, so get yours TODAY!","Artificial urgency, false scarcity, or social pressure to accelerate purchase.","Apache-2.0","2022"
"EC-01696","2 in stock",1,"Scarcity","ecommerce","ec_darkpattern","observed_crawler","ec_site_page_1476","1476",False,"normal","2 in stock","Artificial urgency, false scarcity, or social pressure to accelerate purchase.","Apache-2.0","2022"
"EC-01698","Only 9 items left!",1,"Scarcity","ecommerce","ec_darkpattern","observed_crawler","ec_site_page_1080","1080",False,"normal","Only 9 items left!","Artificial urgency, false scarcity, or social pressure to accelerate purchase.","Apache-2.0","2022"
"EC-01700","Someone purchased a FORWARD REVIVE WOMEN'S RED WHITE HUSTLE T-SHIRT 32 minutes ago",1,"Social Proof","ecommerce","ec_darkpattern","observed_crawler","ec_site_page_26","26",False,"normal","Someone purchased a FORWARD REVIVE WOMEN'S RED WHITE HUSTLE T-SHIRT 32 minutes ago","Artificial urgency, false scarcity, or social pressure to accelerate purchase.","Apache-2.0","2022"
"EC-01702","Annie in Cheras, Malaysia just bought: An Abundance of Flowers - Van-Go Paint-By-Number Kit",1,"Social Proof","ecommerce","ec_darkpattern","observed_crawler","ec_site_page_23","23",False,"normal","Annie in Cheras, Malaysia just bought: An Abundance of Flowers - Van-Go Paint-By-Number Kit","Artificial urgency, false scarcity, or social pressure to accelerate purchase.","Apache-2.0","2022"
"EC-01704","Ketolent subscriptions have no long term contracts. Pause, cancel, or change at any time. Want to swap Vanilla for Chocolate, or set up to renew every 3 weeks? No problem! Send us an email to help@ketolent.com and we'll make the change for you.",1,"Obstruction","ecommerce","ec_darkpattern","observed_crawler","ec_site_page_886","886",False,"normal","Ketolent subscriptions have no long term contracts. Pause, cancel, or change at any time. Want to swap Vanilla for Chocolate, or set up to renew every 3 weeks? No problem! Send us an email to help@ketolent.com and we'll make the change for you.","Artificial urgency, false scarcity, or social pressure to accelerate purchase.","Apache-2.0","2022"
"EC-01707","Stone Cold Steve Austin",0,"None","ecommerce","ec_darkpattern","observed_crawler","ec_site_page_1026","1026",False,"normal","","","Apache-2.0","2022"
"EC-01709","An item you ordered is in high demand. No worries, we have reserved your order.",1,"Scarcity","ecommerce","ec_darkpattern","observed_crawler","ec_site_page_933","933",False,"normal","An item you ordered is in high demand. No worries, we have reserved your order.","Artificial urgency, false scarcity, or social pressure to accelerate purchase.","Apache-2.0","2022"
"EC-01712","LIMITED TIME ONLY 10 OFF 50 SPEND NEW CUSTOMERS ONLY - TERMS & CONDITIONS APPLY",1,"Urgency","ecommerce","ec_darkpattern","observed_crawler","ec_site_page_1062","1062",False,"normal","LIMITED TIME ONLY 10 OFF 50 SPEND NEW CUSTOMERS ONLY - TERMS & CONDITIONS APPLY","Artificial urgency, false scarcity, or social pressure to accelerate purchase.","Apache-2.0","2022"
"EC-01717","HURRY, THERE ARE ONLY 9 ITEM(S) LEFT!",1,"Scarcity","ecommerce","ec_darkpattern","observed_crawler","ec_site_page_1200","1200",False,"normal","HURRY, THERE ARE ONLY 9 ITEM(S) LEFT!","Artificial urgency, false scarcity, or social pressure to accelerate purchase.","Apache-2.0","2022"
"EC-01718","Tracksuit",0,"None","ecommerce","ec_darkpattern","observed_crawler","ec_site_page_216","216",False,"normal","","","Apache-2.0","2022"
"EC-01719","Trending Style! Sold 4 times today",1,"Social Proof","ecommerce","ec_darkpattern","observed_crawler","ec_site_page_50","50",False,"normal","Trending Style! Sold 4 times today","Artificial urgency, false scarcity, or social pressure to accelerate purchase.","Apache-2.0","2022"
"EC-01720","Long African American Wigs",0,"None","ecommerce","ec_darkpattern","observed_crawler","ec_site_page_573","573",False,"normal","","","Apache-2.0","2022"
"EC-01721","Only one left in stock - order soon!",1,"Scarcity","ecommerce","ec_darkpattern","observed_crawler","ec_site_page_1529","1529",False,"normal","Only one left in stock - order soon!","Artificial urgency, false scarcity, or social pressure to accelerate purchase.","Apache-2.0","2022"
"EC-01722","Hurry, only 1 left in stock!",1,"Scarcity","ecommerce","ec_darkpattern","observed_crawler","ec_site_page_1525","1525",False,"normal","Hurry, only 1 left in stock!","Artificial urgency, false scarcity, or social pressure to accelerate purchase.","Apache-2.0","2022"
"EC-01730","Wireless Microphone",0,"None","ecommerce","ec_darkpattern","observed_crawler","ec_site_page_1648","1648",False,"normal","","","Apache-2.0","2022"
"EC-01733","Cap Construction",0,"None","ecommerce","ec_darkpattern","observed_crawler","ec_site_page_573","573",False,"normal","","","Apache-2.0","2022"
"EC-01737","Matthew in Charleston, South Carolina just purchased The Puffy Lux Mattress",1,"Social Proof","ecommerce","ec_darkpattern","observed_crawler","ec_site_page_77","77",False,"normal","Matthew in Charleston, South Carolina just purchased The Puffy Lux Mattress","Artificial urgency, false scarcity, or social pressure to accelerate purchase.","Apache-2.0","2022"
"EC-01738","LIVE REMAINING STOCK",1,"Scarcity","ecommerce","ec_darkpattern","observed_crawler","ec_site_page_1215","1215",False,"normal","LIVE REMAINING STOCK","Artificial urgency, false scarcity, or social pressure to accelerate purchase.","Apache-2.0","2022"
"EC-01739","Brand: NFL Pro Line by Fanatics Branded",0,"None","ecommerce","ec_darkpattern","observed_crawler","ec_site_page_767","767",False,"normal","","","Apache-2.0","2022"
"EC-01740","339 users are currently active on our website",1,"Social Proof","ecommerce","ec_darkpattern","observed_crawler","ec_site_page_104","104",False,"normal","339 users are currently active on our website","Artificial urgency, false scarcity, or social pressure to accelerate purchase.","Apache-2.0","2022"
"EC-01741","Please Order Within: 0 0 : 0 2 : 4 1 : 10 65",1,"Urgency","ecommerce","ec_darkpattern","observed_crawler","ec_site_page_595","595",False,"normal","Please Order Within: 0 0 : 0 2 : 4 1 : 10 65","Artificial urgency, false scarcity, or social pressure to accelerate purchase.","Apache-2.0","2022"
"EC-01743","Nah, I'll pay full price",1,"Misdirection","ecommerce","ec_darkpattern","observed_crawler","ec_site_page_378","378",False,"normal","Nah, I'll pay full price","Artificial urgency, false scarcity, or social pressure to accelerate purchase.","Apache-2.0","2022"
"EC-01745","Choose which store you would like to visit",0,"None","ecommerce","ec_darkpattern","observed_crawler","ec_site_page_203","203",False,"normal","","","Apache-2.0","2022"
"EC-01746","You may cancel or renew your membership to the VIP Program or find out more information about your VIP Program subscription, including your annual expiration date, by contacting support@grove.co.",1,"Obstruction","ecommerce","ec_darkpattern","observed_crawler","ec_site_page_895","895",False,"normal","You may cancel or renew your membership to the VIP Program or find out more information about your VIP Program subscription, including your annual expiration date, by contacting support@grove.co.","Artificial urgency, false scarcity, or social pressure to accelerate purchase.","Apache-2.0","2022"
"EC-01750","3 items left",1,"Scarcity","ecommerce","ec_darkpattern","observed_crawler","ec_site_page_1169","1169",False,"normal","3 items left","Artificial urgency, false scarcity, or social pressure to accelerate purchase.","Apache-2.0","2022"
"EC-01755","No thanks, I'll pay full price!",1,"Misdirection","ecommerce","ec_darkpattern","observed_crawler","ec_site_page_348","348",False,"normal","No thanks, I'll pay full price!","Artificial urgency, false scarcity, or social pressure to accelerate purchase.","Apache-2.0","2022"
"EC-01758","Flex Mount",0,"None","ecommerce","ec_darkpattern","observed_crawler","ec_site_page_1736","1736",False,"normal","","","Apache-2.0","2022"
"EC-01759","2,229 people have viewed this item",1,"Social Proof","ecommerce","ec_darkpattern","observed_crawler","ec_site_page_265","265",False,"normal","2,229 people have viewed this item","Artificial urgency, false scarcity, or social pressure to accelerate purchase.","Apache-2.0","2022"
"EC-01760","Someone in Castle Hill bought a Philips Essential LED Downlight Kit | 5W 4000K few hours ago.",1,"Social Proof","ecommerce","ec_darkpattern","observed_crawler","ec_site_page_221","221",False,"normal","Someone in Castle Hill bought a Philips Essential LED Downlight Kit | 5W 4000K few hours ago.","Artificial urgency, false scarcity, or social pressure to accelerate purchase.","Apache-2.0","2022"
"EC-01763","from France",0,"None","ecommerce","ec_darkpattern","observed_crawler","ec_site_page_1333","1333",False,"normal","","","Apache-2.0","2022"
"EC-01766","This is in 5 other carts.",1,"Social Proof","ecommerce","ec_darkpattern","observed_crawler","ec_site_page_182","182",False,"normal","This is in 5 other carts.","Artificial urgency, false scarcity, or social pressure to accelerate purchase.","Apache-2.0","2022"
"EC-01771","style to command",0,"None","ecommerce","ec_darkpattern","observed_crawler","ec_site_page_1653","1653",False,"normal","","","Apache-2.0","2022"
"EC-01773","LIMITED TIME: FREE SHIPPING LOWERED TO ORDERS OVER $69.95!",1,"Urgency","ecommerce","ec_darkpattern","observed_crawler","ec_site_page_1003","1003",False,"normal","LIMITED TIME: FREE SHIPPING LOWERED TO ORDERS OVER $69.95!","Artificial urgency, false scarcity, or social pressure to accelerate purchase.","Apache-2.0","2022"
"EC-01774","sweatshirts",0,"None","ecommerce","ec_darkpattern","observed_crawler","ec_site_page_767","767",False,"normal","","","Apache-2.0","2022"
"EC-01775","On Sale! Limited Time Offer!",1,"Urgency","ecommerce","ec_darkpattern","observed_crawler","ec_site_page_1019","1019",False,"normal","On Sale! Limited Time Offer!","Artificial urgency, false scarcity, or social pressure to accelerate purchase.","Apache-2.0","2022"
"EC-01776","Sierra in Cypress, California bought Beauty In All Dress, Dusty Blue about 46 minutes ago",1,"Social Proof","ecommerce","ec_darkpattern","observed_crawler","ec_site_page_100","100",False,"normal","Sierra in Cypress, California bought Beauty In All Dress, Dusty Blue about 46 minutes ago","Artificial urgency, false scarcity, or social pressure to accelerate purchase.","Apache-2.0","2022"
"EC-01777","Ladies Flower Print Casual Fashion Dress",0,"None","ecommerce","ec_darkpattern","observed_crawler","ec_site_page_622","622",False,"normal","","","Apache-2.0","2022"
"EC-01780","Wall art",0,"None","ecommerce","ec_darkpattern","observed_crawler","ec_site_page_133","133",False,"normal","","","Apache-2.0","2022"
"EC-01784","An item you ordered is in high demand. No worries, we have prioritized your order.",1,"Scarcity","ecommerce","ec_darkpattern","observed_crawler","ec_site_page_951","951",False,"normal","An item you ordered is in high demand. No worries, we have prioritized your order.","Artificial urgency, false scarcity, or social pressure to accelerate purchase.","Apache-2.0","2022"
"EC-01787","Casual Sheath Chiffon Sequins Straps V-neck Sleeveless Bridesmaid Dress",0,"None","ecommerce","ec_darkpattern","observed_crawler","ec_site_page_714","714",False,"normal","","","Apache-2.0","2022"
"EC-01788","No thanks, I don't like savings",1,"Misdirection","ecommerce","ec_darkpattern","observed_crawler","ec_site_page_479","479",False,"normal","No thanks, I don't like savings","Artificial urgency, false scarcity, or social pressure to accelerate purchase.","Apache-2.0","2022"
"EC-01789","We use cookies to give you the best experience possible. No personal information is stored. Using this website means that you are ok with this cookie policy.",0,"None","ecommerce","ec_darkpattern","observed_crawler","ec_site_page_264","264",False,"normal","","","Apache-2.0","2022"
"EC-01790","218 people have added this item to cart",1,"Social Proof","ecommerce","ec_darkpattern","observed_crawler","ec_site_page_33","33",False,"normal","218 people have added this item to cart","Artificial urgency, false scarcity, or social pressure to accelerate purchase.","Apache-2.0","2022"
"EC-01793","Port, Sherry & Sweet Wine",0,"None","ecommerce","ec_darkpattern","observed_crawler","ec_site_page_1489","1489",False,"normal","","","Apache-2.0","2022"
"EC-01794","No thanks, I prefer to pay more for shoes!",1,"Misdirection","ecommerce","ec_darkpattern","observed_crawler","ec_site_page_383","383",False,"normal","No thanks, I prefer to pay more for shoes!","Artificial urgency, false scarcity, or social pressure to accelerate purchase.","Apache-2.0","2022"
"EC-01795","Engine Cooling System",0,"None","ecommerce","ec_darkpattern","observed_crawler","ec_site_page_1451","1451",False,"normal","","","Apache-2.0","2022"
"EC-01799","These cookies are usually set by our marketing and advertising partners. They may be used by them to build a profile of your interest and later show you relevant ads. If you do not allow these cookies you will not experience targeted ads for your interests.",0,"None","ecommerce","ec_darkpattern","observed_crawler","ec_site_page_1590","1590",False,"normal","","","Apache-2.0","2022"
"EC-01801","EDC-V Megalodon Bottle Opener - Brass (Exclusive)",0,"None","ecommerce","ec_darkpattern","observed_crawler","ec_site_page_1196","1196",False,"normal","","","Apache-2.0","2022"
"EC-01802","Availability: Low in stock today",1,"Scarcity","ecommerce","ec_darkpattern","observed_crawler","ec_site_page_1107","1107",False,"normal","Availability: Low in stock today","Artificial urgency, false scarcity, or social pressure to accelerate purchase.","Apache-2.0","2022"
"EC-01803","NO THANKS",1,"Misdirection","ecommerce","ec_darkpattern","observed_crawler","ec_site_page_1736","1736",False,"normal","NO THANKS","Artificial urgency, false scarcity, or social pressure to accelerate purchase.","Apache-2.0","2022"
"EC-01805","Popular item! 🔥 27 people recently purchased this.",1,"Social Proof","ecommerce","ec_darkpattern","observed_crawler","ec_site_page_85","85",False,"normal","Popular item! 🔥 27 people recently purchased this.","Artificial urgency, false scarcity, or social pressure to accelerate purchase.","Apache-2.0","2022"
"EC-01807","105 pawrents are buying for their furkids now!",1,"Social Proof","ecommerce","ec_darkpattern","observed_crawler","ec_site_page_103","103",False,"normal","105 pawrents are buying for their furkids now!","Artificial urgency, false scarcity, or social pressure to accelerate purchase.","Apache-2.0","2022"
"EC-01810","No reviews yet Write a review",0,"None","ecommerce","ec_darkpattern","observed_crawler","ec_site_page_1317","1317",False,"normal","","","Apache-2.0","2022"
"EC-01811","Continue with Facebook Continue with Google",0,"None","ecommerce","ec_darkpattern","observed_crawler","ec_site_page_782","782",False,"normal","","","Apache-2.0","2022"
"EC-01815","Low Stock! Only 3 left.",1,"Scarcity","ecommerce","ec_darkpattern","observed_crawler","ec_site_page_1403","1403",False,"normal","Low Stock! Only 3 left.","Artificial urgency, false scarcity, or social pressure to accelerate purchase.","Apache-2.0","2022"
"EC-01816","PopGrip Antimicrobial Refine by Product Type: PopGrip Antimicrobial",0,"None","ecommerce","ec_darkpattern","observed_crawler","ec_site_page_1736","1736",False,"normal","","","Apache-2.0","2022"
"EC-01819","117 people have viewed this item in the last 7 days.",1,"Social Proof","ecommerce","ec_darkpattern","observed_crawler","ec_site_page_67","67",False,"normal","117 people have viewed this item in the last 7 days.","Artificial urgency, false scarcity, or social pressure to accelerate purchase.","Apache-2.0","2022"
"EC-01820","41 people have looked at this in the last couple of hours",1,"Social Proof","ecommerce","ec_darkpattern","observed_crawler","ec_site_page_305","305",False,"normal","41 people have looked at this in the last couple of hours","Artificial urgency, false scarcity, or social pressure to accelerate purchase.","Apache-2.0","2022"
"EC-01821","Only 1 left in stock! Order soon!",1,"Scarcity","ecommerce","ec_darkpattern","observed_crawler","ec_site_page_1440","1440",False,"normal","Only 1 left in stock! Order soon!","Artificial urgency, false scarcity, or social pressure to accelerate purchase.","Apache-2.0","2022"
"EC-01823","Limited Time Promo $194.00",1,"Urgency","ecommerce","ec_darkpattern","observed_crawler","ec_site_page_1007","1007",False,"normal","Limited Time Promo $194.00","Artificial urgency, false scarcity, or social pressure to accelerate purchase.","Apache-2.0","2022"
"EC-01827","Charity Collection",0,"None","ecommerce","ec_darkpattern","observed_crawler","ec_site_page_1328","1328",False,"normal","","","Apache-2.0","2022"
"EC-01828","James from Colonia purchased a",1,"Social Proof","ecommerce","ec_darkpattern","observed_crawler","ec_site_page_170","170",False,"normal","James from Colonia purchased a","Artificial urgency, false scarcity, or social pressure to accelerate purchase.","Apache-2.0","2022"
"EC-01829","$132.90 $99.00",1,"Misdirection","ecommerce","ec_darkpattern","observed_crawler","ec_site_page_1814","1814",False,"normal","$132.90 $99.00","Artificial urgency, false scarcity, or social pressure to accelerate purchase.","Apache-2.0","2022"
"EC-01830","Graphic T-Shirts",0,"None","ecommerce","ec_darkpattern","observed_crawler","ec_site_page_350","350",False,"normal","","","Apache-2.0","2022"
"EC-01831","Landofcoder can power almost ANY marketplace you think of",0,"None","ecommerce","ec_darkpattern","observed_crawler","ec_site_page_534","534",False,"normal","","","Apache-2.0","2022"
"EC-01834","Excellent service all round",0,"None","ecommerce","ec_darkpattern","observed_crawler","ec_site_page_688","688",False,"normal","","","Apache-2.0","2022"
"EC-01835","View all",0,"None","ecommerce","ec_darkpattern","observed_crawler","ec_site_page_216","216",False,"normal","","","Apache-2.0","2022"
"EC-01836","韓國香氛 Cosmic Mansion",0,"None","ecommerce","ec_darkpattern","observed_crawler","ec_site_page_1272","1272",False,"normal","","","Apache-2.0","2022"
"EC-01839","Shop All Vape Kits",0,"None","ecommerce","ec_darkpattern","observed_crawler","ec_site_page_664","664",False,"normal","","","Apache-2.0","2022"
"EC-01841","No thanks, I don't want to save up to 75%",1,"Misdirection","ecommerce","ec_darkpattern","observed_crawler","ec_site_page_482","482",False,"normal","No thanks, I don't want to save up to 75%","Artificial urgency, false scarcity, or social pressure to accelerate purchase.","Apache-2.0","2022"
"EC-01842","Tristan in Markham, Canada purchased a Dragon Baseball Jersey",1,"Social Proof","ecommerce","ec_darkpattern","observed_crawler","ec_site_page_101","101",False,"normal","Tristan in Markham, Canada purchased a Dragon Baseball Jersey","Artificial urgency, false scarcity, or social pressure to accelerate purchase.","Apache-2.0","2022"
"EC-01844","Short",0,"None","ecommerce","ec_darkpattern","observed_crawler","ec_site_page_1405","1405",False,"normal","","","Apache-2.0","2022"
"EC-01845","7 left in stock",1,"Scarcity","ecommerce","ec_darkpattern","observed_crawler","ec_site_page_1602","1602",False,"normal","7 left in stock","Artificial urgency, false scarcity, or social pressure to accelerate purchase.","Apache-2.0","2022"
"EC-01847","Add to Wish List(13 People Have Added)",1,"Social Proof","ecommerce","ec_darkpattern","observed_crawler","ec_site_page_254","254",False,"normal","Add to Wish List(13 People Have Added)","Artificial urgency, false scarcity, or social pressure to accelerate purchase.","Apache-2.0","2022"
"EC-01849","Embossing Powder",0,"None","ecommerce","ec_darkpattern","observed_crawler","ec_site_page_1446","1446",False,"normal","","","Apache-2.0","2022"
"EC-01859","Fashion Short Sleeve Crew Neck Print Dress",0,"None","ecommerce","ec_darkpattern","observed_crawler","ec_site_page_622","622",False,"normal","","","Apache-2.0","2022"
"EC-01860","We have 1 left in stock",1,"Scarcity","ecommerce","ec_darkpattern","observed_crawler","ec_site_page_1086","1086",False,"normal","We have 1 left in stock","Artificial urgency, false scarcity, or social pressure to accelerate purchase.","Apache-2.0","2022"
"EC-01862","Wife",0,"None","ecommerce","ec_darkpattern","observed_crawler","ec_site_page_680","680",False,"normal","","","Apache-2.0","2022"
"EC-01864","0 DAYS22 HOURS13 MINUTES21 SECONDS",1,"Urgency","ecommerce","ec_darkpattern","observed_crawler","ec_site_page_512","512",False,"normal","0 DAYS22 HOURS13 MINUTES21 SECONDS","Artificial urgency, false scarcity, or social pressure to accelerate purchase.","Apache-2.0","2022"
"EC-01865","Articles: Medical Matters",0,"None","ecommerce","ec_darkpattern","observed_crawler","ec_site_page_1044","1044",False,"normal","","","Apache-2.0","2022"
"EC-01867","Jamie from Eloy United States purchased a CBD Oil Vape Additives 4 Pack About 7 hours ago",1,"Social Proof","ecommerce","ec_darkpattern","observed_crawler","ec_site_page_7","7",False,"normal","Jamie from Eloy United States purchased a CBD Oil Vape Additives 4 Pack About 7 hours ago","Artificial urgency, false scarcity, or social pressure to accelerate purchase.","Apache-2.0","2022"
"EC-01868","251 people are viewing this right now",1,"Social Proof","ecommerce","ec_darkpattern","observed_crawler","ec_site_page_219","219",False,"normal","251 people are viewing this right now","Artificial urgency, false scarcity, or social pressure to accelerate purchase.","Apache-2.0","2022"
"EC-01869","All Girls Clothing",0,"None","ecommerce","ec_darkpattern","observed_crawler","ec_site_page_833","833",False,"normal","","","Apache-2.0","2022"
"EC-01870","Join the Team",0,"None","ecommerce","ec_darkpattern","observed_crawler","ec_site_page_1026","1026",False,"normal","","","Apache-2.0","2022"
"EC-01872","HURRY ONLY 1 ITEM LEFT!",1,"Scarcity","ecommerce","ec_darkpattern","observed_crawler","ec_site_page_1534","1534",False,"normal","HURRY ONLY 1 ITEM LEFT!","Artificial urgency, false scarcity, or social pressure to accelerate purchase.","Apache-2.0","2022"
"EC-01873","What Are Healing Crystals?",0,"None","ecommerce","ec_darkpattern","observed_crawler","ec_site_page_568","568",False,"normal","","","Apache-2.0","2022"
"EC-01876","50% OFF Everything (yep, even sale) + $5.99 Shipping* ENDS IN 12h 13m 56s",1,"Urgency","ecommerce","ec_darkpattern","observed_crawler","ec_site_page_483","483",False,"normal","50% OFF Everything (yep, even sale) + $5.99 Shipping* ENDS IN 12h 13m 56s","Artificial urgency, false scarcity, or social pressure to accelerate purchase.","Apache-2.0","2022"
"EC-01877","Tyler in Norwalk, United States purchased a",1,"Social Proof","ecommerce","ec_darkpattern","observed_crawler","ec_site_page_45","45",False,"normal","Tyler in Norwalk, United States purchased a","Artificial urgency, false scarcity, or social pressure to accelerate purchase.","Apache-2.0","2022"
"EC-01878","Someone in Pittsworth bought a Ultimate COLT Anal Training Kit 2 hours ago",1,"Social Proof","ecommerce","ec_darkpattern","observed_crawler","ec_site_page_244","244",False,"normal","Someone in Pittsworth bought a Ultimate COLT Anal Training Kit 2 hours ago","Artificial urgency, false scarcity, or social pressure to accelerate purchase.","Apache-2.0","2022"
"EC-01880","Someone in Shelby twp, United States just bought Galaxy Note 8 10000mAh ZeroShock Battery Case 3 days ago",1,"Social Proof","ecommerce","ec_darkpattern","observed_crawler","ec_site_page_310","310",False,"normal","Someone in Shelby twp, United States just bought Galaxy Note 8 10000mAh ZeroShock Battery Case 3 days ago","Artificial urgency, false scarcity, or social pressure to accelerate purchase.","Apache-2.0","2022"
"EC-01881","Charleston",0,"None","ecommerce","ec_darkpattern","observed_crawler","ec_site_page_350","350",False,"normal","","","Apache-2.0","2022"
"EC-01883","(Only 1 left!)",1,"Scarcity","ecommerce","ec_darkpattern","observed_crawler","ec_site_page_1342","1342",False,"normal","(Only 1 left!)","Artificial urgency, false scarcity, or social pressure to accelerate purchase.","Apache-2.0","2022"
"EC-01885","How do I cancel my membership? We are confident you will enjoy your Premium Membership. If for any reason you are not completely satisfied within the first 30 days of your paid Annual Membership, we will refund 100% of your membership fee no questions asked. After 30 days we will refund your membership fee on a pro-rated basis. There are no refunds on Monthly Memberships. To obtain a refund, please contact us at 1-855-253-0822 or by email at wwgoasubscription@program-director.net.",1,"Obstruction","ecommerce","ec_darkpattern","observed_crawler","ec_site_page_911","911",False,"normal","How do I cancel my membership? We are confident you will enjoy your Premium Membership. If for any reason you are not completely satisfied within the first 30 days of your paid Annual Membership, we will refund 100% of your membership fee no questions asked. After 30 days we will refund your membership fee on a pro-rated basis. There are no refunds on Monthly Memberships. To obtain a refund, please contact us at 1-855-253-0822 or by email at wwgoasubscription@program-director.net.","Artificial urgency, false scarcity, or social pressure to accelerate purchase.","Apache-2.0","2022"
"EC-01886","Last one available",1,"Scarcity","ecommerce","ec_darkpattern","observed_crawler","ec_site_page_1333","1333",False,"normal","Last one available","Artificial urgency, false scarcity, or social pressure to accelerate purchase.","Apache-2.0","2022"
"EC-01888","Upcoming Events",0,"None","ecommerce","ec_darkpattern","observed_crawler","ec_site_page_1759","1759",False,"normal","","","Apache-2.0","2022"
"EC-01890","Free People",0,"None","ecommerce","ec_darkpattern","observed_crawler","ec_site_page_1330","1330",False,"normal","","","Apache-2.0","2022"
"EC-01891","Carol in St. Louis, Missouri bought Original USB Charging Anti-Theft Backpack",1,"Social Proof","ecommerce","ec_darkpattern","observed_crawler","ec_site_page_241","241",False,"normal","Carol in St. Louis, Missouri bought Original USB Charging Anti-Theft Backpack","Artificial urgency, false scarcity, or social pressure to accelerate purchase.","Apache-2.0","2022"
"EC-01893","Shop All Golf Balls",0,"None","ecommerce","ec_darkpattern","observed_crawler","ec_site_page_149","149",False,"normal","","","Apache-2.0","2022"
"EC-01895","Gut Health",0,"None","ecommerce","ec_darkpattern","observed_crawler","ec_site_page_803","803",False,"normal","","","Apache-2.0","2022"
"EC-01897","Naked Wolfe",0,"None","ecommerce","ec_darkpattern","observed_crawler","ec_site_page_1373","1373",False,"normal","","","Apache-2.0","2022"
"EC-01898","How about these?",1,"Misdirection","ecommerce","ec_darkpattern","observed_crawler","ec_site_page_1707","1707",False,"normal","How about these?","Artificial urgency, false scarcity, or social pressure to accelerate purchase.","Apache-2.0","2022"
"EC-01899","Only 14 left in stock",1,"Scarcity","ecommerce","ec_darkpattern","observed_crawler","ec_site_page_1091","1091",False,"normal","Only 14 left in stock","Artificial urgency, false scarcity, or social pressure to accelerate purchase.","Apache-2.0","2022"
"EC-01900","Optimized Patch System",0,"None","ecommerce","ec_darkpattern","observed_crawler","ec_site_page_1759","1759",False,"normal","","","Apache-2.0","2022"
"EC-01902","Anniversary Gifts",0,"None","ecommerce","ec_darkpattern","observed_crawler","ec_site_page_1241","1241",False,"normal","","","Apache-2.0","2022"
"EC-01903","No, thanks, I´d rather pay more",1,"Misdirection","ecommerce","ec_darkpattern","observed_crawler","ec_site_page_345","345",False,"normal","No, thanks, I´d rather pay more","Artificial urgency, false scarcity, or social pressure to accelerate purchase.","Apache-2.0","2022"
"EC-01904","Someone in Culgoa, Australia purchased Savelli Epic Mens Comfortable Leather Lace Up Boots Made In Brazil",1,"Social Proof","ecommerce","ec_darkpattern","observed_crawler","ec_site_page_144","144",False,"normal","Someone in Culgoa, Australia purchased Savelli Epic Mens Comfortable Leather Lace Up Boots Made In Brazil","Artificial urgency, false scarcity, or social pressure to accelerate purchase.","Apache-2.0","2022"
"EC-01909","Someone in Paris, France just purchased a Kanpeki Knife Set",1,"Social Proof","ecommerce","ec_darkpattern","observed_crawler","ec_site_page_53","53",False,"normal","Someone in Paris, France just purchased a Kanpeki Knife Set","Artificial urgency, false scarcity, or social pressure to accelerate purchase.","Apache-2.0","2022"
"EC-01910","WWE New Arrivals",0,"None","ecommerce","ec_darkpattern","observed_crawler","ec_site_page_1026","1026",False,"normal","","","Apache-2.0","2022"
"EC-01911","Alpha BRAIN® is a dietary supplement that helps support cognitive functions, including memory, mental speed, and focus.†",0,"None","ecommerce","ec_darkpattern","observed_crawler","ec_site_page_1759","1759",False,"normal","","","Apache-2.0","2022"
"EC-01912","Someone in Ampang, Malaysia just bought",1,"Social Proof","ecommerce","ec_darkpattern","observed_crawler","ec_site_page_46","46",False,"normal","Someone in Ampang, Malaysia just bought","Artificial urgency, false scarcity, or social pressure to accelerate purchase.","Apache-2.0","2022"
"EC-01914","THE COMPETITION $1,299.99",1,"Misdirection","ecommerce","ec_darkpattern","observed_crawler","ec_site_page_1803","1803",False,"normal","THE COMPETITION $1,299.99","Artificial urgency, false scarcity, or social pressure to accelerate purchase.","Apache-2.0","2022"
"EC-01919","No thanks, I’ll skip this amazing super-saver deal. I don’t need so many beautiful textures",1,"Misdirection","ecommerce","ec_darkpattern","observed_crawler","ec_site_page_319","319",False,"normal","No thanks, I’ll skip this amazing super-saver deal. I don’t need so many beautiful textures","Artificial urgency, false scarcity, or social pressure to accelerate purchase.","Apache-2.0","2022"
"EC-01920","SAA Oil & Acrylic Brushes",0,"None","ecommerce","ec_darkpattern","observed_crawler","ec_site_page_907","907",False,"normal","","","Apache-2.0","2022"
"EC-01921","1 left, order now!",1,"Scarcity","ecommerce","ec_darkpattern","observed_crawler","ec_site_page_1291","1291",False,"normal","1 left, order now!","Artificial urgency, false scarcity, or social pressure to accelerate purchase.","Apache-2.0","2022"
"EC-01922","Vacation One Shoulder Loosen Long Sleeve Woven Dress",0,"None","ecommerce","ec_darkpattern","observed_crawler","ec_site_page_825","825",False,"normal","","","Apache-2.0","2022"
"EC-01923","Lip Balms & Treatments",0,"None","ecommerce","ec_darkpattern","observed_crawler","ec_site_page_1428","1428",False,"normal","","","Apache-2.0","2022"
"EC-01925","Other Applications",0,"None","ecommerce","ec_darkpattern","observed_crawler","ec_site_page_1051","1051",False,"normal","","","Apache-2.0","2022"
"EC-01926","No thanks, I don’t want to save",1,"Misdirection","ecommerce","ec_darkpattern","observed_crawler","ec_site_page_406","406",False,"normal","No thanks, I don’t want to save","Artificial urgency, false scarcity, or social pressure to accelerate purchase.","Apache-2.0","2022"
"EC-01927","High Gable Sheds",0,"None","ecommerce","ec_darkpattern","observed_crawler","ec_site_page_662","662",False,"normal","","","Apache-2.0","2022"
"EC-01928","Wondering where to buy White Cloud products in the U.S.? Our distributor list is growing! Bookmark our list and stay tuned!",0,"None","ecommerce","ec_darkpattern","observed_crawler","ec_site_page_861","861",False,"normal","","","Apache-2.0","2022"
"EC-01931","Wait! YOUR CART QUALIFIES FOR 15% OFF YOUR ENTIRE ORDER. Offer Expires in: 2955",1,"Urgency","ecommerce","ec_darkpattern","observed_crawler","ec_site_page_725","725",False,"normal","Wait! YOUR CART QUALIFIES FOR 15% OFF YOUR ENTIRE ORDER. Offer Expires in: 2955","Artificial urgency, false scarcity, or social pressure to accelerate purchase.","Apache-2.0","2022"
"EC-01933","Air Purifying Plants",0,"None","ecommerce","ec_darkpattern","observed_crawler","ec_site_page_680","680",False,"normal","","","Apache-2.0","2022"
"EC-01935","Our Story",0,"None","ecommerce","ec_darkpattern","observed_crawler","ec_site_page_4","4",False,"normal","","","Apache-2.0","2022"
"EC-01939","Start SellingSearchWishlistAccountCartCart",0,"None","ecommerce","ec_darkpattern","observed_crawler","ec_site_page_133","133",False,"normal","","","Apache-2.0","2022"
"EC-01940","61 people have already bought that product today with 50% discount",1,"Social Proof","ecommerce","ec_darkpattern","observed_crawler","ec_site_page_30","30",False,"normal","61 people have already bought that product today with 50% discount","Artificial urgency, false scarcity, or social pressure to accelerate purchase.","Apache-2.0","2022"
"EC-01941","89 currently viewing",1,"Social Proof","ecommerce","ec_darkpattern","observed_crawler","ec_site_page_155","155",False,"normal","89 currently viewing","Artificial urgency, false scarcity, or social pressure to accelerate purchase.","Apache-2.0","2022"
"EC-01942","Used Leica Cameras",0,"None","ecommerce","ec_darkpattern","observed_crawler","ec_site_page_754","754",False,"normal","","","Apache-2.0","2022"
"EC-01947","American Diamond Earrings",0,"None","ecommerce","ec_darkpattern","observed_crawler","ec_site_page_1241","1241",False,"normal","","","Apache-2.0","2022"
"EC-01948","cm in",0,"None","ecommerce","ec_darkpattern","observed_crawler","ec_site_page_300","300",False,"normal","","","Apache-2.0","2022"
"EC-01949","Personalize your doll",1,"Misdirection","ecommerce","ec_darkpattern","observed_crawler","ec_site_page_1715","1715",False,"normal","Personalize your doll","Artificial urgency, false scarcity, or social pressure to accelerate purchase.","Apache-2.0","2022"
"EC-01951","Searching...",0,"None","ecommerce","ec_darkpattern","observed_crawler","ec_site_page_216","216",False,"normal","","","Apache-2.0","2022"
"EC-01952","Flat Iron",0,"None","ecommerce","ec_darkpattern","observed_crawler","ec_site_page_1260","1260",False,"normal","","","Apache-2.0","2022"
"EC-01955","Someone from Osijek, Croatia just bought TMC CP Style Single Pistol Pouch",1,"Social Proof","ecommerce","ec_darkpattern","observed_crawler","ec_site_page_306","306",False,"normal","Someone from Osijek, Croatia just bought TMC CP Style Single Pistol Pouch","Artificial urgency, false scarcity, or social pressure to accelerate purchase.","Apache-2.0","2022"
"EC-01956","View product View SAA Standard Membership Renewal - Credit/Debit Card - One Year Only",0,"None","ecommerce","ec_darkpattern","observed_crawler","ec_site_page_907","907",False,"normal","","","Apache-2.0","2022"
"EC-01958","Packed with Super Citrimax",0,"None","ecommerce","ec_darkpattern","observed_crawler","ec_site_page_25","25",False,"normal","","","Apache-2.0","2022"
"EC-01959","No thanks, I don't want to look my best",1,"Misdirection","ecommerce","ec_darkpattern","observed_crawler","ec_site_page_394","394",False,"normal","No thanks, I don't want to look my best","Artificial urgency, false scarcity, or social pressure to accelerate purchase.","Apache-2.0","2022"
"EC-01962","Want more inspiration and styling tips? Dive into The Southern Edit, Southern Tide’s lifestyle blog, and follow us on social media.",0,"None","ecommerce","ec_darkpattern","observed_crawler","ec_site_page_350","350",False,"normal","","","Apache-2.0","2022"
"EC-01963","The Wizard of Oz",0,"None","ecommerce","ec_darkpattern","observed_crawler","ec_site_page_1367","1367",False,"normal","","","Apache-2.0","2022"
"EC-01964","ONLY 5 LEFT, ORDER SOON!",1,"Scarcity","ecommerce","ec_darkpattern","observed_crawler","ec_site_page_1463","1463",False,"normal","ONLY 5 LEFT, ORDER SOON!","Artificial urgency, false scarcity, or social pressure to accelerate purchase.","Apache-2.0","2022"
"EC-01965","Prices shown for delivery to JAPAN Change delivery country",0,"None","ecommerce","ec_darkpattern","observed_crawler","ec_site_page_198","198",False,"normal","","","Apache-2.0","2022"
"EC-01966","Barbour International",0,"None","ecommerce","ec_darkpattern","observed_crawler","ec_site_page_833","833",False,"normal","","","Apache-2.0","2022"
"EC-01967","70% offers claimed. Hurry up!",1,"Scarcity","ecommerce","ec_darkpattern","observed_crawler","ec_site_page_1100","1100",False,"normal","70% offers claimed. Hurry up!","Artificial urgency, false scarcity, or social pressure to accelerate purchase.","Apache-2.0","2022"
"EC-01974","I wish to Start Shopping but I don't want to receive daily email alerts about your amazing discounts on luxury brands.",1,"Misdirection","ecommerce","ec_darkpattern","observed_crawler","ec_site_page_1797","1797",False,"normal","I wish to Start Shopping but I don't want to receive daily email alerts about your amazing discounts on luxury brands.","Artificial urgency, false scarcity, or social pressure to accelerate purchase.","Apache-2.0","2022"
"EC-01976","3 Left!",1,"Scarcity","ecommerce","ec_darkpattern","observed_crawler","ec_site_page_1638","1638",False,"normal","3 Left!","Artificial urgency, false scarcity, or social pressure to accelerate purchase.","Apache-2.0","2022"
"EC-01979","Only 1 left in stock - Order soon",1,"Scarcity","ecommerce","ec_darkpattern","observed_crawler","ec_site_page_1154","1154",False,"normal","Only 1 left in stock - Order soon","Artificial urgency, false scarcity, or social pressure to accelerate purchase.","Apache-2.0","2022"
"EC-01980","Only 1 left.",1,"Scarcity","ecommerce","ec_darkpattern","observed_crawler","ec_site_page_1220","1220",False,"normal","Only 1 left.","Artificial urgency, false scarcity, or social pressure to accelerate purchase.","Apache-2.0","2022"
"EC-01981","Soft Toys",0,"None","ecommerce","ec_darkpattern","observed_crawler","ec_site_page_680","680",False,"normal","","","Apache-2.0","2022"
"EC-01982","ONCE IT'S GONE, IT'S GONE",1,"Scarcity","ecommerce","ec_darkpattern","observed_crawler","ec_site_page_960","960",False,"normal","ONCE IT'S GONE, IT'S GONE","Artificial urgency, false scarcity, or social pressure to accelerate purchase.","Apache-2.0","2022"
"EC-01984","Full HD 144Hz IPS Anti-Glare (1920 x 1080) FREE Upgrade (Limited time offer!)",1,"Urgency","ecommerce","ec_darkpattern","observed_crawler","ec_site_page_1018","1018",False,"normal","Full HD 144Hz IPS Anti-Glare (1920 x 1080) FREE Upgrade (Limited time offer!)","Artificial urgency, false scarcity, or social pressure to accelerate purchase.","Apache-2.0","2022"
"EC-01985","EXTRA -30% OFF WITH CODE: EXTRA30 Ends in: 0 0 0 0 days 0 0 4 4 hours . 0 0 9 9 min . 2 2 8 8 sec",1,"Urgency","ecommerce","ec_darkpattern","observed_crawler","ec_site_page_546","546",False,"normal","EXTRA -30% OFF WITH CODE: EXTRA30 Ends in: 0 0 0 0 days 0 0 4 4 hours . 0 0 9 9 min . 2 2 8 8 sec","Artificial urgency, false scarcity, or social pressure to accelerate purchase.","Apache-2.0","2022"
"EC-01986","Elegant A Line Short Sleeve Satin Bateau Floor-length Mother of the Bride Dress with Ribbon",0,"None","ecommerce","ec_darkpattern","observed_crawler","ec_site_page_714","714",False,"normal","","","Apache-2.0","2022"
"EC-01987","Tidal Waves Collection",0,"None","ecommerce","ec_darkpattern","observed_crawler","ec_site_page_991","991",False,"normal","","","Apache-2.0","2022"
"EC-01988","POPULAR 62 others checked this out in the last few hours.",1,"Social Proof","ecommerce","ec_darkpattern","observed_crawler","ec_site_page_260","260",False,"normal","POPULAR 62 others checked this out in the last few hours.","Artificial urgency, false scarcity, or social pressure to accelerate purchase.","Apache-2.0","2022"
"EC-01992","PopWallet+ Refine by Product Type: PopWallet+",0,"None","ecommerce","ec_darkpattern","observed_crawler","ec_site_page_1736","1736",False,"normal","","","Apache-2.0","2022"
"EC-01993","FootwearHome & Office",0,"None","ecommerce","ec_darkpattern","observed_crawler","ec_site_page_767","767",False,"normal","","","Apache-2.0","2022"
"EC-01995","HURRY! ONLY 11 LEFT IN STOCK.",1,"Scarcity","ecommerce","ec_darkpattern","observed_crawler","ec_site_page_1693","1693",False,"normal","HURRY! ONLY 11 LEFT IN STOCK.","Artificial urgency, false scarcity, or social pressure to accelerate purchase.","Apache-2.0","2022"
"EC-01997","family",0,"None","ecommerce","ec_darkpattern","observed_crawler","ec_site_page_1590","1590",False,"normal","","","Apache-2.0","2022"
"EC-01998","Kinky Curly Wigs",0,"None","ecommerce","ec_darkpattern","observed_crawler","ec_site_page_573","573",False,"normal","","","Apache-2.0","2022"
"EC-01999","Devices",0,"None","ecommerce","ec_darkpattern","observed_crawler","ec_site_page_117","117",False,"normal","","","Apache-2.0","2022"
"EC-02001","Digital Device Covers",0,"None","ecommerce","ec_darkpattern","observed_crawler","ec_site_page_1351","1351",False,"normal","","","Apache-2.0","2022"
"EC-02006","手錶 / Watches",0,"None","ecommerce","ec_darkpattern","observed_crawler","ec_site_page_1272","1272",False,"normal","","","Apache-2.0","2022"
"EC-02008","52 people have added this product to bag in the last 72 hours",1,"Social Proof","ecommerce","ec_darkpattern","observed_crawler","ec_site_page_297","297",False,"normal","52 people have added this product to bag in the last 72 hours","Artificial urgency, false scarcity, or social pressure to accelerate purchase.","Apache-2.0","2022"
"EC-02009","156 sold in last 24 hours",1,"Social Proof","ecommerce","ec_darkpattern","observed_crawler","ec_site_page_211","211",False,"normal","156 sold in last 24 hours","Artificial urgency, false scarcity, or social pressure to accelerate purchase.","Apache-2.0","2022"
"EC-02011","Offer ends 0Hours:04Minutes:46Seconds",1,"Urgency","ecommerce","ec_darkpattern","observed_crawler","ec_site_page_707","707",False,"normal","Offer ends 0Hours:04Minutes:46Seconds","Artificial urgency, false scarcity, or social pressure to accelerate purchase.","Apache-2.0","2022"
"EC-02012","COMBAT GEARHot",0,"None","ecommerce","ec_darkpattern","observed_crawler","ec_site_page_306","306",False,"normal","","","Apache-2.0","2022"
"EC-02014","Order in 14:53 to get 2 pillows for free",1,"Urgency","ecommerce","ec_darkpattern","observed_crawler","ec_site_page_763","763",False,"normal","Order in 14:53 to get 2 pillows for free","Artificial urgency, false scarcity, or social pressure to accelerate purchase.","Apache-2.0","2022"
"EC-02015","HURRY ONLY 9 LEFT IN STOCK!",1,"Scarcity","ecommerce","ec_darkpattern","observed_crawler","ec_site_page_1153","1153",False,"normal","HURRY ONLY 9 LEFT IN STOCK!","Artificial urgency, false scarcity, or social pressure to accelerate purchase.","Apache-2.0","2022"
"EC-02018","Select shake flavor:",0,"None","ecommerce","ec_darkpattern","observed_crawler","ec_site_page_25","25",False,"normal","","","Apache-2.0","2022"
"EC-02019","ON SALE AT $1.99 FOR A LIMITED TIME",1,"Urgency","ecommerce","ec_darkpattern","observed_crawler","ec_site_page_1002","1002",False,"normal","ON SALE AT $1.99 FOR A LIMITED TIME","Artificial urgency, false scarcity, or social pressure to accelerate purchase.","Apache-2.0","2022"
"EC-02023","Other Snacks",0,"None","ecommerce","ec_darkpattern","observed_crawler","ec_site_page_1351","1351",False,"normal","","","Apache-2.0","2022"
"EC-02026","Other Promotions",0,"None","ecommerce","ec_darkpattern","observed_crawler","ec_site_page_149","149",False,"normal","","","Apache-2.0","2022"
"EC-02027","Recommended",0,"None","ecommerce","ec_darkpattern","observed_crawler","ec_site_page_1026","1026",False,"normal","","","Apache-2.0","2022"
"EC-02029","Free Shipping. Limited Time Only. for orders over $50",1,"Urgency","ecommerce","ec_darkpattern","observed_crawler","ec_site_page_1044","1044",False,"normal","Free Shipping. Limited Time Only. for orders over $50","Artificial urgency, false scarcity, or social pressure to accelerate purchase.","Apache-2.0","2022"
"EC-02031","IZZY MIDI DRESS Ivory",0,"None","ecommerce","ec_darkpattern","observed_crawler","ec_site_page_1197","1197",False,"normal","","","Apache-2.0","2022"
"EC-02032","Gold Refine by Color: Gold",0,"None","ecommerce","ec_darkpattern","observed_crawler","ec_site_page_1736","1736",False,"normal","","","Apache-2.0","2022"
"EC-02033","View All Homeware",0,"None","ecommerce","ec_darkpattern","observed_crawler","ec_site_page_1381","1381",False,"normal","","","Apache-2.0","2022"
"EC-02034","Site Wide Savings for the Entire Family! Pricing is off Rogan's Shoes every day Low Prices! Prices are already reflected on the site. Limited time only! Restrictions apply. Online Only.",1,"Urgency","ecommerce","ec_darkpattern","observed_crawler","ec_site_page_1053","1053",False,"normal","Site Wide Savings for the Entire Family! Pricing is off Rogan's Shoes every day Low Prices! Prices are already reflected on the site. Limited time only! Restrictions apply. Online Only.","Artificial urgency, false scarcity, or social pressure to accelerate purchase.","Apache-2.0","2022"
"EC-02036","Explore more styles from this printspiration",0,"None","ecommerce","ec_darkpattern","observed_crawler","ec_site_page_984","984",False,"normal","","","Apache-2.0","2022"
"EC-02041","Crystal Lotus Sriyantras",0,"None","ecommerce","ec_darkpattern","observed_crawler","ec_site_page_1317","1317",False,"normal","","","Apache-2.0","2022"
"EC-02042","No thanks. I don’t want to save money.",1,"Misdirection","ecommerce","ec_darkpattern","observed_crawler","ec_site_page_380","380",False,"normal","No thanks. I don’t want to save money.","Artificial urgency, false scarcity, or social pressure to accelerate purchase.","Apache-2.0","2022"
"EC-02045","Hurry !! Only 52 left in stock",1,"Scarcity","ecommerce","ec_darkpattern","observed_crawler","ec_site_page_1678","1678",False,"normal","Hurry !! Only 52 left in stock","Artificial urgency, false scarcity, or social pressure to accelerate purchase.","Apache-2.0","2022"
"EC-02046","Free 60 day VIP trial membership with this order. Cancel anytime.",1,"Sneaking","ecommerce","ec_darkpattern","observed_crawler","ec_site_page_921","921",False,"normal","Free 60 day VIP trial membership with this order. Cancel anytime.","Artificial urgency, false scarcity, or social pressure to accelerate purchase.","Apache-2.0","2022"
"EC-02048","lego harry potter",0,"None","ecommerce","ec_darkpattern","observed_crawler","ec_site_page_1333","1333",False,"normal","","","Apache-2.0","2022"
"EC-02050","New In Bottoms",0,"None","ecommerce","ec_darkpattern","observed_crawler","ec_site_page_667","667",False,"normal","","","Apache-2.0","2022"
"EC-02051","Want to add one of these?",1,"Misdirection","ecommerce","ec_darkpattern","observed_crawler","ec_site_page_1735","1735",False,"normal","Want to add one of these?","Artificial urgency, false scarcity, or social pressure to accelerate purchase.","Apache-2.0","2022"
"EC-02053","FANSTASTIC DEALS",1,"Misdirection","ecommerce","ec_darkpattern","observed_crawler","ec_site_page_1722","1722",False,"normal","FANSTASTIC DEALS","Artificial urgency, false scarcity, or social pressure to accelerate purchase.","Apache-2.0","2022"
"EC-02054","Alyssa in San Antonio, United States purchased a iTunes Japan Gift Card 10000 JPY about 35 minutes ago",1,"Social Proof","ecommerce","ec_darkpattern","observed_crawler","ec_site_page_52","52",False,"normal","Alyssa in San Antonio, United States purchased a iTunes Japan Gift Card 10000 JPY about 35 minutes ago","Artificial urgency, false scarcity, or social pressure to accelerate purchase.","Apache-2.0","2022"
"EC-02058","In Stock (8) Left",1,"Scarcity","ecommerce","ec_darkpattern","observed_crawler","ec_site_page_1385","1385",False,"normal","In Stock (8) Left","Artificial urgency, false scarcity, or social pressure to accelerate purchase.","Apache-2.0","2022"
"EC-02060","Cincinnati Bengals T-Shirts",0,"None","ecommerce","ec_darkpattern","observed_crawler","ec_site_page_767","767",False,"normal","","","Apache-2.0","2022"
"EC-02061","Compare Products",0,"None","ecommerce","ec_darkpattern","observed_crawler","ec_site_page_803","803",False,"normal","","","Apache-2.0","2022"
"EC-02062","Sexy A Line Short Sleeve Sequins Off-the-shoulder Floor-length Mother of the Bride Dress with Split Front",0,"None","ecommerce","ec_darkpattern","observed_crawler","ec_site_page_714","714",False,"normal","","","Apache-2.0","2022"
"EC-02063","Fancy some creative inspiration, news and offers? Sign up for SAA enewsletters today.",0,"None","ecommerce","ec_darkpattern","observed_crawler","ec_site_page_907","907",False,"normal","","","Apache-2.0","2022"
"EC-02065","Purchased 100+ times in the last few days.",1,"Social Proof","ecommerce","ec_darkpattern","observed_crawler","ec_site_page_243","243",False,"normal","Purchased 100+ times in the last few days.","Artificial urgency, false scarcity, or social pressure to accelerate purchase.","Apache-2.0","2022"
"EC-02066","Accessibly App features",0,"None","ecommerce","ec_darkpattern","observed_crawler","ec_site_page_991","991",False,"normal","","","Apache-2.0","2022"
"EC-02069","OH SHIP! Looks like that page wasn't found",0,"None","ecommerce","ec_darkpattern","observed_crawler","ec_site_page_350","350",False,"normal","","","Apache-2.0","2022"
"EC-02073","Limited Time",1,"Urgency","ecommerce","ec_darkpattern","observed_crawler","ec_site_page_1010","1010",False,"normal","Limited Time","Artificial urgency, false scarcity, or social pressure to accelerate purchase.","Apache-2.0","2022"
"EC-02074","AN ITEM IN YOUR CART IS SELLING OUT QUICKLY",1,"Scarcity","ecommerce","ec_darkpattern","observed_crawler","ec_site_page_970","970",False,"normal","AN ITEM IN YOUR CART IS SELLING OUT QUICKLY","Artificial urgency, false scarcity, or social pressure to accelerate purchase.","Apache-2.0","2022"
"EC-02076","Either because we're updating the site or because someone spilled coffee on it again. We'll be back just as soon as we finish the update or clean up the coffee.",0,"None","ecommerce","ec_darkpattern","observed_crawler","ec_site_page_191","191",False,"normal","","","Apache-2.0","2022"
"EC-02077","Hurry Up! Only 1 Piece Left",1,"Scarcity","ecommerce","ec_darkpattern","observed_crawler","ec_site_page_1241","1241",False,"normal","Hurry Up! Only 1 Piece Left","Artificial urgency, false scarcity, or social pressure to accelerate purchase.","Apache-2.0","2022"
"EC-02078","LIMITED OFFER: $125 Off + 2 Free Pillows",1,"Urgency","ecommerce","ec_darkpattern","observed_crawler","ec_site_page_979","979",False,"normal","LIMITED OFFER: $125 Off + 2 Free Pillows","Artificial urgency, false scarcity, or social pressure to accelerate purchase.","Apache-2.0","2022"
"EC-02079","Want Free Shipping?",1,"Misdirection","ecommerce","ec_darkpattern","observed_crawler","ec_site_page_1788","1788",False,"normal","Want Free Shipping?","Artificial urgency, false scarcity, or social pressure to accelerate purchase.","Apache-2.0","2022"
"EC-02080","Summer Simple Breathable Socks",0,"None","ecommerce","ec_darkpattern","observed_crawler","ec_site_page_622","622",False,"normal","","","Apache-2.0","2022"
"EC-02083","Value of Product",0,"None","ecommerce","ec_darkpattern","observed_crawler","ec_site_page_4","4",False,"normal","","","Apache-2.0","2022"
"EC-02084","00DAYS07HOURS09MINUTES39SECONDS",1,"Urgency","ecommerce","ec_darkpattern","observed_crawler","ec_site_page_537","537",False,"normal","00DAYS07HOURS09MINUTES39SECONDS","Artificial urgency, false scarcity, or social pressure to accelerate purchase.","Apache-2.0","2022"
"EC-02086","Mountboard",0,"None","ecommerce","ec_darkpattern","observed_crawler","ec_site_page_907","907",False,"normal","","","Apache-2.0","2022"
"EC-02088","Light powerful.",0,"None","ecommerce","ec_darkpattern","observed_crawler","ec_site_page_117","117",False,"normal","","","Apache-2.0","2022"
"EC-02089","Availability: Low Stock 4 Remaining",1,"Scarcity","ecommerce","ec_darkpattern","observed_crawler","ec_site_page_1402","1402",False,"normal","Availability: Low Stock 4 Remaining","Artificial urgency, false scarcity, or social pressure to accelerate purchase.","Apache-2.0","2022"
"EC-02091","Viewed 744 times today",1,"Social Proof","ecommerce","ec_darkpattern","observed_crawler","ec_site_page_264","264",False,"normal","Viewed 744 times today","Artificial urgency, false scarcity, or social pressure to accelerate purchase.","Apache-2.0","2022"
"EC-02093","1044 sold in past 12 months",1,"Social Proof","ecommerce","ec_darkpattern","observed_crawler","ec_site_page_287","287",False,"normal","1044 sold in past 12 months","Artificial urgency, false scarcity, or social pressure to accelerate purchase.","Apache-2.0","2022"
"EC-02095","64 users bought this product Touch: The Set - Touch XL & TouchUp Makeup Mirror Bundle",1,"Social Proof","ecommerce","ec_darkpattern","observed_crawler","ec_site_page_47","47",False,"normal","64 users bought this product Touch: The Set - Touch XL & TouchUp Makeup Mirror Bundle","Artificial urgency, false scarcity, or social pressure to accelerate purchase.","Apache-2.0","2022"
"EC-02098","Samuel in Minneapolis, United States purchased a Pod Juice Jewel Mint Cool ❄️Nicotine Salt e-Liquid 15/30ml 7 hours ago",1,"Social Proof","ecommerce","ec_darkpattern","observed_crawler","ec_site_page_117","117",False,"normal","Samuel in Minneapolis, United States purchased a Pod Juice Jewel Mint Cool ❄️Nicotine Salt e-Liquid 15/30ml 7 hours ago","Artificial urgency, false scarcity, or social pressure to accelerate purchase.","Apache-2.0","2022"
"EC-02099","Boardshorts",0,"None","ecommerce","ec_darkpattern","observed_crawler","ec_site_page_991","991",False,"normal","","","Apache-2.0","2022"
"EC-02101","Cheaney",0,"None","ecommerce","ec_darkpattern","observed_crawler","ec_site_page_198","198",False,"normal","","","Apache-2.0","2022"
"EC-02102","≡ Filter Reviews Clicking on the following button will update the content below",0,"None","ecommerce","ec_darkpattern","observed_crawler","ec_site_page_4","4",False,"normal","","","Apache-2.0","2022"
"EC-02103","Arthritis Aids",0,"None","ecommerce","ec_darkpattern","observed_crawler","ec_site_page_1044","1044",False,"normal","","","Apache-2.0","2022"
"EC-02105","SELLING FAST! GET 10% OFF THIS ITEM. ACTIVATE NOW.",1,"Scarcity","ecommerce","ec_darkpattern","observed_crawler","ec_site_page_963","963",False,"normal","SELLING FAST! GET 10% OFF THIS ITEM. ACTIVATE NOW.","Artificial urgency, false scarcity, or social pressure to accelerate purchase.","Apache-2.0","2022"
"EC-02106","TRE by Natalie Ratabesi",0,"None","ecommerce","ec_darkpattern","observed_crawler","ec_site_page_1330","1330",False,"normal","","","Apache-2.0","2022"
"EC-02109","Someone from Cape Town, Western Cape, South Africa just started buying Packable Travel Duffel Bag! 5 minutes ago",1,"Social Proof","ecommerce","ec_darkpattern","observed_crawler","ec_site_page_29","29",False,"normal","Someone from Cape Town, Western Cape, South Africa just started buying Packable Travel Duffel Bag! 5 minutes ago","Artificial urgency, false scarcity, or social pressure to accelerate purchase.","Apache-2.0","2022"
"EC-02112","Sale By Category",0,"None","ecommerce","ec_darkpattern","observed_crawler","ec_site_page_1056","1056",False,"normal","","","Apache-2.0","2022"
"EC-02113","Floral Cross Stitch & Embroidery Kits",0,"None","ecommerce","ec_darkpattern","observed_crawler","ec_site_page_1446","1446",False,"normal","","","Apache-2.0","2022"
"EC-02114","Your AccountTrack Your OrdersJoin Celebrations Passport",0,"None","ecommerce","ec_darkpattern","observed_crawler","ec_site_page_920","920",False,"normal","","","Apache-2.0","2022"
"EC-02118","Other people want this. 10 people have this in their cart right now.",1,"Social Proof","ecommerce","ec_darkpattern","observed_crawler","ec_site_page_158","158",False,"normal","Other people want this. 10 people have this in their cart right now.","Artificial urgency, false scarcity, or social pressure to accelerate purchase.","Apache-2.0","2022"
"EC-02119","Terms of Use Privacy Policy Do Not Sell My Personal Information Request My Personal Information",0,"None","ecommerce","ec_darkpattern","observed_crawler","ec_site_page_1654","1654",False,"normal","","","Apache-2.0","2022"
"EC-02121","Manage Consent Preferences",0,"None","ecommerce","ec_darkpattern","observed_crawler","ec_site_page_833","833",False,"normal","","","Apache-2.0","2022"
"EC-02122","Select Occasion close",0,"None","ecommerce","ec_darkpattern","observed_crawler","ec_site_page_680","680",False,"normal","","","Apache-2.0","2022"
"EC-02123","1 person is looking at this item.",1,"Social Proof","ecommerce","ec_darkpattern","observed_crawler","ec_site_page_115","115",False,"normal","1 person is looking at this item.","Artificial urgency, false scarcity, or social pressure to accelerate purchase.","Apache-2.0","2022"
"EC-02124","LIMITED TIME OFFER! FREE SHIPPING OVER $99 + FREE RETURNS*",1,"Urgency","ecommerce","ec_darkpattern","observed_crawler","ec_site_page_997","997",False,"normal","LIMITED TIME OFFER! FREE SHIPPING OVER $99 + FREE RETURNS*","Artificial urgency, false scarcity, or social pressure to accelerate purchase.","Apache-2.0","2022"
"EC-02125","994 items sold this hour.",1,"Social Proof","ecommerce","ec_darkpattern","observed_crawler","ec_site_page_295","295",False,"normal","994 items sold this hour.","Artificial urgency, false scarcity, or social pressure to accelerate purchase.","Apache-2.0","2022"
"EC-02126","View All New Arrivals",0,"None","ecommerce","ec_darkpattern","observed_crawler","ec_site_page_1381","1381",False,"normal","","","Apache-2.0","2022"
"EC-02127","How White Cloud Prevents E-Cig Sales to Minors Read More ➞",0,"None","ecommerce","ec_darkpattern","observed_crawler","ec_site_page_861","861",False,"normal","","","Apache-2.0","2022"
"EC-02129","Availability: Low Stock",1,"Scarcity","ecommerce","ec_darkpattern","observed_crawler","ec_site_page_1302","1302",False,"normal","Availability: Low Stock","Artificial urgency, false scarcity, or social pressure to accelerate purchase.","Apache-2.0","2022"
"EC-02131","Influencer Program",0,"None","ecommerce","ec_darkpattern","observed_crawler","ec_site_page_825","825",False,"normal","","","Apache-2.0","2022"
"EC-02134","(Only 1 Left)",1,"Scarcity","ecommerce","ec_darkpattern","observed_crawler","ec_site_page_1556","1556",False,"normal","(Only 1 Left)","Artificial urgency, false scarcity, or social pressure to accelerate purchase.","Apache-2.0","2022"
"EC-02136","Someone in Red Cliffs bought a RHK Yamaha YZ/YZF/WRF 99-16 Blue Pursuit Footpegs 3 minutes ago",1,"Social Proof","ecommerce","ec_darkpattern","observed_crawler","ec_site_page_238","238",False,"normal","Someone in Red Cliffs bought a RHK Yamaha YZ/YZF/WRF 99-16 Blue Pursuit Footpegs 3 minutes ago","Artificial urgency, false scarcity, or social pressure to accelerate purchase.","Apache-2.0","2022"
"EC-02138","WilmaNorth Carolina",0,"None","ecommerce","ec_darkpattern","observed_crawler","ec_site_page_861","861",False,"normal","","","Apache-2.0","2022"
"EC-02141","Wigsbuy- Online Beauty Store of Fashion Wigs, Hair Extensions & Accessories for Sale.",0,"None","ecommerce","ec_darkpattern","observed_crawler","ec_site_page_573","573",False,"normal","","","Apache-2.0","2022"
"EC-02143","CHF",0,"None","ecommerce","ec_darkpattern","observed_crawler","ec_site_page_667","667",False,"normal","","","Apache-2.0","2022"
"EC-02144","+ Performance Cookies",0,"None","ecommerce","ec_darkpattern","observed_crawler","ec_site_page_833","833",False,"normal","","","Apache-2.0","2022"
"EC-02145","No I don't feel lucky",1,"Misdirection","ecommerce","ec_darkpattern","observed_crawler","ec_site_page_356","356",False,"normal","No I don't feel lucky","Artificial urgency, false scarcity, or social pressure to accelerate purchase.","Apache-2.0","2022"
"EC-02146","Ericdress Summer Patchwork Polyester Long Women's Tank Top",0,"None","ecommerce","ec_darkpattern","observed_crawler","ec_site_page_667","667",False,"normal","","","Apache-2.0","2022"
"EC-02147","More Sports",0,"None","ecommerce","ec_darkpattern","observed_crawler","ec_site_page_1026","1026",False,"normal","","","Apache-2.0","2022"
"EC-02148","Bento Lunch Boxes & Food Containers",0,"None","ecommerce","ec_darkpattern","observed_crawler","ec_site_page_1056","1056",False,"normal","","","Apache-2.0","2022"
"EC-02149","Clinical Studies",0,"None","ecommerce","ec_darkpattern","observed_crawler","ec_site_page_1759","1759",False,"normal","","","Apache-2.0","2022"
"EC-02153","VUSE Alto Menthol Pods",0,"None","ecommerce","ec_darkpattern","observed_crawler","ec_site_page_664","664",False,"normal","","","Apache-2.0","2022"
"EC-02157","I’ve read and accept the terms & conditions * , I also authorize Bosley to contact me by phone or text utilizing automated dialing equipment, as well as by email or mail with information about appointments, products, services, news or promotions. I also agree to Bosley's Terms of Service. Otherwise, call Bosley at 800-985-6405 to request your FREE information kit or to schedule your FREE no-obligation consultation.",1,"Forced Action","ecommerce","ec_darkpattern","observed_crawler","ec_site_page_877","877",False,"normal","I’ve read and accept the terms & conditions * , I also authorize Bosley to contact me by phone or text utilizing automated dialing equipment, as well as by email or mail with information about appointments, products, services, news or promotions. I also agree to Bosley's Terms of Service. Otherwise, call Bosley at 800-985-6405 to request your FREE information kit or to schedule your FREE no-obligation consultation.","Artificial urgency, false scarcity, or social pressure to accelerate purchase.","Apache-2.0","2022"
"EC-02158","Crystal Beads",0,"None","ecommerce","ec_darkpattern","observed_crawler","ec_site_page_1317","1317",False,"normal","","","Apache-2.0","2022"
"EC-02159","Last purchased at 11:19am today.",1,"Social Proof","ecommerce","ec_darkpattern","observed_crawler","ec_site_page_304","304",False,"normal","Last purchased at 11:19am today.","Artificial urgency, false scarcity, or social pressure to accelerate purchase.","Apache-2.0","2022"
"EC-02160","9 sold in last 4 hours",1,"Social Proof","ecommerce","ec_darkpattern","observed_crawler","ec_site_page_28","28",False,"normal","9 sold in last 4 hours","Artificial urgency, false scarcity, or social pressure to accelerate purchase.","Apache-2.0","2022"
"EC-02161","Less than 10 left in stock",1,"Scarcity","ecommerce","ec_darkpattern","observed_crawler","ec_site_page_1106","1106",False,"normal","Less than 10 left in stock","Artificial urgency, false scarcity, or social pressure to accelerate purchase.","Apache-2.0","2022"
"EC-02162","· Physical Healing",0,"None","ecommerce","ec_darkpattern","observed_crawler","ec_site_page_568","568",False,"normal","","","Apache-2.0","2022"
"EC-02165","Only 1 piece left.",1,"Scarcity","ecommerce","ec_darkpattern","observed_crawler","ec_site_page_1458","1458",False,"normal","Only 1 piece left.","Artificial urgency, false scarcity, or social pressure to accelerate purchase.","Apache-2.0","2022"
"EC-02166","No thanks, I don't like good deals.",1,"Misdirection","ecommerce","ec_darkpattern","observed_crawler","ec_site_page_329","329",False,"normal","No thanks, I don't like good deals.","Artificial urgency, false scarcity, or social pressure to accelerate purchase.","Apache-2.0","2022"
"EC-02167","Only 5 pcs left!",1,"Scarcity","ecommerce","ec_darkpattern","observed_crawler","ec_site_page_1546","1546",False,"normal","Only 5 pcs left!","Artificial urgency, false scarcity, or social pressure to accelerate purchase.","Apache-2.0","2022"
"EC-02168","Complete your purchase within the next 12:18 minutes and receive 10% off",1,"Urgency","ecommerce","ec_darkpattern","observed_crawler","ec_site_page_693","693",False,"normal","Complete your purchase within the next 12:18 minutes and receive 10% off","Artificial urgency, false scarcity, or social pressure to accelerate purchase.","Apache-2.0","2022"
"EC-02169","All Clothing",0,"None","ecommerce","ec_darkpattern","observed_crawler","ec_site_page_984","984",False,"normal","","","Apache-2.0","2022"
"EC-02171","33 sold in last 12 hours.",1,"Social Proof","ecommerce","ec_darkpattern","observed_crawler","ec_site_page_42","42",False,"normal","33 sold in last 12 hours.","Artificial urgency, false scarcity, or social pressure to accelerate purchase.","Apache-2.0","2022"
"EC-02175","228 People Have Viewed This Product Recently!",1,"Social Proof","ecommerce","ec_darkpattern","observed_crawler","ec_site_page_278","278",False,"normal","228 People Have Viewed This Product Recently!","Artificial urgency, false scarcity, or social pressure to accelerate purchase.","Apache-2.0","2022"
"EC-02180","Current Offers",0,"None","ecommerce","ec_darkpattern","observed_crawler","ec_site_page_1489","1489",False,"normal","","","Apache-2.0","2022"
"EC-02182","Hayden near Princeton just bought!!!: CBD VEGAN GUMMIES",1,"Social Proof","ecommerce","ec_darkpattern","observed_crawler","ec_site_page_78","78",False,"normal","Hayden near Princeton just bought!!!: CBD VEGAN GUMMIES","Artificial urgency, false scarcity, or social pressure to accelerate purchase.","Apache-2.0","2022"
"EC-02183","660 people have viewed today",1,"Social Proof","ecommerce","ec_darkpattern","observed_crawler","ec_site_page_231","231",False,"normal","660 people have viewed today","Artificial urgency, false scarcity, or social pressure to accelerate purchase.","Apache-2.0","2022"
"EC-02186","Sale Ends in 5 days 14 hours 42 mins 53 sec",1,"Urgency","ecommerce","ec_darkpattern","observed_crawler","ec_site_page_608","608",False,"normal","Sale Ends in 5 days 14 hours 42 mins 53 sec","Artificial urgency, false scarcity, or social pressure to accelerate purchase.","Apache-2.0","2022"
"EC-02187","LOW STOCK: Only 1 left.",1,"Scarcity","ecommerce","ec_darkpattern","observed_crawler","ec_site_page_1406","1406",False,"normal","LOW STOCK: Only 1 left.","Artificial urgency, false scarcity, or social pressure to accelerate purchase.","Apache-2.0","2022"
"EC-02188","Men's Sports Bottoms",0,"None","ecommerce","ec_darkpattern","observed_crawler","ec_site_page_667","667",False,"normal","","","Apache-2.0","2022"
"EC-02190","Shop By Shape",0,"None","ecommerce","ec_darkpattern","observed_crawler","ec_site_page_189","189",False,"normal","","","Apache-2.0","2022"
"EC-02191","$3,159.20 $3,949.00 Limited time only",1,"Urgency","ecommerce","ec_darkpattern","observed_crawler","ec_site_page_1032","1032",False,"normal","$3,159.20 $3,949.00 Limited time only","Artificial urgency, false scarcity, or social pressure to accelerate purchase.","Apache-2.0","2022"
"EC-02193","Hurry Up ! Time is running out",1,"Urgency","ecommerce","ec_darkpattern","observed_crawler","ec_site_page_685","685",False,"normal","Hurry Up ! Time is running out","Artificial urgency, false scarcity, or social pressure to accelerate purchase.","Apache-2.0","2022"
"EC-02194","Low Price Guarantee",0,"None","ecommerce","ec_darkpattern","observed_crawler","ec_site_page_1451","1451",False,"normal","","","Apache-2.0","2022"
"EC-02198","Synthetic nicotine | Strawberry, kiwi & pomegranate",0,"None","ecommerce","ec_darkpattern","observed_crawler","ec_site_page_664","664",False,"normal","","","Apache-2.0","2022"
"EC-02199","Just BEE Queen",0,"None","ecommerce","ec_darkpattern","observed_crawler","ec_site_page_1330","1330",False,"normal","","","Apache-2.0","2022"
"EC-02200","Would you like to buy more and save more?",1,"Misdirection","ecommerce","ec_darkpattern","observed_crawler","ec_site_page_1721","1721",False,"normal","Would you like to buy more and save more?","Artificial urgency, false scarcity, or social pressure to accelerate purchase.","Apache-2.0","2022"
"EC-02201","FOR A LIMITED TIME ONLY",1,"Urgency","ecommerce","ec_darkpattern","observed_crawler","ec_site_page_1006","1006",False,"normal","FOR A LIMITED TIME ONLY","Artificial urgency, false scarcity, or social pressure to accelerate purchase.","Apache-2.0","2022"
"EC-02203","Swedish Hasbeens",0,"None","ecommerce","ec_darkpattern","observed_crawler","ec_site_page_1330","1330",False,"normal","","","Apache-2.0","2022"
"EC-02204","Someone in Tornado, United States just bought Fresh Melon Menthol 2 hours ago",1,"Social Proof","ecommerce","ec_darkpattern","observed_crawler","ec_site_page_108","108",False,"normal","Someone in Tornado, United States just bought Fresh Melon Menthol 2 hours ago","Artificial urgency, false scarcity, or social pressure to accelerate purchase.","Apache-2.0","2022"
"EC-02207","Unique and personalized products to go as yourself.",0,"None","ecommerce","ec_darkpattern","observed_crawler","ec_site_page_811","811",False,"normal","","","Apache-2.0","2022"
"EC-02208","Search Search",0,"None","ecommerce","ec_darkpattern","observed_crawler","ec_site_page_1759","1759",False,"normal","","","Apache-2.0","2022"
"EC-02209","Only 10 left in stock",1,"Scarcity","ecommerce","ec_darkpattern","observed_crawler","ec_site_page_1612","1612",False,"normal","Only 10 left in stock","Artificial urgency, false scarcity, or social pressure to accelerate purchase.","Apache-2.0","2022"
"EC-02210","Did you know we have an app? Create shareable art and custom PopSockets designs with our unique image editing tools.",0,"None","ecommerce","ec_darkpattern","observed_crawler","ec_site_page_1736","1736",False,"normal","","","Apache-2.0","2022"
"EC-02214","Get inspiration, new arrivals and the latest offers to your inbox.",0,"None","ecommerce","ec_darkpattern","observed_crawler","ec_site_page_1373","1373",False,"normal","","","Apache-2.0","2022"
"EC-02215","11 people have purchased this item",1,"Social Proof","ecommerce","ec_darkpattern","observed_crawler","ec_site_page_34","34",False,"normal","11 people have purchased this item","Artificial urgency, false scarcity, or social pressure to accelerate purchase.","Apache-2.0","2022"
"EC-02216","2049 sold in the last 7 days",1,"Social Proof","ecommerce","ec_darkpattern","observed_crawler","ec_site_page_71","71",False,"normal","2049 sold in the last 7 days","Artificial urgency, false scarcity, or social pressure to accelerate purchase.","Apache-2.0","2022"
"EC-02217","I don't like discounts",1,"Misdirection","ecommerce","ec_darkpattern","observed_crawler","ec_site_page_316","316",False,"normal","I don't like discounts","Artificial urgency, false scarcity, or social pressure to accelerate purchase.","Apache-2.0","2022"
"EC-02218","no thanks, I like paying full price",1,"Misdirection","ecommerce","ec_darkpattern","observed_crawler","ec_site_page_331","331",False,"normal","no thanks, I like paying full price","Artificial urgency, false scarcity, or social pressure to accelerate purchase.","Apache-2.0","2022"
"EC-02220","Prior to the automatic renewal and billing, we will notify you in advance (via the email you used at the time of enrollment) of (i) the pending renewal, (ii) the then current fees and charges applicable to the Passport Program, and (iii) where you may find more information about the Passport Program. We will also send you an additional email confirming your renewal. Should you elect not to renew your Membership, you may cancel at any time prior to the renewal by emailing us at passportmembership@1800flowers.com and your credit/debit card on file with us will not be charged. A confirmation email will be sent to you.",1,"Obstruction","ecommerce","ec_darkpattern","observed_crawler","ec_site_page_890","890",False,"normal","Prior to the automatic renewal and billing, we will notify you in advance (via the email you used at the time of enrollment) of (i) the pending renewal, (ii) the then current fees and charges applicable to the Passport Program, and (iii) where you may find more information about the Passport Program. We will also send you an additional email confirming your renewal. Should you elect not to renew your Membership, you may cancel at any time prior to the renewal by emailing us at passportmembership@1800flowers.com and your credit/debit card on file with us will not be charged. A confirmation email will be sent to you.","Artificial urgency, false scarcity, or social pressure to accelerate purchase.","Apache-2.0","2022"
"EC-02221","02 DAYS :23 HOURS :00 MINS :54 SECS",1,"Urgency","ecommerce","ec_darkpattern","observed_crawler","ec_site_page_594","594",False,"normal","02 DAYS :23 HOURS :00 MINS :54 SECS","Artificial urgency, false scarcity, or social pressure to accelerate purchase.","Apache-2.0","2022"
"EC-02223","LEGO Sondersets Saison Polybags Promotionals ExklusiveOpens in a new window or tab",0,"None","ecommerce","ec_darkpattern","observed_crawler","ec_site_page_1333","1333",False,"normal","","","Apache-2.0","2022"
"EC-02224","Custom Kids Headwear",0,"None","ecommerce","ec_darkpattern","observed_crawler","ec_site_page_991","991",False,"normal","","","Apache-2.0","2022"
"EC-02225","N++ is all about using your momentum to complete levels and get high scores, but in this sci-fi world, there’s a slew of inadvertently homicidal enemy robots trying to prevent you from completing your goal.",0,"None","ecommerce","ec_darkpattern","observed_crawler","ec_site_page_1177","1177",False,"normal","","","Apache-2.0","2022"
"EC-02226","Sale ending in 0 days 04 hours 12 minutes 10 seconds",1,"Urgency","ecommerce","ec_darkpattern","observed_crawler","ec_site_page_575","575",False,"normal","Sale ending in 0 days 04 hours 12 minutes 10 seconds","Artificial urgency, false scarcity, or social pressure to accelerate purchase.","Apache-2.0","2022"
"EC-02227","Return my item",0,"None","ecommerce","ec_darkpattern","observed_crawler","ec_site_page_569","569",False,"normal","","","Apache-2.0","2022"
"EC-02228","Baby Size Guide",0,"None","ecommerce","ec_darkpattern","observed_crawler","ec_site_page_1604","1604",False,"normal","","","Apache-2.0","2022"
"EC-02229","127 People viewed this product this week",1,"Social Proof","ecommerce","ec_darkpattern","observed_crawler","ec_site_page_223","223",False,"normal","127 People viewed this product this week","Artificial urgency, false scarcity, or social pressure to accelerate purchase.","Apache-2.0","2022"
"EC-02230","🔥 2 people are looking right now",1,"Social Proof","ecommerce","ec_darkpattern","observed_crawler","ec_site_page_11","11",False,"normal","🔥 2 people are looking right now","Artificial urgency, false scarcity, or social pressure to accelerate purchase.","Apache-2.0","2022"
"EC-02231","Drive and Focus",0,"None","ecommerce","ec_darkpattern","observed_crawler","ec_site_page_1759","1759",False,"normal","","","Apache-2.0","2022"
"EC-02233","161 people have viewed this item",1,"Social Proof","ecommerce","ec_darkpattern","observed_crawler","ec_site_page_95","95",False,"normal","161 people have viewed this item","Artificial urgency, false scarcity, or social pressure to accelerate purchase.","Apache-2.0","2022"
"EC-02234","Only 2 left.",1,"Scarcity","ecommerce","ec_darkpattern","observed_crawler","ec_site_page_1330","1330",False,"normal","Only 2 left.","Artificial urgency, false scarcity, or social pressure to accelerate purchase.","Apache-2.0","2022"
"EC-02236","Hot Offer. Limited Time",1,"Urgency","ecommerce","ec_darkpattern","observed_crawler","ec_site_page_1056","1056",False,"normal","Hot Offer. Limited Time","Artificial urgency, false scarcity, or social pressure to accelerate purchase.","Apache-2.0","2022"
"EC-02237","Gameday Collection",0,"None","ecommerce","ec_darkpattern","observed_crawler","ec_site_page_350","350",False,"normal","","","Apache-2.0","2022"
"EC-02238","Whoops!",0,"None","ecommerce","ec_darkpattern","observed_crawler","ec_site_page_1381","1381",False,"normal","","","Apache-2.0","2022"
"EC-02240","Memory Cards",0,"None","ecommerce","ec_darkpattern","observed_crawler","ec_site_page_1648","1648",False,"normal","","","Apache-2.0","2022"
"EC-02243","Hurry up! Only 11 items left",1,"Scarcity","ecommerce","ec_darkpattern","observed_crawler","ec_site_page_1230","1230",False,"normal","Hurry up! Only 11 items left","Artificial urgency, false scarcity, or social pressure to accelerate purchase.","Apache-2.0","2022"
"EC-02244","Welcome Newcomer",0,"None","ecommerce","ec_darkpattern","observed_crawler","ec_site_page_196","196",False,"normal","","","Apache-2.0","2022"
"EC-02245","Debby in Harpers Ferry, United States just bought: Icing Pen Decorating Tool",1,"Social Proof","ecommerce","ec_darkpattern","observed_crawler","ec_site_page_107","107",False,"normal","Debby in Harpers Ferry, United States just bought: Icing Pen Decorating Tool","Artificial urgency, false scarcity, or social pressure to accelerate purchase.","Apache-2.0","2022"
"EC-02246","Grab yourself a bargain!",1,"Misdirection","ecommerce","ec_darkpattern","observed_crawler","ec_site_page_1733","1733",False,"normal","Grab yourself a bargain!","Artificial urgency, false scarcity, or social pressure to accelerate purchase.","Apache-2.0","2022"
"EC-02250","No Thanks, I prefer not to have a protection plan",1,"Misdirection","ecommerce","ec_darkpattern","observed_crawler","ec_site_page_444","444",False,"normal","No Thanks, I prefer not to have a protection plan","Artificial urgency, false scarcity, or social pressure to accelerate purchase.","Apache-2.0","2022"
"EC-02253","First to know about upcoming tastings & events",0,"None","ecommerce","ec_darkpattern","observed_crawler","ec_site_page_1489","1489",False,"normal","","","Apache-2.0","2022"
"EC-02254","Why buy from us",0,"None","ecommerce","ec_darkpattern","observed_crawler","ec_site_page_569","569",False,"normal","","","Apache-2.0","2022"
"EC-02258","A Date With Duchess",0,"None","ecommerce","ec_darkpattern","observed_crawler","ec_site_page_1328","1328",False,"normal","","","Apache-2.0","2022"
"EC-02259","Only 3 left.",1,"Scarcity","ecommerce","ec_darkpattern","observed_crawler","ec_site_page_1426","1426",False,"normal","Only 3 left.","Artificial urgency, false scarcity, or social pressure to accelerate purchase.","Apache-2.0","2022"
"EC-02260","Wish Your Loved Ones Instantly with Ferns N Petals International Services",0,"None","ecommerce","ec_darkpattern","observed_crawler","ec_site_page_680","680",False,"normal","","","Apache-2.0","2022"
"EC-02261","We may also disclose your information to third parties who may contact you with details of other products and services which may be of interest. If you do not want your name and mailing details made available in this way please email opt-out@nextdirect.com",1,"Obstruction","ecommerce","ec_darkpattern","observed_crawler","ec_site_page_902","902",False,"normal","We may also disclose your information to third parties who may contact you with details of other products and services which may be of interest. If you do not want your name and mailing details made available in this way please email opt-out@nextdirect.com","Artificial urgency, false scarcity, or social pressure to accelerate purchase.","Apache-2.0","2022"
"EC-02263","PopGrip MagSafe Refine by Product Type: PopGrip MagSafe",0,"None","ecommerce","ec_darkpattern","observed_crawler","ec_site_page_1736","1736",False,"normal","","","Apache-2.0","2022"
"EC-02264","What's New By Category",0,"None","ecommerce","ec_darkpattern","observed_crawler","ec_site_page_1330","1330",False,"normal","","","Apache-2.0","2022"
"EC-02265","Active Filters English (United States) English (United States) ✘ Remove Filter",0,"None","ecommerce","ec_darkpattern","observed_crawler","ec_site_page_4","4",False,"normal","","","Apache-2.0","2022"
"EC-02267","› Sub Ohm Juice",0,"None","ecommerce","ec_darkpattern","observed_crawler","ec_site_page_664","664",False,"normal","","","Apache-2.0","2022"
"EC-02268","2day 13:49:51 Left",1,"Urgency","ecommerce","ec_darkpattern","observed_crawler","ec_site_page_620","620",False,"normal","2day 13:49:51 Left","Artificial urgency, false scarcity, or social pressure to accelerate purchase.","Apache-2.0","2022"
"EC-02272","JOINT Oil",0,"None","ecommerce","ec_darkpattern","observed_crawler","ec_site_page_1759","1759",False,"normal","","","Apache-2.0","2022"
"EC-02273","Limited Stock",1,"Scarcity","ecommerce","ec_darkpattern","observed_crawler","ec_site_page_1070","1070",False,"normal","Limited Stock","Artificial urgency, false scarcity, or social pressure to accelerate purchase.","Apache-2.0","2022"
"EC-02276","93 PEOPLE HAVE BOUGHT THIS PRODUCT TODAY",1,"Social Proof","ecommerce","ec_darkpattern","observed_crawler","ec_site_page_189","189",False,"normal","93 PEOPLE HAVE BOUGHT THIS PRODUCT TODAY","Artificial urgency, false scarcity, or social pressure to accelerate purchase.","Apache-2.0","2022"
"EC-02280","Americas",0,"None","ecommerce","ec_darkpattern","observed_crawler","ec_site_page_103","103",False,"normal","","","Apache-2.0","2022"
"EC-02282","Comfy and looks great",0,"None","ecommerce","ec_darkpattern","observed_crawler","ec_site_page_1604","1604",False,"normal","","","Apache-2.0","2022"
"EC-02284","Yes! Upgrade my purchase",1,"Misdirection","ecommerce","ec_darkpattern","observed_crawler","ec_site_page_1709","1709",False,"normal","Yes! Upgrade my purchase","Artificial urgency, false scarcity, or social pressure to accelerate purchase.","Apache-2.0","2022"
"EC-02285","Jeremy in Warroad, United States purchased a",1,"Social Proof","ecommerce","ec_darkpattern","observed_crawler","ec_site_page_114","114",False,"normal","Jeremy in Warroad, United States purchased a","Artificial urgency, false scarcity, or social pressure to accelerate purchase.","Apache-2.0","2022"
"EC-02286","Kick those cravings",0,"None","ecommerce","ec_darkpattern","observed_crawler","ec_site_page_25","25",False,"normal","","","Apache-2.0","2022"
"EC-02289","Deal expires in: 03 hrs 25 mins 22 sec",1,"Urgency","ecommerce","ec_darkpattern","observed_crawler","ec_site_page_640","640",False,"normal","Deal expires in: 03 hrs 25 mins 22 sec","Artificial urgency, false scarcity, or social pressure to accelerate purchase.","Apache-2.0","2022"
"EC-02296","40% OFF EVERYTHING* ENTER: 40PLT + FREE SHIPPING OVER $80 HURRY! LIMITED TIME ONLY",1,"Urgency","ecommerce","ec_darkpattern","observed_crawler","ec_site_page_1048","1048",False,"normal","40% OFF EVERYTHING* ENTER: 40PLT + FREE SHIPPING OVER $80 HURRY! LIMITED TIME ONLY","Artificial urgency, false scarcity, or social pressure to accelerate purchase.","Apache-2.0","2022"
"EC-02297","Resend One time Pin",0,"None","ecommerce","ec_darkpattern","observed_crawler","ec_site_page_1351","1351",False,"normal","","","Apache-2.0","2022"
"EC-02298","Case Material",0,"None","ecommerce","ec_darkpattern","observed_crawler","ec_site_page_1124","1124",False,"normal","","","Apache-2.0","2022"
"EC-02301","Custom Women's Apparel",0,"None","ecommerce","ec_darkpattern","observed_crawler","ec_site_page_991","991",False,"normal","","","Apache-2.0","2022"
"EC-02302","Ask a Question",0,"None","ecommerce","ec_darkpattern","observed_crawler","ec_site_page_108","108",False,"normal","","","Apache-2.0","2022"
"EC-02303","Discontinued Item",0,"None","ecommerce","ec_darkpattern","observed_crawler","ec_site_page_767","767",False,"normal","","","Apache-2.0","2022"
"EC-02304","Order Subtotal $19.99 Standard Delivery $12.99 Care & Handling $2.99 Tax $2.38 Total $38.35 Savings Today $10.00",1,"Sneaking","ecommerce","ec_darkpattern","observed_crawler","ec_site_page_916","916",False,"normal","Order Subtotal $19.99 Standard Delivery $12.99 Care & Handling $2.99 Tax $2.38 Total $38.35 Savings Today $10.00","Artificial urgency, false scarcity, or social pressure to accelerate purchase.","Apache-2.0","2022"
"EC-02306","No thanks, I’d rather pay more",1,"Misdirection","ecommerce","ec_darkpattern","observed_crawler","ec_site_page_419","419",False,"normal","No thanks, I’d rather pay more","Artificial urgency, false scarcity, or social pressure to accelerate purchase.","Apache-2.0","2022"
"EC-02308","Don't leave without taking discount",0,"None","ecommerce","ec_darkpattern","observed_crawler","ec_site_page_113","113",False,"normal","","","Apache-2.0","2022"
"EC-02310","What people are saying about us...",1,"Social Proof","ecommerce","ec_darkpattern","observed_crawler","ec_site_page_1773","1773",False,"normal","What people are saying about us...","Artificial urgency, false scarcity, or social pressure to accelerate purchase.","Apache-2.0","2022"
"EC-02311","Hydration",0,"None","ecommerce","ec_darkpattern","observed_crawler","ec_site_page_803","803",False,"normal","","","Apache-2.0","2022"
"EC-02312","Act now and save $12.99. Limited time only!",1,"Urgency","ecommerce","ec_darkpattern","observed_crawler","ec_site_page_999","999",False,"normal","Act now and save $12.99. Limited time only!","Artificial urgency, false scarcity, or social pressure to accelerate purchase.","Apache-2.0","2022"
"EC-02313","Only 13 left!",1,"Scarcity","ecommerce","ec_darkpattern","observed_crawler","ec_site_page_1474","1474",False,"normal","Only 13 left!","Artificial urgency, false scarcity, or social pressure to accelerate purchase.","Apache-2.0","2022"
"EC-02314","If your JR Plus membership has renewed automatically, you have seven (7) days after payment is taken to cancel your annual membership. You must contact Customer Service at (888) 574-3576 within this window and not have made any eligible purchase using the JR Plus service. You will then be provided with a full refund of your membership fee for the renewal year and the JR Plus service will be cancelled from your account. If you cancel during any renewal year after the seven (7) day window expires, you are not entitled to any refund of the renewal fee, even if you have not made any eligible purchase during the renewal term.",1,"Obstruction","ecommerce","ec_darkpattern","observed_crawler","ec_site_page_897","897",False,"normal","If your JR Plus membership has renewed automatically, you have seven (7) days after payment is taken to cancel your annual membership. You must contact Customer Service at (888) 574-3576 within this window and not have made any eligible purchase using the JR Plus service. You will then be provided with a full refund of your membership fee for the renewal year and the JR Plus service will be cancelled from your account. If you cancel during any renewal year after the seven (7) day window expires, you are not entitled to any refund of the renewal fee, even if you have not made any eligible purchase during the renewal term.","Artificial urgency, false scarcity, or social pressure to accelerate purchase.","Apache-2.0","2022"
"EC-02315","Tick here if you do not want to receive Promotional Offers by Post Tick here if you do wish to receive Promotional Offers by email and/or SMS Tick here if you would like to receive Offers from selected third parties",1,"Misdirection","ecommerce","ec_darkpattern","observed_crawler","ec_site_page_1790","1790",False,"normal","Tick here if you do not want to receive Promotional Offers by Post Tick here if you do wish to receive Promotional Offers by email and/or SMS Tick here if you would like to receive Offers from selected third parties","Artificial urgency, false scarcity, or social pressure to accelerate purchase.","Apache-2.0","2022"
"EC-02318","Microsoft Xbox One S Wireless Controller »",0,"None","ecommerce","ec_darkpattern","observed_crawler","ec_site_page_569","569",False,"normal","","","Apache-2.0","2022"
"EC-02319","Carports & Garages",0,"None","ecommerce","ec_darkpattern","observed_crawler","ec_site_page_662","662",False,"normal","","","Apache-2.0","2022"
"EC-02321","Hurry, only 5 left",1,"Scarcity","ecommerce","ec_darkpattern","observed_crawler","ec_site_page_1598","1598",False,"normal","Hurry, only 5 left","Artificial urgency, false scarcity, or social pressure to accelerate purchase.","Apache-2.0","2022"
"EC-02323","No thanks! I don't like deals",1,"Misdirection","ecommerce","ec_darkpattern","observed_crawler","ec_site_page_314","314",False,"normal","No thanks! I don't like deals","Artificial urgency, false scarcity, or social pressure to accelerate purchase.","Apache-2.0","2022"
"EC-02324","Ireland EUR",0,"None","ecommerce","ec_darkpattern","observed_crawler","ec_site_page_1446","1446",False,"normal","","","Apache-2.0","2022"
"EC-02326","You may cancel your Minted More membership at any time by contacting Minted Customer Service at If you cancel your membership before your Minted More gift box has shipped, we will refund your full membership fee; provided that we may charge you (or withhold from your refund) the value of Minted More discount benefits used by you and your account prior to cancellation. If you cancel at any other time, your membership fee is non-refundable.",1,"Obstruction","ecommerce","ec_darkpattern","observed_crawler","ec_site_page_901","901",False,"normal","You may cancel your Minted More membership at any time by contacting Minted Customer Service at If you cancel your membership before your Minted More gift box has shipped, we will refund your full membership fee; provided that we may charge you (or withhold from your refund) the value of Minted More discount benefits used by you and your account prior to cancellation. If you cancel at any other time, your membership fee is non-refundable.","Artificial urgency, false scarcity, or social pressure to accelerate purchase.","Apache-2.0","2022"
"EC-02327","Optics and Mounts",0,"None","ecommerce","ec_darkpattern","observed_crawler","ec_site_page_1174","1174",False,"normal","","","Apache-2.0","2022"
"EC-02328","Don't Know Pincode?",0,"None","ecommerce","ec_darkpattern","observed_crawler","ec_site_page_680","680",False,"normal","","","Apache-2.0","2022"
"EC-02329","SALE ENDS IN 19 DAYS, 9 HOURS, 50 MINUTES, 54 SECONDS",1,"Urgency","ecommerce","ec_darkpattern","observed_crawler","ec_site_page_630","630",False,"normal","SALE ENDS IN 19 DAYS, 9 HOURS, 50 MINUTES, 54 SECONDS","Artificial urgency, false scarcity, or social pressure to accelerate purchase.","Apache-2.0","2022"
"EC-02330","Your order is reserved for 29:52 minutes!",1,"Urgency","ecommerce","ec_darkpattern","observed_crawler","ec_site_page_564","564",False,"normal","Your order is reserved for 29:52 minutes!","Artificial urgency, false scarcity, or social pressure to accelerate purchase.","Apache-2.0","2022"
"EC-02335","Books About Indian Culture",0,"None","ecommerce","ec_darkpattern","observed_crawler","ec_site_page_1317","1317",False,"normal","","","Apache-2.0","2022"
"EC-02338","LIMITED TIME ONLY",1,"Urgency","ecommerce","ec_darkpattern","observed_crawler","ec_site_page_1029","1029",False,"normal","LIMITED TIME ONLY","Artificial urgency, false scarcity, or social pressure to accelerate purchase.","Apache-2.0","2022"
"EC-02342","3 left in stock",1,"Scarcity","ecommerce","ec_darkpattern","observed_crawler","ec_site_page_1277","1277",False,"normal","3 left in stock","Artificial urgency, false scarcity, or social pressure to accelerate purchase.","Apache-2.0","2022"
"EC-02344","By Doug",0,"None","ecommerce","ec_darkpattern","observed_crawler","ec_site_page_1044","1044",False,"normal","","","Apache-2.0","2022"
"EC-02347","Lean To Sheds",0,"None","ecommerce","ec_darkpattern","observed_crawler","ec_site_page_662","662",False,"normal","","","Apache-2.0","2022"
"EC-02348","Cordless Phones For Seniors",0,"None","ecommerce","ec_darkpattern","observed_crawler","ec_site_page_1044","1044",False,"normal","","","Apache-2.0","2022"
"EC-02350","No Thanks, I don't want official software at the best price.",1,"Misdirection","ecommerce","ec_darkpattern","observed_crawler","ec_site_page_393","393",False,"normal","No Thanks, I don't want official software at the best price.","Artificial urgency, false scarcity, or social pressure to accelerate purchase.","Apache-2.0","2022"
"EC-02352","DressesFootwearHatsHoodies & SweatshirtsJerseysPantsSleepwear & UnderwearSwim CollectionT-ShirtsSale Items- View All -",0,"None","ecommerce","ec_darkpattern","observed_crawler","ec_site_page_1038","1038",False,"normal","","","Apache-2.0","2022"
"EC-02354","Trending Players",0,"None","ecommerce","ec_darkpattern","observed_crawler","ec_site_page_767","767",False,"normal","","","Apache-2.0","2022"
"EDIN-00001","To ensure the best user experience, this page uses cookies.ACCEPT",1,"Obstruction","compliance/privacy","edinburgh_cookie_dialogs","observed_crawler","cherrymx.de","cherrymx.de_cookie_dialog",False,"medium","To ensure the best user experience, this page uses cookies.ACCEPT","Asymmetric consent obstruction or forced cookie tracking without equal reject option.","CC-BY-4.0","2022"
"EDIN-00002","This website requires cookies to provide all of its features. For more information on what data is contained in the cookies, please see our COOKIES POLICY page. To accept cookies from this site, please click the button below.ACCEPT & CONTINUE",1,"Obstruction","compliance/privacy","edinburgh_cookie_dialogs","observed_crawler","philipkingsley.co.uk","philipkingsley.co.uk_cookie_dialog",False,"medium","This website requires cookies to provide all of its features. For more information on what data is contained in the cookies, please see our COOKIES POLICY page. To accept cookies from this site, please click the button below.ACCEPT & CONTINUE","Asymmetric consent obstruction or forced cookie tracking without equal reject option.","CC-BY-4.0","2022"
"EDIN-00003","Cookie PolicyThis site uses cookies to improve your browsing experience More informationTo accept",1,"Obstruction","compliance/privacy","edinburgh_cookie_dialogs","observed_crawler","cptnacional.org.br","cptnacional.org.br_cookie_dialog",False,"medium","Cookie PolicyThis site uses cookies to improve your browsing experience More informationTo accept","Asymmetric consent obstruction or forced cookie tracking without equal reject option.","CC-BY-4.0","2022"
"EDIN-00006","Manage Cookie ConsentWe use our own cookies and third-party cookies to analyse our services and to display advertising related to your preferences based on a profile drawn from your browsing habits (e.g. pages visited).Accept cookies.View preferencesCookie PolicyDocPath Privacy Policy EN",1,"Obstruction","compliance/privacy","edinburgh_cookie_dialogs","observed_crawler","docpath.com","docpath.com_cookie_dialog",False,"medium","Manage Cookie ConsentWe use our own cookies and third-party cookies to analyse our services and to display advertising related to your preferences based on a profile drawn from your browsing habits (e.g. pages visited).Accept cookies.View preferencesCookie PolicyDocPath Privacy Policy EN","Asymmetric consent obstruction or forced cookie tracking without equal reject option.","CC-BY-4.0","2022"
"EDIN-00008","We value your privacyWe and ourpartnersstore and/or access information on a device, such as cookies and process personal data, such as unique identifiers and standard information sent by a device for personalised ads and content, ad and content measurement, and audience insights, as well as to develop and improve products.With your permission we and our partners may use precise geolocation data and identification through device scanning. You may click to consent to our and our partners’ processing as described above. Alternatively you may access more detailed information and change your preferences before consenting or to refuse consenting. Please note that some processing of your personal data may not require your consent, but you have a right to object to such processing. Your preferences will apply to this website only. You can change your preferences at any time by returning to this site or visit our privacy policy.MORE OPTIONSAGREE",1,"Obstruction","compliance/privacy","edinburgh_cookie_dialogs","observed_crawler","rbx.gg","rbx.gg_cookie_dialog",False,"medium","We value your privacyWe and ourpartnersstore and/or access information on a device, such as cookies and process personal data, such as unique identifiers and standard information sent by a device for personalised ads and content, ad and content measurement, and audience insights, as well as to develop and improve products.With your permission we and our partners may use precise geolocation data and identification through device scanning. You may click to consent to our and our partners’ processing as described above. Alternatively you may access more detailed information and change your preferences before consenting or to refuse consenting. Please note that some processing of your personal data may not require your consent, but you have a right to object to such processing. Your preferences will apply to this website only. You can change your preferences at any time by returning to this site or visit our privacy policy.MORE OPTIONSAGREE","Asymmetric consent obstruction or forced cookie tracking without equal reject option.","CC-BY-4.0","2022"
"EDIN-00009","Cookie preferencesAt Veygo, we’re continually trying to enhance your user experience, and to do that we use cookies on our website. You may change your preferences at any time as described in our Cookie PolicyAcceptSettings",1,"Obstruction","compliance/privacy","edinburgh_cookie_dialogs","observed_crawler","veygo.com","veygo.com_cookie_dialog",False,"medium","Cookie preferencesAt Veygo, we’re continually trying to enhance your user experience, and to do that we use cookies on our website. You may change your preferences at any time as described in our Cookie PolicyAcceptSettings","Asymmetric consent obstruction or forced cookie tracking without equal reject option.","CC-BY-4.0","2022"
"EDIN-00010","By continuing your visit on this site, you agree to the use of cookies and other third party technologies to ensure the best possible browsing experience on the site. To learn more about our Cookie Policy, click here.Accept",1,"Obstruction","compliance/privacy","edinburgh_cookie_dialogs","observed_crawler","circleline.com","circleline.com_cookie_dialog",False,"medium","By continuing your visit on this site, you agree to the use of cookies and other third party technologies to ensure the best possible browsing experience on the site. To learn more about our Cookie Policy, click here.Accept","Asymmetric consent obstruction or forced cookie tracking without equal reject option.","CC-BY-4.0","2022"
"EDIN-00012","Privacy SettingsWe use cookies on our website. Some of them are essential while others help us improve this website and experience.If you are under 16 years old and want to give your consent to voluntary services, you must ask your legal guardian for permission.We use cookies and other technologies on our website. Some of them are essential while others help us improve this website and experience. Personal data can be processed (eg IP addresses), z. For example, for personalized displays and content or display and content measurement. For more information about using your data, see our privacy policy. You can revoke or customize your selection at any time under settings.Privacy SettingsEssentialstatisticsExternal mediaAccept allSave on computerIndividual privacy settingsCookie Details Privacy Policy Imprint",1,"Obstruction","compliance/privacy","edinburgh_cookie_dialogs","observed_crawler","spio.de","spio.de_cookie_dialog",False,"medium","Privacy SettingsWe use cookies on our website. Some of them are essential while others help us improve this website and experience.If you are under 16 years old and want to give your consent to voluntary services, you must ask your legal guardian for permission.We use cookies and other technologies on our website. Some of them are essential while others help us improve this website and experience. Personal data can be processed (eg IP addresses), z. For example, for personalized displays and content or display and content measurement. For more information about using your data, see our privacy policy. You can revoke or customize your selection at any time under settings.Privacy SettingsEssentialstatisticsExternal mediaAccept allSave on computerIndividual privacy settingsCookie Details Privacy Policy Imprint","Asymmetric consent obstruction or forced cookie tracking without equal reject option.","CC-BY-4.0","2022"
"EDIN-00015","The Vertex Inc Website Uses CookiesWe use cookies to analyze our traffic. We also share information about your use of our site with our social media, advertising, and analytics partners who may combine it with other information that you’ve provided to them or that they’ve collected from your use of their services. Please view our cookie policy or privacy policy for more information.DenyAllow SelectionAllow AllNecessaryPreferencesStatisticsMarketing Show Details",1,"Obstruction","compliance/privacy","edinburgh_cookie_dialogs","observed_crawler","vertexsmb.com","vertexsmb.com_cookie_dialog",False,"medium","The Vertex Inc Website Uses CookiesWe use cookies to analyze our traffic. We also share information about your use of our site with our social media, advertising, and analytics partners who may combine it with other information that you’ve provided to them or that they’ve collected from your use of their services. Please view our cookie policy or privacy policy for more information.DenyAllow SelectionAllow AllNecessaryPreferencesStatisticsMarketing Show Details","Asymmetric consent obstruction or forced cookie tracking without equal reject option.","CC-BY-4.0","2022"
"EDIN-00016","privacy choicesWe and our partners process personal data such as cookies, unique identifiers, and other device data. Some partners may process your personal data on the basis of legitimate interest. View a list of partners to see the purposes they believe they have legitimate interest or and how you can object to it. We and our partners may use your data for the listed purposes, you can manage your choices by clicking Manage Options. You can change your settings at any time, including by withdrawing your consent, by clicking the cog icon at corner or the link at bottom of the page.PurposesStore and/or access information on a deviceDevelop and improve productsPersonalised ads and content, ad and content measurement, and audience insightsSpecial FeaturesUse precise geolocation dataManage OptionsAgree and proceedPowered by",1,"Obstruction","compliance/privacy","edinburgh_cookie_dialogs","observed_crawler","dailycivil.com","dailycivil.com_cookie_dialog",False,"medium","privacy choicesWe and our partners process personal data such as cookies, unique identifiers, and other device data. Some partners may process your personal data on the basis of legitimate interest. View a list of partners to see the purposes they believe they have legitimate interest or and how you can object to it. We and our partners may use your data for the listed purposes, you can manage your choices by clicking Manage Options. You can change your settings at any time, including by withdrawing your consent, by clicking the cog icon at corner or the link at bottom of the page.PurposesStore and/or access information on a deviceDevelop and improve productsPersonalised ads and content, ad and content measurement, and audience insightsSpecial FeaturesUse precise geolocation dataManage OptionsAgree and proceedPowered by","Asymmetric consent obstruction or forced cookie tracking without equal reject option.","CC-BY-4.0","2022"
"EDIN-00019","We value your privacyWe and our partners store and/or access information on a device, such as cookies and process personal data, such as unique identifiers and standard information sent by a device for personalised ads and content, ad and content measurement, and audience insights, as well as to develop and improve products. With your permission we and our partners may use precise geolocation data and identification through device scanning. You may click ""Accept All"" to consent to our and our partners' processing as described above.Alternatively you may click ""Manage choices"" to refuse to consent or access more detailed information and change your preferences before consenting. Please note that some processing of your personal data may not require your consent, but you have a right to object to such processing. Your preferences will not apply across the web.Manage choicesAccept All",1,"Obstruction","compliance/privacy","edinburgh_cookie_dialogs","observed_crawler","zszywka.pl","zszywka.pl_cookie_dialog",False,"medium","We value your privacyWe and our partners store and/or access information on a device, such as cookies and process personal data, such as unique identifiers and standard information sent by a device for personalised ads and content, ad and content measurement, and audience insights, as well as to develop and improve products. With your permission we and our partners may use precise geolocation data and identification through device scanning. You may click ""Accept All"" to consent to our and our partners' processing as described above.Alternatively you may click ""Manage choices"" to refuse to consent or access more detailed information and change your preferences before consenting. Please note that some processing of your personal data may not require your consent, but you have a right to object to such processing. Your preferences will not apply across the web.Manage choicesAccept All","Asymmetric consent obstruction or forced cookie tracking without equal reject option.","CC-BY-4.0","2022"
"EDIN-00020","CARiD.com uses cookies for personalization and to provide a better shopping experience. By continuing to use our website, we assume that you agree to the use of such cookies. Find out more about cookies and How We Use Them.",1,"Obstruction","compliance/privacy","edinburgh_cookie_dialogs","observed_crawler","carid.com","carid.com_cookie_dialog",False,"medium","CARiD.com uses cookies for personalization and to provide a better shopping experience. By continuing to use our website, we assume that you agree to the use of such cookies. Find out more about cookies and How We Use Them.","Asymmetric consent obstruction or forced cookie tracking without equal reject option.","CC-BY-4.0","2022"
"EDIN-00021","This site uses cookies from Google to deliver its services and to analyse traffic. Your IP address and user agent are shared with Google, together with performance and security metrics, to ensure quality of service, generate usage statistics and to detect and address abuse.LEARN MOREOK",1,"Obstruction","compliance/privacy","edinburgh_cookie_dialogs","observed_crawler","soanimesitehd.com","soanimesitehd.com_cookie_dialog",False,"medium","This site uses cookies from Google to deliver its services and to analyse traffic. Your IP address and user agent are shared with Google, together with performance and security metrics, to ensure quality of service, generate usage statistics and to detect and address abuse.LEARN MOREOK","Asymmetric consent obstruction or forced cookie tracking without equal reject option.","CC-BY-4.0","2022"
"EDIN-00022","This website uses cookiesWe use cookies to personalise content and ads, to provide social media features and to analyse our traffic. We also share information about your use of our site with our social media, advertising and analytics partners who may combine it with other information that you’ve provided to them or that they’ve collected from your use of their services. You consent to our cookies if you continue to use our website.Use necessary cookies only Allow all cookiesShow details",0,"None","compliance/privacy","edinburgh_cookie_dialogs","observed_crawler","dutchwatersector.com","dutchwatersector.com_cookie_dialog",False,"medium","","","CC-BY-4.0","2022"
"EDIN-00024","About Cookies on This SiteCookies are important to the proper functioning of a site. To improve your experience, we use cookies to remember log-in details and provide secure log-in, collect statistics to optimize site functionality, and deliver content tailored to your interests. Click Agree and Proceed to accept cookies and go directly to the site or click on View Cookie Settings to see detailed descriptions of the types of cookies and choose whether to accept certain cookies while on the site.AGREE AND PROCEEDDECLINE ALLVIEW COOKIE SETTINGS »Privacy Policy",1,"Obstruction","compliance/privacy","edinburgh_cookie_dialogs","observed_crawler","tempstar.com","tempstar.com_cookie_dialog",False,"medium","About Cookies on This SiteCookies are important to the proper functioning of a site. To improve your experience, we use cookies to remember log-in details and provide secure log-in, collect statistics to optimize site functionality, and deliver content tailored to your interests. Click Agree and Proceed to accept cookies and go directly to the site or click on View Cookie Settings to see detailed descriptions of the types of cookies and choose whether to accept certain cookies while on the site.AGREE AND PROCEEDDECLINE ALLVIEW COOKIE SETTINGS »Privacy Policy","Asymmetric consent obstruction or forced cookie tracking without equal reject option.","CC-BY-4.0","2022"
"EDIN-00027","This website uses cookies to offer you the best possible service.Learn moreUnderstood",1,"Obstruction","compliance/privacy","edinburgh_cookie_dialogs","observed_crawler","chronometre-en-ligne.com","chronometre-en-ligne.com_cookie_dialog",False,"medium","This website uses cookies to offer you the best possible service.Learn moreUnderstood","Asymmetric consent obstruction or forced cookie tracking without equal reject option.","CC-BY-4.0","2022"
"EDIN-00028","Our website stores cookies on your computer. They are used to collect information about how you interact with our website and allow us to remember you. We use this information in order to improve and customize your browsing experience and for analytics and metrics about our visitors both on this website and other media. To find out more about the cookies we use, see our Privacy Policy.If you decline, your information won’t be tracked when you visit this website. A single cookie will be used in your browser to remember your preference not to be tracked.SettingsAcceptDecline",1,"Obstruction","compliance/privacy","edinburgh_cookie_dialogs","observed_crawler","hofstede-insights.com","hofstede-insights.com_cookie_dialog",False,"medium","Our website stores cookies on your computer. They are used to collect information about how you interact with our website and allow us to remember you. We use this information in order to improve and customize your browsing experience and for analytics and metrics about our visitors both on this website and other media. To find out more about the cookies we use, see our Privacy Policy.If you decline, your information won’t be tracked when you visit this website. A single cookie will be used in your browser to remember your preference not to be tracked.SettingsAcceptDecline","Asymmetric consent obstruction or forced cookie tracking without equal reject option.","CC-BY-4.0","2022"
"EDIN-00029","Our website uses cookies. By using our website and agreeing to this policy, you consent to our use of cookies in accordance with the terms of this policy. Please read our Privacy Policy. Cookie settingsACCEPT",1,"Obstruction","compliance/privacy","edinburgh_cookie_dialogs","observed_crawler","bitcentral.com","bitcentral.com_cookie_dialog",False,"medium","Our website uses cookies. By using our website and agreeing to this policy, you consent to our use of cookies in accordance with the terms of this policy. Please read our Privacy Policy. Cookie settingsACCEPT","Asymmetric consent obstruction or forced cookie tracking without equal reject option.","CC-BY-4.0","2022"
"EDIN-00030","We value your privacyWe and ourpartnersstore and/or access information on a device, such as cookies and process personal data, such as unique identifiers and standard information sent by a device for personalised ads and content, ad and content measurement, and audience insights, as well as to develop and improve products.With your permission we and our partners may use precise geolocation data and identification through device scanning. You may click to consent to our and our partners’ processing as described above. Alternatively you may access more detailed information and change your preferences before consenting or to refuse consenting.Please note that some processing of your personal data may not require your consent, but you have a right to object to such processing. Your preferences will apply to this website only. You can change your preferences at any time by returning to this site or visit our privacy policy.",1,"Obstruction","compliance/privacy","edinburgh_cookie_dialogs","observed_crawler","theiphoneblog.com","theiphoneblog.com_cookie_dialog",False,"medium","We value your privacyWe and ourpartnersstore and/or access information on a device, such as cookies and process personal data, such as unique identifiers and standard information sent by a device for personalised ads and content, ad and content measurement, and audience insights, as well as to develop and improve products.With your permission we and our partners may use precise geolocation data and identification through device scanning. You may click to consent to our and our partners’ processing as described above. Alternatively you may access more detailed information and change your preferences before consenting or to refuse consenting.Please note that some processing of your personal data may not require your consent, but you have a right to object to such processing. Your preferences will apply to this website only. You can change your preferences at any time by returning to this site or visit our privacy policy.","Asymmetric consent obstruction or forced cookie tracking without equal reject option.","CC-BY-4.0","2022"
"EDIN-00033","This shop uses cookiesWe use cookies to provide you with an optimal shopping experience.These cookies can be summarized in three different categories.The necessary ones are needed for your purchase.Other cookies are used to make anonymized statistics.Others are primarily marketing purposes.You can decide yourself which cookies you want to allow.Data protectionNecessarymarketingView Detailsconfirm selectionSelect all",1,"Obstruction","compliance/privacy","edinburgh_cookie_dialogs","observed_crawler","prombo.de","prombo.de_cookie_dialog",False,"medium","This shop uses cookiesWe use cookies to provide you with an optimal shopping experience.These cookies can be summarized in three different categories.The necessary ones are needed for your purchase.Other cookies are used to make anonymized statistics.Others are primarily marketing purposes.You can decide yourself which cookies you want to allow.Data protectionNecessarymarketingView Detailsconfirm selectionSelect all","Asymmetric consent obstruction or forced cookie tracking without equal reject option.","CC-BY-4.0","2022"
"EDIN-00034","We Care About Your PrivacyOur site is supported by personalized advertising shown to you while you visit. Your consent helps make this content available to everyone and your support is appreciated.We and our partners process personal data such as IP address, unique ID and browsing data for the purposes below:-- Store and/or access information on a device-- Personalised ads and content, ad and content measurement, audience insights and product developmentFor some of these purposes, we and our partners:-- Use precise geolocation data-- Actively scan device characteristics for identificationYour choices apply only to this site. You may manage specific privacy settings or accept all settings to allow personalized advertising by clicking one of the buttons below. You may adjust your settings at any time in the future by clicking the 'Privacy Choices' link at the bottom of pages on this site or by visiting the privacy policy page.Manage SettingsAccept All",1,"Obstruction","compliance/privacy","edinburgh_cookie_dialogs","observed_crawler","everydaydiabeticrecipes.com","everydaydiabeticrecipes.com_cookie_dialog",False,"medium","We Care About Your PrivacyOur site is supported by personalized advertising shown to you while you visit. Your consent helps make this content available to everyone and your support is appreciated.We and our partners process personal data such as IP address, unique ID and browsing data for the purposes below:-- Store and/or access information on a device-- Personalised ads and content, ad and content measurement, audience insights and product developmentFor some of these purposes, we and our partners:-- Use precise geolocation data-- Actively scan device characteristics for identificationYour choices apply only to this site. You may manage specific privacy settings or accept all settings to allow personalized advertising by clicking one of the buttons below. You may adjust your settings at any time in the future by clicking the 'Privacy Choices' link at the bottom of pages on this site or by visiting the privacy policy page.Manage SettingsAccept All","Asymmetric consent obstruction or forced cookie tracking without equal reject option.","CC-BY-4.0","2022"
"EDIN-00036","This website uses cookies to ensure site visitors get the best experience on our website. By continuing to use this site, you accept our use of cookies and Privacy Policy.I agree",1,"Obstruction","compliance/privacy","edinburgh_cookie_dialogs","observed_crawler","venteclife.com","venteclife.com_cookie_dialog",False,"medium","This website uses cookies to ensure site visitors get the best experience on our website. By continuing to use this site, you accept our use of cookies and Privacy Policy.I agree","Asymmetric consent obstruction or forced cookie tracking without equal reject option.","CC-BY-4.0","2022"
"EDIN-00037","This website uses cookies to improve your experience. We'll assume you're ok with this, but you can opt-out if you wish.Accept Read More",1,"Obstruction","compliance/privacy","edinburgh_cookie_dialogs","observed_crawler","amazonseoconsultant.com","amazonseoconsultant.com_cookie_dialog",False,"medium","This website uses cookies to improve your experience. We'll assume you're ok with this, but you can opt-out if you wish.Accept Read More","Asymmetric consent obstruction or forced cookie tracking without equal reject option.","CC-BY-4.0","2022"
"EDIN-00038","We use cookies (cookies) to improve your experience at our website.ACCEPTDecline",0,"None","compliance/privacy","edinburgh_cookie_dialogs","observed_crawler","ezecom.com.kh","ezecom.com.kh_cookie_dialog",False,"medium","","","CC-BY-4.0","2022"
"EDIN-00039","Cookies help us deliver our services. By using our services, you agree to our use of cookies.Learn moreGot it",1,"Obstruction","compliance/privacy","edinburgh_cookie_dialogs","observed_crawler","onlinegamesracing.com","onlinegamesracing.com_cookie_dialog",False,"medium","Cookies help us deliver our services. By using our services, you agree to our use of cookies.Learn moreGot it","Asymmetric consent obstruction or forced cookie tracking without equal reject option.","CC-BY-4.0","2022"
"EDIN-00040","This website uses third-party cookies and its own to optimize the service, it does not fall through personal data from users without their knowledge.In accordance with the provisions of article 22.2 of Law 34/2002, of July 11, of Services of the Information Society and Electronic Commerce, we ask for your permission to obtain statistical data from your navigation through the websiteAccept selected |Accept all |More informationNecessary |Statistics |Detail",1,"Obstruction","compliance/privacy","edinburgh_cookie_dialogs","observed_crawler","congreso.es","congreso.es_cookie_dialog",False,"medium","This website uses third-party cookies and its own to optimize the service, it does not fall through personal data from users without their knowledge.In accordance with the provisions of article 22.2 of Law 34/2002, of July 11, of Services of the Information Society and Electronic Commerce, we ask for your permission to obtain statistical data from your navigation through the websiteAccept selected |Accept all |More informationNecessary |Statistics |Detail","Asymmetric consent obstruction or forced cookie tracking without equal reject option.","CC-BY-4.0","2022"
"EDIN-00041","This website uses cookiesWe use cookies to personalize content and ads, to be able to offer functions for social media and to analyze access to our website.We also provide information about using our website to our partners for social media, advertising and analyzes.Our partners may carry this information together with other data that they have provided you or who have collected them as part of their use of services.You give consent to our cookies if you continue to use our website.Selection allow cookies to allowNecessarypreferencesstatisticsMarketing Show details",1,"Obstruction","compliance/privacy","edinburgh_cookie_dialogs","observed_crawler","badeparadies-schwarzwald.de","badeparadies-schwarzwald.de_cookie_dialog",False,"medium","This website uses cookiesWe use cookies to personalize content and ads, to be able to offer functions for social media and to analyze access to our website.We also provide information about using our website to our partners for social media, advertising and analyzes.Our partners may carry this information together with other data that they have provided you or who have collected them as part of their use of services.You give consent to our cookies if you continue to use our website.Selection allow cookies to allowNecessarypreferencesstatisticsMarketing Show details","Asymmetric consent obstruction or forced cookie tracking without equal reject option.","CC-BY-4.0","2022"
"EDIN-00043","This site uses cookies to store information on your computer.Some of these cookies are essential, while others help us to improve your experience by providing insights into how the site is being used.I AcceptI Do Not AcceptNecessary CookiesNecessary cookies enable core functionality such as page navigation and access to secure areas. The website cannot function properly without these cookies, and can only be disabled by changing your browser preferences.Analytical CookiesAnalytical cookies help us to improve our website by collecting and reporting information on its usage.Analytical CookiesOnOffAbout this tool(Opens in a new window)",1,"Obstruction","compliance/privacy","edinburgh_cookie_dialogs","observed_crawler","millbrook.co.uk","millbrook.co.uk_cookie_dialog",False,"medium","This site uses cookies to store information on your computer.Some of these cookies are essential, while others help us to improve your experience by providing insights into how the site is being used.I AcceptI Do Not AcceptNecessary CookiesNecessary cookies enable core functionality such as page navigation and access to secure areas. The website cannot function properly without these cookies, and can only be disabled by changing your browser preferences.Analytical CookiesAnalytical cookies help us to improve our website by collecting and reporting information on its usage.Analytical CookiesOnOffAbout this tool(Opens in a new window)","Asymmetric consent obstruction or forced cookie tracking without equal reject option.","CC-BY-4.0","2022"
"EDIN-00044","We use cookies to improve your experience on our website. By browsing this website, you agree to our use of cookies.ACCEPT",1,"Obstruction","compliance/privacy","edinburgh_cookie_dialogs","observed_crawler","jtechdigital.com","jtechdigital.com_cookie_dialog",False,"medium","We use cookies to improve your experience on our website. By browsing this website, you agree to our use of cookies.ACCEPT","Asymmetric consent obstruction or forced cookie tracking without equal reject option.","CC-BY-4.0","2022"
"EDIN-00047","Cookies help to offer you an optimal visitor experience when visiting our websites.Petsplace uses cookies on the website, where we measure your surfing behavior to serve you better and to improve the websites.In this way we can do your personal relevant offers to you and place interesting ads for you.Third parties also place cookies on our websites.Third Parties Cookies are needed to show videos on our websites or to ensure that you can share information on social media.By clicking on ""Agreement"" or by continuing to use this website you agree to this.Read more information in our privacy statementAgree",1,"Obstruction","compliance/privacy","edinburgh_cookie_dialogs","observed_crawler","boerenbond.nl","boerenbond.nl_cookie_dialog",False,"medium","Cookies help to offer you an optimal visitor experience when visiting our websites.Petsplace uses cookies on the website, where we measure your surfing behavior to serve you better and to improve the websites.In this way we can do your personal relevant offers to you and place interesting ads for you.Third parties also place cookies on our websites.Third Parties Cookies are needed to show videos on our websites or to ensure that you can share information on social media.By clicking on ""Agreement"" or by continuing to use this website you agree to this.Read more information in our privacy statementAgree","Asymmetric consent obstruction or forced cookie tracking without equal reject option.","CC-BY-4.0","2022"
"EDIN-00049","Our website uses cookies to guarantee the use and functionality of this website. If you refuse these cookies, it is possible that the website may not work properly. More about our cookie policyAccepteer",1,"Obstruction","compliance/privacy","edinburgh_cookie_dialogs","observed_crawler","castlefest.nl","castlefest.nl_cookie_dialog",False,"medium","Our website uses cookies to guarantee the use and functionality of this website. If you refuse these cookies, it is possible that the website may not work properly. More about our cookie policyAccepteer","Asymmetric consent obstruction or forced cookie tracking without equal reject option.","CC-BY-4.0","2022"
"EDIN-00050","This site uses cookiesNo problemMore information",1,"Obstruction","compliance/privacy","edinburgh_cookie_dialogs","observed_crawler","longchamp-handbag.us","longchamp-handbag.us_cookie_dialog",False,"medium","This site uses cookiesNo problemMore information","Asymmetric consent obstruction or forced cookie tracking without equal reject option.","CC-BY-4.0","2022"
"EDIN-00051","This website uses cookies to ensure you get the best experience on our website. Learn moreDeclineAllow cookies",0,"None","compliance/privacy","edinburgh_cookie_dialogs","observed_crawler","modxcloud.com","modxcloud.com_cookie_dialog",False,"medium","","","CC-BY-4.0","2022"
"EDIN-00052","Privacy SettingsWe use cookies on our website. Some of them are essential while others help us improve this website and experience.If you are under 16 years old and want to give your consent to voluntary services, you must ask your legal guardian for permission.We use cookies and other technologies on our website. Some of them are essential while others help us improve this website and experience. Personal data can be processed (eg IP addresses), z. For example, for personalized displays and content or display and content measurement. For more information about using your data, see our privacy policy. You can revoke or customize your selection at any time under settings.Privacy SettingsEssentialstatisticsmarketingExternal mediaAccept allSave on computerIndividual privacy settingsCookie Details Privacy Policy Imprint",1,"Obstruction","compliance/privacy","edinburgh_cookie_dialogs","observed_crawler","digmo.com","digmo.com_cookie_dialog",False,"medium","Privacy SettingsWe use cookies on our website. Some of them are essential while others help us improve this website and experience.If you are under 16 years old and want to give your consent to voluntary services, you must ask your legal guardian for permission.We use cookies and other technologies on our website. Some of them are essential while others help us improve this website and experience. Personal data can be processed (eg IP addresses), z. For example, for personalized displays and content or display and content measurement. For more information about using your data, see our privacy policy. You can revoke or customize your selection at any time under settings.Privacy SettingsEssentialstatisticsmarketingExternal mediaAccept allSave on computerIndividual privacy settingsCookie Details Privacy Policy Imprint","Asymmetric consent obstruction or forced cookie tracking without equal reject option.","CC-BY-4.0","2022"
"EDIN-00053","This website uses cookies to remember you and improve your experience. To find out more see our Privacy Policy.ACCEPT",1,"Obstruction","compliance/privacy","edinburgh_cookie_dialogs","observed_crawler","mainstreethost.com","mainstreethost.com_cookie_dialog",False,"medium","This website uses cookies to remember you and improve your experience. To find out more see our Privacy Policy.ACCEPT","Asymmetric consent obstruction or forced cookie tracking without equal reject option.","CC-BY-4.0","2022"
"EDIN-00054","This website uses cookies, and also collects some information using Google Analytics. Please review our Cookie Policy, which can be found here.OK",1,"Obstruction","compliance/privacy","edinburgh_cookie_dialogs","observed_crawler","dpamicrophones.com","dpamicrophones.com_cookie_dialog",False,"medium","This website uses cookies, and also collects some information using Google Analytics. Please review our Cookie Policy, which can be found here.OK","Asymmetric consent obstruction or forced cookie tracking without equal reject option.","CC-BY-4.0","2022"
"EDIN-00056","This website uses cookies to optimize the browser function.Find out how we use cookies and how to change your settings.Accept Reject",1,"Obstruction","compliance/privacy","edinburgh_cookie_dialogs","observed_crawler","epona-gmbh.de","epona-gmbh.de_cookie_dialog",False,"medium","This website uses cookies to optimize the browser function.Find out how we use cookies and how to change your settings.Accept Reject","Asymmetric consent obstruction or forced cookie tracking without equal reject option.","CC-BY-4.0","2022"
"EDIN-00059","This website uses cookies to improve your experience. For information on cookies and how you can disable them, please read our cookies policy.",1,"Obstruction","compliance/privacy","edinburgh_cookie_dialogs","observed_crawler","epsom-sthelier.nhs.uk","epsom-sthelier.nhs.uk_cookie_dialog",False,"medium","This website uses cookies to improve your experience. For information on cookies and how you can disable them, please read our cookies policy.","Asymmetric consent obstruction or forced cookie tracking without equal reject option.","CC-BY-4.0","2022"
"EDIN-00063","Cookie SettingsWe use our own and third party cookies to analyze and measure how our website is used, offer better functionality and customization levels and to deliver targeted ads in accordance with your preferences and your profile built based on your browsing habits. You can find more about our Cookie Policy here. By clicking the “Accept” button you authorize us to save all cookies on your device. To set and manage your preferences or block the use of cookies, click on “Cookie Settings”.Cookie Settings Accept",1,"Obstruction","compliance/privacy","edinburgh_cookie_dialogs","observed_crawler","bbva.com","bbva.com_cookie_dialog",False,"medium","Cookie SettingsWe use our own and third party cookies to analyze and measure how our website is used, offer better functionality and customization levels and to deliver targeted ads in accordance with your preferences and your profile built based on your browsing habits. You can find more about our Cookie Policy here. By clicking the “Accept” button you authorize us to save all cookies on your device. To set and manage your preferences or block the use of cookies, click on “Cookie Settings”.Cookie Settings Accept","Asymmetric consent obstruction or forced cookie tracking without equal reject option.","CC-BY-4.0","2022"
"EDIN-00065","By using this website, you agree to our use of cookies. We use cookies to provide you with a great experience and to help our website run effectively.OK",1,"Obstruction","compliance/privacy","edinburgh_cookie_dialogs","observed_crawler","bizarro.com","bizarro.com_cookie_dialog",False,"medium","By using this website, you agree to our use of cookies. We use cookies to provide you with a great experience and to help our website run effectively.OK","Asymmetric consent obstruction or forced cookie tracking without equal reject option.","CC-BY-4.0","2022"
"EDIN-00067","We are using cookies to give you the best experience on our website.You can find out more about which cookies we are using or switch them off in settings.Accept",1,"Obstruction","compliance/privacy","edinburgh_cookie_dialogs","observed_crawler","icef.com","icef.com_cookie_dialog",False,"medium","We are using cookies to give you the best experience on our website.You can find out more about which cookies we are using or switch them off in settings.Accept","Asymmetric consent obstruction or forced cookie tracking without equal reject option.","CC-BY-4.0","2022"
"EDIN-00068","We care about your privacyWe and our partners gain access and store information on the device, and process personal information, such as unique identifiers and standard data, sent by the device, or browsing data, to select and create a profile of personalised content and advertisements, measure the performance of content and advertisements, and develop and improve products. With your consent, we and our partners may use precision geolocation data and identification by scanning devices.By clicking on the button below, you consent to the processing of data by us and our partners as described above. You may also access more detailed information, and change your preferences, before you give or refuse to give your consent. Some types of data processing do not require your consent, but you have the right to object to such processing. The preferences shall not apply to other websites with global or service consent.MORE OPTIONSACCEPT ALL",1,"Obstruction","compliance/privacy","edinburgh_cookie_dialogs","observed_crawler","rynek-lotniczy.pl","rynek-lotniczy.pl_cookie_dialog",False,"medium","We care about your privacyWe and our partners gain access and store information on the device, and process personal information, such as unique identifiers and standard data, sent by the device, or browsing data, to select and create a profile of personalised content and advertisements, measure the performance of content and advertisements, and develop and improve products. With your consent, we and our partners may use precision geolocation data and identification by scanning devices.By clicking on the button below, you consent to the processing of data by us and our partners as described above. You may also access more detailed information, and change your preferences, before you give or refuse to give your consent. Some types of data processing do not require your consent, but you have the right to object to such processing. The preferences shall not apply to other websites with global or service consent.MORE OPTIONSACCEPT ALL","Asymmetric consent obstruction or forced cookie tracking without equal reject option.","CC-BY-4.0","2022"
"EDIN-00070","We use cookies to improve your experience on our website. You can find out more about which cookies we use by clicking Learn moreGot it!",1,"Obstruction","compliance/privacy","edinburgh_cookie_dialogs","observed_crawler","aduna.com","aduna.com_cookie_dialog",False,"medium","We use cookies to improve your experience on our website. You can find out more about which cookies we use by clicking Learn moreGot it!","Asymmetric consent obstruction or forced cookie tracking without equal reject option.","CC-BY-4.0","2022"
"EDIN-00073","guceYour data. Your experience.Yahoo is part of the Yahoo family of brands.By clicking ""Accept all"" you agree that Yahoo and our partners will store and/or access information on your device through the use of cookies and similar technologies and process your personal data, to display personalised ads and content, for ad and content measurement, audience insights and product development.Your personal data that may be usedInformation about your device and Internet connection, including your IP addressBrowsing and search activity while using Yahoo websites and appsPrecise locationYou can select 'Manage settings' for more information and to manage your choices. You can change your choices at any time by visiting Your Privacy Controls. Find out more about how we use your information in our Privacy Policy and Cookie Policy. Click here to find out more about our partners.Accept allManage settings",1,"Obstruction","compliance/privacy","edinburgh_cookie_dialogs","observed_crawler","tinytrk.com","tinytrk.com_cookie_dialog",False,"medium","guceYour data. Your experience.Yahoo is part of the Yahoo family of brands.By clicking ""Accept all"" you agree that Yahoo and our partners will store and/or access information on your device through the use of cookies and similar technologies and process your personal data, to display personalised ads and content, for ad and content measurement, audience insights and product development.Your personal data that may be usedInformation about your device and Internet connection, including your IP addressBrowsing and search activity while using Yahoo websites and appsPrecise locationYou can select 'Manage settings' for more information and to manage your choices. You can change your choices at any time by visiting Your Privacy Controls. Find out more about how we use your information in our Privacy Policy and Cookie Policy. Click here to find out more about our partners.Accept allManage settings","Asymmetric consent obstruction or forced cookie tracking without equal reject option.","CC-BY-4.0","2022"
"EDIN-00074","By clicking “Accept All Cookies”, you agree to the storing of cookies on your device to enhance site navigation, analyze site usage, and assist in our marketing efforts.Reject All Accept All CookiesCookies Settings",1,"Obstruction","compliance/privacy","edinburgh_cookie_dialogs","observed_crawler","wmf.com","wmf.com_cookie_dialog",False,"medium","By clicking “Accept All Cookies”, you agree to the storing of cookies on your device to enhance site navigation, analyze site usage, and assist in our marketing efforts.Reject All Accept All CookiesCookies Settings","Asymmetric consent obstruction or forced cookie tracking without equal reject option.","CC-BY-4.0","2022"
"EDIN-00076","Cookies: We keep visiting statistics to improve your navigation experience, learn more about ourPrivacy Policy.I understood and close",1,"Obstruction","compliance/privacy","edinburgh_cookie_dialogs","observed_crawler","magazineluiza.com.br","magazineluiza.com.br_cookie_dialog",False,"medium","Cookies: We keep visiting statistics to improve your navigation experience, learn more about ourPrivacy Policy.I understood and close","Asymmetric consent obstruction or forced cookie tracking without equal reject option.","CC-BY-4.0","2022"
"EDIN-00078","This website uses a minimum of functional cookies for proper functionality.When you continue navigation, you agree to the use of these cookies.Questo Sito Utilizza i Cookie Funzionali Strettamente Necessari All'Utilizzo.ProSeguendo Nella Navigazione Si Accetta L'Uso dei Tali Cookie.OK - Experienced Accettanyin / Nomeehr / Informativa",1,"Obstruction","compliance/privacy","edinburgh_cookie_dialogs","observed_crawler","lugbz.org","lugbz.org_cookie_dialog",False,"medium","This website uses a minimum of functional cookies for proper functionality.When you continue navigation, you agree to the use of these cookies.Questo Sito Utilizza i Cookie Funzionali Strettamente Necessari All'Utilizzo.ProSeguendo Nella Navigazione Si Accetta L'Uso dei Tali Cookie.OK - Experienced Accettanyin / Nomeehr / Informativa","Asymmetric consent obstruction or forced cookie tracking without equal reject option.","CC-BY-4.0","2022"
"EDIN-00079","We use cookies to ensure that we give you the best experience on our website. Ok",1,"Obstruction","compliance/privacy","edinburgh_cookie_dialogs","observed_crawler","techbigs.com","techbigs.com_cookie_dialog",False,"medium","We use cookies to ensure that we give you the best experience on our website. Ok","Asymmetric consent obstruction or forced cookie tracking without equal reject option.","CC-BY-4.0","2022"
"EDIN-00081","EN FR DE ES IT HR SV SR SL NL Privacy & TransparencyWe and our partners use cookies to Store and/or access information on a device. We and our partners use data for Personalised ads and content, ad and content measurement, audience insights and product development. An example of data being processed may be a unique identifier stored in a cookie. Some of our partners may process your data as a part of their legitimate business interest without asking for consent. To view the purposes they believe they have legitimate interest for, or to object to this data processing use the vendor list link below. The consent submitted will only be used for data processing originating from this website. If you would like to change your settings or withdraw consent at any time, the link to do so is in our privacy policy accessible from our home page.Manage SettingsContinue with Recommended CookiesVendor List|Privacy Policy",1,"Obstruction","compliance/privacy","edinburgh_cookie_dialogs","observed_crawler","altcointrading.net","altcointrading.net_cookie_dialog",False,"medium","EN FR DE ES IT HR SV SR SL NL Privacy & TransparencyWe and our partners use cookies to Store and/or access information on a device. We and our partners use data for Personalised ads and content, ad and content measurement, audience insights and product development. An example of data being processed may be a unique identifier stored in a cookie. Some of our partners may process your data as a part of their legitimate business interest without asking for consent. To view the purposes they believe they have legitimate interest for, or to object to this data processing use the vendor list link below. The consent submitted will only be used for data processing originating from this website. If you would like to change your settings or withdraw consent at any time, the link to do so is in our privacy policy accessible from our home page.Manage SettingsContinue with Recommended CookiesVendor List|Privacy Policy","Asymmetric consent obstruction or forced cookie tracking without equal reject option.","CC-BY-4.0","2022"
"EDIN-00083","This website uses cookies to ensure you get the absolute best experience. Privacy PolicyGot it!",1,"Obstruction","compliance/privacy","edinburgh_cookie_dialogs","observed_crawler","apassion4jazz.net","apassion4jazz.net_cookie_dialog",False,"medium","This website uses cookies to ensure you get the absolute best experience. Privacy PolicyGot it!","Asymmetric consent obstruction or forced cookie tracking without equal reject option.","CC-BY-4.0","2022"
"EDIN-00084","To improve confidence experiences and correct bugs, we carry out analyzes of your actions.We use ""cookies"" for that.These analyzes are made by preserving your anonymity.",1,"Obstruction","compliance/privacy","edinburgh_cookie_dialogs","observed_crawler","gensdeconfiance.com","gensdeconfiance.com_cookie_dialog",False,"medium","To improve confidence experiences and correct bugs, we carry out analyzes of your actions.We use ""cookies"" for that.These analyzes are made by preserving your anonymity.","Asymmetric consent obstruction or forced cookie tracking without equal reject option.","CC-BY-4.0","2022"
"EDIN-00085","This website uses cookiesWe use our own and third party cookies for analytical purposes and to show you information about your interest.Click on cookies policy for more information.You can accept all cookies by pressing the ""OK"" button or rejecting its use by pressing the ""Reject all cookies"" button.If you want to configure them, in the cookies policy we indicate how to do it in different browsers.Reject all cookies permit selected all cookiesNecessarypreferencesStatisticsMarketing Show details",1,"Obstruction","compliance/privacy","edinburgh_cookie_dialogs","observed_crawler","goikogrill.com","goikogrill.com_cookie_dialog",False,"medium","This website uses cookiesWe use our own and third party cookies for analytical purposes and to show you information about your interest.Click on cookies policy for more information.You can accept all cookies by pressing the ""OK"" button or rejecting its use by pressing the ""Reject all cookies"" button.If you want to configure them, in the cookies policy we indicate how to do it in different browsers.Reject all cookies permit selected all cookiesNecessarypreferencesStatisticsMarketing Show details","Asymmetric consent obstruction or forced cookie tracking without equal reject option.","CC-BY-4.0","2022"
"EDIN-00086","This website uses cookies to ensure you get the best experience on our website.Privacy PolicyPreferencesOk!",1,"Obstruction","compliance/privacy","edinburgh_cookie_dialogs","observed_crawler","morninglavender.com","morninglavender.com_cookie_dialog",False,"medium","This website uses cookies to ensure you get the best experience on our website.Privacy PolicyPreferencesOk!","Asymmetric consent obstruction or forced cookie tracking without equal reject option.","CC-BY-4.0","2022"
"EDIN-00088","Ipsos uses cookies and other tracers in order to optimize the performance, the functionality of the site and to measure the audience. For more information on the processing of personal data and your rights, please read our cookie policy.Accept All Customise Settings",1,"Obstruction","compliance/privacy","edinburgh_cookie_dialogs","observed_crawler","ipsos.com","ipsos.com_cookie_dialog",False,"medium","Ipsos uses cookies and other tracers in order to optimize the performance, the functionality of the site and to measure the audience. For more information on the processing of personal data and your rights, please read our cookie policy.Accept All Customise Settings","Asymmetric consent obstruction or forced cookie tracking without equal reject option.","CC-BY-4.0","2022"
"EDIN-00092","Manage CookiesOur website uses cookies to store information in your computer or mobile device to improve your online experience. Cookies are small text files which let you navigate between pages efficiently, remember your preferences, help us understand how this website is performing and generally improve your browsing experience. Cookies can also analyse and monitor your behaviour and help ensure the advertising you see online is more relevant to you. For more information on cookies, including their use, duration and our partners please see our cookie policy.",1,"Obstruction","compliance/privacy","edinburgh_cookie_dialogs","observed_crawler","hertz.com","hertz.com_cookie_dialog",False,"medium","Manage CookiesOur website uses cookies to store information in your computer or mobile device to improve your online experience. Cookies are small text files which let you navigate between pages efficiently, remember your preferences, help us understand how this website is performing and generally improve your browsing experience. Cookies can also analyse and monitor your behaviour and help ensure the advertising you see online is more relevant to you. For more information on cookies, including their use, duration and our partners please see our cookie policy.","Asymmetric consent obstruction or forced cookie tracking without equal reject option.","CC-BY-4.0","2022"
"EDIN-00095","We use cookies to improve your experience on our websites and for advertising. Privacy StatementAccept all Manage cookies",1,"Obstruction","compliance/privacy","edinburgh_cookie_dialogs","observed_crawler","microsoft.com","microsoft.com_cookie_dialog",False,"medium","We use cookies to improve your experience on our websites and for advertising. Privacy StatementAccept all Manage cookies","Asymmetric consent obstruction or forced cookie tracking without equal reject option.","CC-BY-4.0","2022"
"EDIN-00096","By using Twitter’s services you agree to our Cookies Use. We and our partners operate globally and use cookies, including for analytics, personalisation, and ads.Close",1,"Obstruction","compliance/privacy","edinburgh_cookie_dialogs","observed_crawler","twitter.com","twitter.com_cookie_dialog",False,"medium","By using Twitter’s services you agree to our Cookies Use. We and our partners operate globally and use cookies, including for analytics, personalisation, and ads.Close","Asymmetric consent obstruction or forced cookie tracking without equal reject option.","CC-BY-4.0","2022"
"EDIN-00097","Accept cookies from this browser?AfrikaansešinaDANSKDeutschΕλληνιάάEnglishEnglish (UK)ESPAñOL (ESPAñA)ESPAñOLSuomiFrançaisBahasa IndonesiaItaliano日本 日本ft한국어Bahasa melayuNorskNederlandsPoleskiPortuguês (Brasil)Português (Portugal)РусскийSvenskaภภษษ ไทยFilipinoTürkçe中文 (简体)中文 (台灣)বাংলাગુજગુજતીતીहिन्दीHrvatskiMagyarಕನ್ನಡമലയാളംमराठीनेपालीਪੰਜਾਬੀසසංහලSlovončinaதமதமதமழతెలుగుTiếng việt中文 (香港)BulgarianFrançais (Canada)RomânăSrpskyUkrainianWe Use Cookies to Help Personalise Content, Service Relevant ADS and Provide A Safever Experience.Learn More ABOUT Cookie Uses and Controls in OUR Cookie Policy.You can review your controls AT ANY TIME.Accept allManage Data Settings",1,"Obstruction","compliance/privacy","edinburgh_cookie_dialogs","observed_crawler","instagram.com","instagram.com_cookie_dialog",False,"medium","Accept cookies from this browser?AfrikaansešinaDANSKDeutschΕλληνιάάEnglishEnglish (UK)ESPAñOL (ESPAñA)ESPAñOLSuomiFrançaisBahasa IndonesiaItaliano日本 日本ft한국어Bahasa melayuNorskNederlandsPoleskiPortuguês (Brasil)Português (Portugal)РусскийSvenskaภภษษ ไทยFilipinoTürkçe中文 (简体)中文 (台灣)বাংলাગુજગુજતીતીहिन्दीHrvatskiMagyarಕನ್ನಡമലയാളംमराठीनेपालीਪੰਜਾਬੀසසංහලSlovončinaதமதமதமழతెలుగుTiếng việt中文 (香港)BulgarianFrançais (Canada)RomânăSrpskyUkrainianWe Use Cookies to Help Personalise Content, Service Relevant ADS and Provide A Safever Experience.Learn More ABOUT Cookie Uses and Controls in OUR Cookie Policy.You can review your controls AT ANY TIME.Accept allManage Data Settings","Asymmetric consent obstruction or forced cookie tracking without equal reject option.","CC-BY-4.0","2022"
"EDIN-00099","This site uses cookies from Google to deliver its services and to analyze traffic.Learn moreOK, Got it",1,"Obstruction","compliance/privacy","edinburgh_cookie_dialogs","observed_crawler","doubleclick.net","doubleclick.net_cookie_dialog",False,"medium","This site uses cookies from Google to deliver its services and to analyze traffic.Learn moreOK, Got it","Asymmetric consent obstruction or forced cookie tracking without equal reject option.","CC-BY-4.0","2022"
"EDIN-00102","We and our partners process your personal data (such as browsing data, IP addresses, cookie information, and other unique identifiers) based on your consent and/or our legitimate interest to optimize our website, marketing activities, and your user experience.CustomizeAccept All",1,"Obstruction","compliance/privacy","edinburgh_cookie_dialogs","observed_crawler","wordpress.com","wordpress.com_cookie_dialog",False,"medium","We and our partners process your personal data (such as browsing data, IP addresses, cookie information, and other unique identifiers) based on your consent and/or our legitimate interest to optimize our website, marketing activities, and your user experience.CustomizeAccept All","Asymmetric consent obstruction or forced cookie tracking without equal reject option.","CC-BY-4.0","2022"
"EDIN-00103","We use cookies on our websites for a number of purposes, including analytics and performance, functionality and advertising. Learn more about Reddit’s use of cookies.Reject non-essentialAccept all",1,"Obstruction","compliance/privacy","edinburgh_cookie_dialogs","observed_crawler","reddit.com","reddit.com_cookie_dialog",False,"medium","We use cookies on our websites for a number of purposes, including analytics and performance, functionality and advertising. Learn more about Reddit’s use of cookies.Reject non-essentialAccept all","Asymmetric consent obstruction or forced cookie tracking without equal reject option.","CC-BY-4.0","2022"
"EDIN-00104","Zoom uses cookies and similar technologies as strictly necessary to make our site work. We and our partners would also like to set additional cookies to analyze your use of our site, to personalize and enhance your visit to our site and to show you more relevant content and advertising. These will be set only if you accept.You can always review and change your cookie preferences through our cookie settings page. For more information, please read our Privacy Statement.DECLINE COOKIES ACCEPT COOKIESCOOKIES SETTINGS",1,"Obstruction","compliance/privacy","edinburgh_cookie_dialogs","observed_crawler","zoom.us","zoom.us_cookie_dialog",False,"medium","Zoom uses cookies and similar technologies as strictly necessary to make our site work. We and our partners would also like to set additional cookies to analyze your use of our site, to personalize and enhance your visit to our site and to show you more relevant content and advertising. These will be set only if you accept.You can always review and change your cookie preferences through our cookie settings page. For more information, please read our Privacy Statement.DECLINE COOKIES ACCEPT COOKIESCOOKIES SETTINGS","Asymmetric consent obstruction or forced cookie tracking without equal reject option.","CC-BY-4.0","2022"
"EDIN-00105","Select your cookie preferencesWe use cookies and similar tools to enhance your experience, provide our services, deliver relevant advertising, and make improvements. Approved third parties also use these tools to help us deliver advertising and provide certain site features.CustomizeAccept all",1,"Obstruction","compliance/privacy","edinburgh_cookie_dialogs","observed_crawler","amazonaws.com","amazonaws.com_cookie_dialog",False,"medium","Select your cookie preferencesWe use cookies and similar tools to enhance your experience, provide our services, deliver relevant advertising, and make improvements. Approved third parties also use these tools to help us deliver advertising and provide certain site features.CustomizeAccept all","Asymmetric consent obstruction or forced cookie tracking without equal reject option.","CC-BY-4.0","2022"
"EDIN-00107","...Accept cookies from WhatsApp on this browser?We use cookies to understand, secure, operate, and provide our services.Learn more about uses and controls in our Cookie Policy.MANAGE COOKIESACCEPT",1,"Obstruction","compliance/privacy","edinburgh_cookie_dialogs","observed_crawler","whatsapp.com","whatsapp.com_cookie_dialog",False,"medium","...Accept cookies from WhatsApp on this browser?We use cookies to understand, secure, operate, and provide our services.Learn more about uses and controls in our Cookie Policy.MANAGE COOKIESACCEPT","Asymmetric consent obstruction or forced cookie tracking without equal reject option.","CC-BY-4.0","2022"
"EDIN-00108","Microsoft Cares About Your PrivacyMicrosoft and our third-party vendors use cookies to store and access information such as unique IDs to deliver, maintain and improve our services and ads. If you agree, MSN and Microsoft Bing will personalize the content and ads that you see. You can select ‘I Accept’ to consent to these uses or click on ‘Manage preferences’ to review your options You can change your selection under ‘Manage Preferences’ at the bottom of this page. Privacy Statement.We and our partners process data to:Use precise geolocation data and actively scan device characteristics for identification. This is done to store and access information on a device and to provide personalised ads and content, ad and content measurement, audience insights and product development.List of Partners (vendors)I AcceptManage Preferences",1,"Obstruction","compliance/privacy","edinburgh_cookie_dialogs","observed_crawler","msn.com","msn.com_cookie_dialog",False,"medium","Microsoft Cares About Your PrivacyMicrosoft and our third-party vendors use cookies to store and access information such as unique IDs to deliver, maintain and improve our services and ads. If you agree, MSN and Microsoft Bing will personalize the content and ads that you see. You can select ‘I Accept’ to consent to these uses or click on ‘Manage preferences’ to review your options You can change your selection under ‘Manage Preferences’ at the bottom of this page. Privacy Statement.We and our partners process data to:Use precise geolocation data and actively scan device characteristics for identification. This is done to store and access information on a device and to provide personalised ads and content, ad and content measurement, audience insights and product development.List of Partners (vendors)I AcceptManage Preferences","Asymmetric consent obstruction or forced cookie tracking without equal reject option.","CC-BY-4.0","2022"
"EDIN-00110","This site uses cookies to improve your experience and to help show content that is more relevant to your interests. By using this site, you agree to the use of cookies by Flickr and our partners as described in our cookie policy.",1,"Obstruction","compliance/privacy","edinburgh_cookie_dialogs","observed_crawler","flickr.com","flickr.com_cookie_dialog",False,"medium","This site uses cookies to improve your experience and to help show content that is more relevant to your interests. By using this site, you agree to the use of cookies by Flickr and our partners as described in our cookie policy.","Asymmetric consent obstruction or forced cookie tracking without equal reject option.","CC-BY-4.0","2022"
"EDIN-00119","Data Settings Information and ManagementBy selecting ""Accept All"", you agree to the use of cookies and other technologies to process your personal data (e.g., IP Address) to enhance and personalize your experience across eBay's portfolio of brands, including eBay or third-party advertising tailored to you, on and off our sites. Additionally, third-party companies, who we partner with, may store cookies on your device and use similar technologies to collect and use certain information for advertising personalization, measurement and analytics. You may decline consent by selecting ""Decline All"" or make granular choices by selecting ""Customise my choices"". You may change your choices at any time by visiting processing purposes: Store and/or access information on a device. Personalized ads and content, ad and content measurement, audience insights and product development.Customise my choicesDecline AllAccept All",1,"Obstruction","compliance/privacy","edinburgh_cookie_dialogs","observed_crawler","ebay.com","ebay.com_cookie_dialog",False,"medium","Data Settings Information and ManagementBy selecting ""Accept All"", you agree to the use of cookies and other technologies to process your personal data (e.g., IP Address) to enhance and personalize your experience across eBay's portfolio of brands, including eBay or third-party advertising tailored to you, on and off our sites. Additionally, third-party companies, who we partner with, may store cookies on your device and use similar technologies to collect and use certain information for advertising personalization, measurement and analytics. You may decline consent by selecting ""Decline All"" or make granular choices by selecting ""Customise my choices"". You may change your choices at any time by visiting processing purposes: Store and/or access information on a device. Personalized ads and content, ad and content measurement, audience insights and product development.Customise my choicesDecline AllAccept All","Asymmetric consent obstruction or forced cookie tracking without equal reject option.","CC-BY-4.0","2022"
"EDIN-00122","If you accept cookies, we'll use them to improve and customise your experience and enable our partners to show you personalised PayPal ads when you visit other sites. Manage cookies and learn moreAcceptDecline",1,"Obstruction","compliance/privacy","edinburgh_cookie_dialogs","observed_crawler","paypal.com","paypal.com_cookie_dialog",False,"medium","If you accept cookies, we'll use them to improve and customise your experience and enable our partners to show you personalised PayPal ads when you visit other sites. Manage cookies and learn moreAcceptDecline","Asymmetric consent obstruction or forced cookie tracking without equal reject option.","CC-BY-4.0","2022"
"EDIN-00124","Your Etsy Privacy SettingsFor the best experience, we use cookies and similar tools to help Etsy function, for performance, analytics, personalisation and advertising. Learn more in our Privacy Policy and Cookie Policy. Update your choices any time via Privacy Settings.Update settingsAccept",1,"Obstruction","compliance/privacy","edinburgh_cookie_dialogs","observed_crawler","etsy.com","etsy.com_cookie_dialog",False,"medium","Your Etsy Privacy SettingsFor the best experience, we use cookies and similar tools to help Etsy function, for performance, analytics, personalisation and advertising. Learn more in our Privacy Policy and Cookie Policy. Update your choices any time via Privacy Settings.Update settingsAccept","Asymmetric consent obstruction or forced cookie tracking without equal reject option.","CC-BY-4.0","2022"
"EDIN-00125","The Washington Post cares about your privacyWe and our partners store and/or access information on a device, such as unique IDs in cookies to process personal data. You may accept or manage your choices by clicking below, including your right to object where legitimate interest is used, or at any time in the privacy policy page. These choices will be signaled to our partners and will not affect browsing data.We and our partners process data to provide:Actively scan device characteristics for identification. Select basic ads. Store and/or access information on a device. Create a personalised ads profile. Select personalised ads. Create a personalised content profile. Select personalised content. Measure ad performance. Measure content performance. Apply market research to generate audience insights. Develop and improve products.View list of partnersI acceptManage cookies",1,"Obstruction","compliance/privacy","edinburgh_cookie_dialogs","observed_crawler","washingtonpost.com","washingtonpost.com_cookie_dialog",False,"medium","The Washington Post cares about your privacyWe and our partners store and/or access information on a device, such as unique IDs in cookies to process personal data. You may accept or manage your choices by clicking below, including your right to object where legitimate interest is used, or at any time in the privacy policy page. These choices will be signaled to our partners and will not affect browsing data.We and our partners process data to provide:Actively scan device characteristics for identification. Select basic ads. Store and/or access information on a device. Create a personalised ads profile. Select personalised ads. Create a personalised content profile. Select personalised content. Measure ad performance. Measure content performance. Apply market research to generate audience insights. Develop and improve products.View list of partnersI acceptManage cookies","Asymmetric consent obstruction or forced cookie tracking without equal reject option.","CC-BY-4.0","2022"
"EDIN-00126","But first, cookies 🍪We use essential cookies to make Canva work. We’d like to use other cookies to improve and personalise your visit, tailor ads you see from us on Canva and partner sites, and to analyse our website’s performance, but only if you accept. Learn more about your choices in our cookie policy.Accept all cookiesManage cookies",1,"Obstruction","compliance/privacy","edinburgh_cookie_dialogs","observed_crawler","canva.com","canva.com_cookie_dialog",False,"medium","But first, cookies 🍪We use essential cookies to make Canva work. We’d like to use other cookies to improve and personalise your visit, tailor ads you see from us on Canva and partner sites, and to analyse our website’s performance, but only if you accept. Learn more about your choices in our cookie policy.Accept all cookiesManage cookies","Asymmetric consent obstruction or forced cookie tracking without equal reject option.","CC-BY-4.0","2022"
"EDIN-00127","This site uses cookies and other tracking technologies to assist with navigation and your ability to provide feedback, analyze your use of our products and services, assist with our promotional and marketing efforts, and provide content from third parties. Click here to learn more and manage your preferences. Privacy PolicyAccept Cookies",1,"Obstruction","compliance/privacy","edinburgh_cookie_dialogs","observed_crawler","digicert.com","digicert.com_cookie_dialog",False,"medium","This site uses cookies and other tracking technologies to assist with navigation and your ability to provide feedback, analyze your use of our products and services, assist with our promotional and marketing efforts, and provide content from third parties. Click here to learn more and manage your preferences. Privacy PolicyAccept Cookies","Asymmetric consent obstruction or forced cookie tracking without equal reject option.","CC-BY-4.0","2022"
"EDIN-00129","Select your cookies preferencesWe use cookies and other technologies to improve your experience on our websites. By clicking ""Accept all"", you agree to let us use third-party cookies for analytics and marketing purposes. You can learn more about how we use cookies in our Cookies Policy. To manage your cookies, click ""Manage settings"".Manage settingsAccept all",1,"Obstruction","compliance/privacy","edinburgh_cookie_dialogs","observed_crawler","tiktok.com","tiktok.com_cookie_dialog",False,"medium","Select your cookies preferencesWe use cookies and other technologies to improve your experience on our websites. By clicking ""Accept all"", you agree to let us use third-party cookies for analytics and marketing purposes. You can learn more about how we use cookies in our Cookies Policy. To manage your cookies, click ""Manage settings"".Manage settingsAccept all","Asymmetric consent obstruction or forced cookie tracking without equal reject option.","CC-BY-4.0","2022"
"EDIN-00130","We value your privacy!We and our partners are using cookies, IP-address or browser information in order to personalize the advertising that you see. This helps us to show you more relevant ads. We also use it in order to measure our website content. Because we value your privacy, we are herewith asking for your permission to use these technologies.Store and/or access information on a deviceSelect basic adsCreate a personalised ads profileSelect personalised adsCreate a personalised content profileSelect personalised contentMeasure ad performanceMeasure content performanceApply market research to generate audience insightsDevelop and improve productsUse precise geolocation dataActively scan device characteristics for identificationReject AcceptCustomize your choice | Learn more",1,"Obstruction","compliance/privacy","edinburgh_cookie_dialogs","observed_crawler","mail.ru","mail.ru_cookie_dialog",False,"medium","We value your privacy!We and our partners are using cookies, IP-address or browser information in order to personalize the advertising that you see. This helps us to show you more relevant ads. We also use it in order to measure our website content. Because we value your privacy, we are herewith asking for your permission to use these technologies.Store and/or access information on a deviceSelect basic adsCreate a personalised ads profileSelect personalised adsCreate a personalised content profileSelect personalised contentMeasure ad performanceMeasure content performanceApply market research to generate audience insightsDevelop and improve productsUse precise geolocation dataActively scan device characteristics for identificationReject AcceptCustomize your choice | Learn more","Asymmetric consent obstruction or forced cookie tracking without equal reject option.","CC-BY-4.0","2022"
"EDIN-00132","We use cookies to help provide and enhance our service and tailor content and ads. By continuing you agree to the use of cookies.",1,"Obstruction","compliance/privacy","edinburgh_cookie_dialogs","observed_crawler","sciencedirect.com","sciencedirect.com_cookie_dialog",False,"medium","We use cookies to help provide and enhance our service and tailor content and ads. By continuing you agree to the use of cookies.","Asymmetric consent obstruction or forced cookie tracking without equal reject option.","CC-BY-4.0","2022"
"EDIN-00134","SlideShare uses cookies to improve functionality and performance, and to provide you with relevant advertising. If you continue browsing the site, you agree to the use of cookies on this website. See our Privacy Policy and User Agreement for details.",1,"Obstruction","compliance/privacy","edinburgh_cookie_dialogs","observed_crawler","slideshare.net","slideshare.net_cookie_dialog",False,"medium","SlideShare uses cookies to improve functionality and performance, and to provide you with relevant advertising. If you continue browsing the site, you agree to the use of cookies on this website. See our Privacy Policy and User Agreement for details.","Asymmetric consent obstruction or forced cookie tracking without equal reject option.","CC-BY-4.0","2022"
"EDIN-00135","We use cookies to make your interactions with our website more meaningful. They help us better understand how our websites are used, so we can tailor content for you. For more information about the different cookies we are using, read the Privacy Statement. To change your cookie settings and preferences, click the Cookie Consent Manager button.REJECT ALL COOKIES ACCEPT ALL COOKIESCOOKIE CONSENT MANAGER",1,"Obstruction","compliance/privacy","edinburgh_cookie_dialogs","observed_crawler","force.com","force.com_cookie_dialog",False,"medium","We use cookies to make your interactions with our website more meaningful. They help us better understand how our websites are used, so we can tailor content for you. For more information about the different cookies we are using, read the Privacy Statement. To change your cookie settings and preferences, click the Cookie Consent Manager button.REJECT ALL COOKIES ACCEPT ALL COOKIESCOOKIE CONSENT MANAGER","Asymmetric consent obstruction or forced cookie tracking without equal reject option.","CC-BY-4.0","2022"
"EDIN-00136","We use cookies to create a better experience for youInsider Inc requires your consent for our trusted partners to store and access cookies, unique identifiers, personal data, and information on your browsing behaviour on this device. This applies to Insider Inc. sites only. Our partners use your data for:Store and/or access information on a deviceBasic ads, personalised content, and ad measurementPersonalised ads profile and displayContent measurement, audience insights, and product development.Use precise geolocation dataTo view our list of partners and see how your data may be used, click ""options"" below.OptionsI'm OK with that",1,"Obstruction","compliance/privacy","edinburgh_cookie_dialogs","observed_crawler","businessinsider.com","businessinsider.com_cookie_dialog",False,"medium","We use cookies to create a better experience for youInsider Inc requires your consent for our trusted partners to store and access cookies, unique identifiers, personal data, and information on your browsing behaviour on this device. This applies to Insider Inc. sites only. Our partners use your data for:Store and/or access information on a deviceBasic ads, personalised content, and ad measurementPersonalised ads profile and displayContent measurement, audience insights, and product development.Use precise geolocation dataTo view our list of partners and see how your data may be used, click ""options"" below.OptionsI'm OK with that","Asymmetric consent obstruction or forced cookie tracking without equal reject option.","CC-BY-4.0","2022"
"EDIN-00138","We use cookies to personalise content and ads, analyse traffic and improve our services. We also use essential cookies to inform employers of clicks to their jobs.Cookies Settings Accept All Cookies",1,"Obstruction","compliance/privacy","edinburgh_cookie_dialogs","observed_crawler","indeed.com","indeed.com_cookie_dialog",False,"medium","We use cookies to personalise content and ads, analyse traffic and improve our services. We also use essential cookies to inform employers of clicks to their jobs.Cookies Settings Accept All Cookies","Asymmetric consent obstruction or forced cookie tracking without equal reject option.","CC-BY-4.0","2022"
"EDIN-00143","By using our site, you acknowledge that you have read and understand our Privacy and Legal Policies.",1,"Obstruction","compliance/privacy","edinburgh_cookie_dialogs","observed_crawler","identrust.com","identrust.com_cookie_dialog",False,"medium","By using our site, you acknowledge that you have read and understand our Privacy and Legal Policies.","Asymmetric consent obstruction or forced cookie tracking without equal reject option.","CC-BY-4.0","2022"
"EDIN-00144","Your PrivacyWe use cookies to make sure that our website works properly, as well as some ‘optional’ cookies to personalise content and advertising, provide social media features and analyse how people use our site. By accepting some or all optional cookies you give consent to the processing of your personal data, including transfer to third parties, some in countries outside of the European Economic Area that do not offer the same data protection standards as the country where you live. You can decide which optional cookies to accept by clicking on ‘Manage Settings’, where you can also find more information about how your personal data is processed. Further information can be found in our privacy policy.Accept All CookiesManage Preferences",1,"Obstruction","compliance/privacy","edinburgh_cookie_dialogs","observed_crawler","nature.com","nature.com_cookie_dialog",False,"medium","Your PrivacyWe use cookies to make sure that our website works properly, as well as some ‘optional’ cookies to personalise content and advertising, provide social media features and analyse how people use our site. By accepting some or all optional cookies you give consent to the processing of your personal data, including transfer to third parties, some in countries outside of the European Economic Area that do not offer the same data protection standards as the country where you live. You can decide which optional cookies to accept by clicking on ‘Manage Settings’, where you can also find more information about how your personal data is processed. Further information can be found in our privacy policy.Accept All CookiesManage Preferences","Asymmetric consent obstruction or forced cookie tracking without equal reject option.","CC-BY-4.0","2022"
"EDIN-00145","Cookies allow us to optimise your use of our website. We also use third-party cookies for advertising and analytics. Please read our Privacy Statement and Cookie Notice for more information.No, manage cookie settingsRejectAccept",1,"Obstruction","compliance/privacy","edinburgh_cookie_dialogs","observed_crawler","opendns.com","opendns.com_cookie_dialog",False,"medium","Cookies allow us to optimise your use of our website. We also use third-party cookies for advertising and analytics. Please read our Privacy Statement and Cookie Notice for more information.No, manage cookie settingsRejectAccept","Asymmetric consent obstruction or forced cookie tracking without equal reject option.","CC-BY-4.0","2022"
"EDIN-00155","Cookie NoticeWe use cookies to personalise content and ads, to provide social media features and to analyse our traffic. We also share information about your use of our site with our social media, advertising and analytics partners in accordance with our Privacy Policy. You can manage your preferences in Cookie Settings.OKManage Cookies",1,"Obstruction","compliance/privacy","edinburgh_cookie_dialogs","observed_crawler","springer.com","springer.com_cookie_dialog",False,"medium","Cookie NoticeWe use cookies to personalise content and ads, to provide social media features and to analyse our traffic. We also share information about your use of our site with our social media, advertising and analytics partners in accordance with our Privacy Policy. You can manage your preferences in Cookie Settings.OKManage Cookies","Asymmetric consent obstruction or forced cookie tracking without equal reject option.","CC-BY-4.0","2022"
"EDIN-00156","We use cookies to deliver Yelp's servicesWe and our partners use cookies to enhance and personalise your experience. ""Allow all cookies,"" ""Accept only essential cookies"", or select ""Manage cookies"" to choose which types of cookies are used. Yelp does not use cookies to target advertising in Europe. You can learn more about cookies at Yelp or adjust your cookie preferences anytime through the Privacy Policy. More informationManage cookies Accept only essential cookies Allow all cookies",1,"Obstruction","compliance/privacy","edinburgh_cookie_dialogs","observed_crawler","yelp.com","yelp.com_cookie_dialog",False,"medium","We use cookies to deliver Yelp's servicesWe and our partners use cookies to enhance and personalise your experience. ""Allow all cookies,"" ""Accept only essential cookies"", or select ""Manage cookies"" to choose which types of cookies are used. Yelp does not use cookies to target advertising in Europe. You can learn more about cookies at Yelp or adjust your cookie preferences anytime through the Privacy Policy. More informationManage cookies Accept only essential cookies Allow all cookies","Asymmetric consent obstruction or forced cookie tracking without equal reject option.","CC-BY-4.0","2022"
"EDIN-00158","NPR’s sites use cookies, similar tracking and storage technologies, and information about the device you use to access our sites (together, “cookies”) to enhance your viewing, listening and user experience, personalize content, personalize messages from NPR’s sponsors, provide social media features, and analyze NPR’s traffic. This information is shared with social media, sponsorship, analytics, and other vendors or service providers. See details.You may click on “Your Choices” below to learn about and use cookie management tools to limit use of cookies when you visit NPR’s sites. You can adjust your cookie choices in those tools at any time. If you click “Agree and Continue” below, you acknowledge that your cookie choices in those tools will be respected and that you otherwise agree to the use of cookies on NPR’s sites.AGREE AND CONTINUEYOUR CHOICESNPR’s Terms of Use and Privacy Policy.",1,"Obstruction","compliance/privacy","edinburgh_cookie_dialogs","observed_crawler","npr.org","npr.org_cookie_dialog",False,"medium","NPR’s sites use cookies, similar tracking and storage technologies, and information about the device you use to access our sites (together, “cookies”) to enhance your viewing, listening and user experience, personalize content, personalize messages from NPR’s sponsors, provide social media features, and analyze NPR’s traffic. This information is shared with social media, sponsorship, analytics, and other vendors or service providers. See details.You may click on “Your Choices” below to learn about and use cookie management tools to limit use of cookies when you visit NPR’s sites. You can adjust your cookie choices in those tools at any time. If you click “Agree and Continue” below, you acknowledge that your cookie choices in those tools will be respected and that you otherwise agree to the use of cookies on NPR’s sites.AGREE AND CONTINUEYOUR CHOICESNPR’s Terms of Use and Privacy Policy.","Asymmetric consent obstruction or forced cookie tracking without equal reject option.","CC-BY-4.0","2022"
"EDIN-00159","aolYour data. Your experience.AOL is part of the Yahoo family of brands.By clicking ""Accept all"" you agree that Yahoo and our partners will store and/or access information on your device through the use of cookies and similar technologies and process your personal data, to display personalised ads and content, for ad and content measurement, audience insights and product development.Your personal data that may be usedInformation about your device and internet connection, including your IP addressBrowsing and search activity while using Yahoo websites and appsPrecise locationYou can select 'Manage settings' for more information and to manage your choices. You can change your choices at any time by visiting Your Privacy Controls. Find out more about how we use your information in our Privacy Policy and Cookie Policy. Click here to find out more about our partners.Accept allManage settings",1,"Obstruction","compliance/privacy","edinburgh_cookie_dialogs","observed_crawler","aol.com","aol.com_cookie_dialog",False,"medium","aolYour data. Your experience.AOL is part of the Yahoo family of brands.By clicking ""Accept all"" you agree that Yahoo and our partners will store and/or access information on your device through the use of cookies and similar technologies and process your personal data, to display personalised ads and content, for ad and content measurement, audience insights and product development.Your personal data that may be usedInformation about your device and internet connection, including your IP addressBrowsing and search activity while using Yahoo websites and appsPrecise locationYou can select 'Manage settings' for more information and to manage your choices. You can change your choices at any time by visiting Your Privacy Controls. Find out more about how we use your information in our Privacy Policy and Cookie Policy. Click here to find out more about our partners.Accept allManage settings","Asymmetric consent obstruction or forced cookie tracking without equal reject option.","CC-BY-4.0","2022"
"EDIN-00162","By continuing to browse or by clicking ""I Accept"", you agree to the storing of first- and third-party cookies on your device to enhance site navigation, analyze site usage, and assist in our marketing efforts.Privacy PolicyI AcceptCookies Settings",1,"Obstruction","compliance/privacy","edinburgh_cookie_dialogs","observed_crawler","instructure.com","instructure.com_cookie_dialog",False,"medium","By continuing to browse or by clicking ""I Accept"", you agree to the storing of first- and third-party cookies on your device to enhance site navigation, analyze site usage, and assist in our marketing efforts.Privacy PolicyI AcceptCookies Settings","Asymmetric consent obstruction or forced cookie tracking without equal reject option.","CC-BY-4.0","2022"
"EDIN-00164","Cookie preferencesAccept cookies for analytics, social media, and advertising, or learn more and adjust your preferences. These cookies are on by default for visitors outside the UK and EEA. Privacy Notice.ACCEPT",1,"Obstruction","compliance/privacy","edinburgh_cookie_dialogs","observed_crawler","nginx.com","nginx.com_cookie_dialog",False,"medium","Cookie preferencesAccept cookies for analytics, social media, and advertising, or learn more and adjust your preferences. These cookies are on by default for visitors outside the UK and EEA. Privacy Notice.ACCEPT","Asymmetric consent obstruction or forced cookie tracking without equal reject option.","CC-BY-4.0","2022"
"EDIN-00167","We use cookies to provide website functionality, to analyze traffic on our Mailchimp Sites, personalize content, serve targeted advertisements and to enable social media functionality. Our Cookie Statement provides more information and explains how to update your cookie settings. View our Cookie Statement.COOKIE SETTINGS Reject All Accept All Cookies",1,"Obstruction","compliance/privacy","edinburgh_cookie_dialogs","observed_crawler","mailchimp.com","mailchimp.com_cookie_dialog",False,"medium","We use cookies to provide website functionality, to analyze traffic on our Mailchimp Sites, personalize content, serve targeted advertisements and to enable social media functionality. Our Cookie Statement provides more information and explains how to update your cookie settings. View our Cookie Statement.COOKIE SETTINGS Reject All Accept All Cookies","Asymmetric consent obstruction or forced cookie tracking without equal reject option.","CC-BY-4.0","2022"
"EDIN-00171","Xvideos uses cookies. To know more, read our Privacy policy.",1,"Obstruction","compliance/privacy","edinburgh_cookie_dialogs","observed_crawler","xvideos.com","xvideos.com_cookie_dialog",False,"medium","Xvideos uses cookies. To know more, read our Privacy policy.","Asymmetric consent obstruction or forced cookie tracking without equal reject option.","CC-BY-4.0","2022"
"EDIN-00173","By clicking “Accept All Cookies”, you agree to the storing of cookies on your device to enhance site navigation, analyze site usage, and assist in our marketing efforts.Cookies Settings Accept All Cookies",1,"Obstruction","compliance/privacy","edinburgh_cookie_dialogs","observed_crawler","grammarly.com","grammarly.com_cookie_dialog",False,"medium","By clicking “Accept All Cookies”, you agree to the storing of cookies on your device to enhance site navigation, analyze site usage, and assist in our marketing efforts.Cookies Settings Accept All Cookies","Asymmetric consent obstruction or forced cookie tracking without equal reject option.","CC-BY-4.0","2022"
"EDIN-00177","Select ""Accept"" to agree to Squarespace's use of cookies and similar technologies to enhance your browsing experience, security, analytics, customization and personalized advertising. Select ""Manage Settings"" to make more granular choices. You can read more in our Cookie Policy and Privacy Policy.ACCEPTMANAGE SETTINGS",1,"Obstruction","compliance/privacy","edinburgh_cookie_dialogs","observed_crawler","squarespace.com","squarespace.com_cookie_dialog",False,"medium","Select ""Accept"" to agree to Squarespace's use of cookies and similar technologies to enhance your browsing experience, security, analytics, customization and personalized advertising. Select ""Manage Settings"" to make more granular choices. You can read more in our Cookie Policy and Privacy Policy.ACCEPTMANAGE SETTINGS","Asymmetric consent obstruction or forced cookie tracking without equal reject option.","CC-BY-4.0","2022"
"EDIN-00178","By clicking ”OK”, you agree to the storing of cookies on your device to enhance site navigation, analyze site usage, and improve marketing.Privacy PolicySettingsOK",1,"Obstruction","compliance/privacy","edinburgh_cookie_dialogs","observed_crawler","udemy.com","udemy.com_cookie_dialog",False,"medium","By clicking ”OK”, you agree to the storing of cookies on your device to enhance site navigation, analyze site usage, and improve marketing.Privacy PolicySettingsOK","Asymmetric consent obstruction or forced cookie tracking without equal reject option.","CC-BY-4.0","2022"
"EDIN-00179","Cookies ButtonWe Value Your PrivacyWe and our partners store and/or access information on a device, such as unique IDs in cookies to process personal data. You may accept or manage your choices by clicking below, including your right to object where legitimate interest is used, or at any time in the privacy policy page. These choices will be signaled to our partners and will not affect browsing data.Privacy and Cookies StatementWe and our partners process data to provide:Use precise geolocation data. Actively scan device characteristics for identification. Store and/or access information on a device. Personalised ads and content, ad and content measurement, audience insights and product development.List of Partners (vendors)I AcceptShow Purposes",1,"Obstruction","compliance/privacy","edinburgh_cookie_dialogs","observed_crawler","tripadvisor.com","tripadvisor.com_cookie_dialog",False,"medium","Cookies ButtonWe Value Your PrivacyWe and our partners store and/or access information on a device, such as unique IDs in cookies to process personal data. You may accept or manage your choices by clicking below, including your right to object where legitimate interest is used, or at any time in the privacy policy page. These choices will be signaled to our partners and will not affect browsing data.Privacy and Cookies StatementWe and our partners process data to provide:Use precise geolocation data. Actively scan device characteristics for identification. Store and/or access information on a device. Personalised ads and content, ad and content measurement, audience insights and product development.List of Partners (vendors)I AcceptShow Purposes","Asymmetric consent obstruction or forced cookie tracking without equal reject option.","CC-BY-4.0","2022"
"EDIN-00180","We use cookies to personalize and enhance your experience on our site. Visit our Privacy Policy for more information on our data collections practices. By clicking Accept, you agree to our use of cookies for the purposes listed in the settings. To see a complete list of the companies that use these cookies and other technologies and to tell us whether they can be used on your device or not, access our Cookie Consent Tool. Your will see this message only once, but you will always be able to set your preferences at any time in the Cookie Consent Tool.Set Cookie OptionsDecline AllAccept All",1,"Obstruction","compliance/privacy","edinburgh_cookie_dialogs","observed_crawler","roblox.com","roblox.com_cookie_dialog",False,"medium","We use cookies to personalize and enhance your experience on our site. Visit our Privacy Policy for more information on our data collections practices. By clicking Accept, you agree to our use of cookies for the purposes listed in the settings. To see a complete list of the companies that use these cookies and other technologies and to tell us whether they can be used on your device or not, access our Cookie Consent Tool. Your will see this message only once, but you will always be able to set your preferences at any time in the Cookie Consent Tool.Set Cookie OptionsDecline AllAccept All","Asymmetric consent obstruction or forced cookie tracking without equal reject option.","CC-BY-4.0","2022"
"EDIN-00181","Welcome to WeTransferTransfer ideas. Transform the world.By accepting our cookies, you directly help us to expand our pledge to the planet. This year alone, WeTransfer has committed to planting over 175,000 trees, and we’re just getting started. You’ll have a positive impact by simply experiencing our award-winning ads.Our website uses cookies to improve performance, service, and to better understand your needs. By accepting our third-party cookies, we and our partners are able to offer you more relevant advertising on and outside of our website(s) and apps.I acceptManage cookiesNo thanks",1,"Obstruction","compliance/privacy","edinburgh_cookie_dialogs","observed_crawler","wetransfer.com","wetransfer.com_cookie_dialog",False,"medium","Welcome to WeTransferTransfer ideas. Transform the world.By accepting our cookies, you directly help us to expand our pledge to the planet. This year alone, WeTransfer has committed to planting over 175,000 trees, and we’re just getting started. You’ll have a positive impact by simply experiencing our award-winning ads.Our website uses cookies to improve performance, service, and to better understand your needs. By accepting our third-party cookies, we and our partners are able to offer you more relevant advertising on and outside of our website(s) and apps.I acceptManage cookiesNo thanks","Asymmetric consent obstruction or forced cookie tracking without equal reject option.","CC-BY-4.0","2022"
"EDIN-00183","This site uses cookies and related technologies, as described in our privacy policy, for purposes that may include site operation, analytics, enhanced user experience, or advertising. You may choose to consent to our use of these technologies, or manage your own preferences.Manage Settings Accept Decline All Privacy Policy",1,"Obstruction","compliance/privacy","edinburgh_cookie_dialogs","observed_crawler","aliyun.com","aliyun.com_cookie_dialog",False,"medium","This site uses cookies and related technologies, as described in our privacy policy, for purposes that may include site operation, analytics, enhanced user experience, or advertising. You may choose to consent to our use of these technologies, or manage your own preferences.Manage Settings Accept Decline All Privacy Policy","Asymmetric consent obstruction or forced cookie tracking without equal reject option.","CC-BY-4.0","2022"
"EDIN-00184","Continue without agreeing →We and our partners use cookies and some of your personal data to improve your experience on our sites, provide you with personalized content and advertising, improve our products and services and for audience measurement purposes.With your agreement, we and our partners use cookies or similar technologies to store, access, and process personal data like your visit on this website. You can withdraw your consent or object to data processing based on legitimate interest at any time by clicking on ""Learn More"" or in our Privacy Policy on this website.We and our partners do the following data processing:Personalised ads and content, ad and content measurement, audience insights and product development, Precise geolocation data, and identification through device scanning, Store and/or access information on a deviceLearn More →Agree and close",1,"Obstruction","compliance/privacy","edinburgh_cookie_dialogs","observed_crawler","free.fr","free.fr_cookie_dialog",False,"medium","Continue without agreeing →We and our partners use cookies and some of your personal data to improve your experience on our sites, provide you with personalized content and advertising, improve our products and services and for audience measurement purposes.With your agreement, we and our partners use cookies or similar technologies to store, access, and process personal data like your visit on this website. You can withdraw your consent or object to data processing based on legitimate interest at any time by clicking on ""Learn More"" or in our Privacy Policy on this website.We and our partners do the following data processing:Personalised ads and content, ad and content measurement, audience insights and product development, Precise geolocation data, and identification through device scanning, Store and/or access information on a deviceLearn More →Agree and close","Asymmetric consent obstruction or forced cookie tracking without equal reject option.","CC-BY-4.0","2022"
"EDIN-00187","Cookie bannerWe use cookies and other tracking technologies to improve your browsing experience on our site, show personalized content and targeted ads, analyze site traffic, and understand where our audiences come from. To learn more or opt-out, read our Cookie Policy. Please also read our Privacy Notice and Terms of Use, which became effective December 20, 2019.By choosing I Accept, you consent to our use of cookies and other tracking technologies.I Accept",1,"Obstruction","compliance/privacy","edinburgh_cookie_dialogs","observed_crawler","theverge.com","theverge.com_cookie_dialog",False,"medium","Cookie bannerWe use cookies and other tracking technologies to improve your browsing experience on our site, show personalized content and targeted ads, analyze site traffic, and understand where our audiences come from. To learn more or opt-out, read our Cookie Policy. Please also read our Privacy Notice and Terms of Use, which became effective December 20, 2019.By choosing I Accept, you consent to our use of cookies and other tracking technologies.I Accept","Asymmetric consent obstruction or forced cookie tracking without equal reject option.","CC-BY-4.0","2022"
"EDIN-00188","Cookies on FT SitesWe use cookies for a number of reasons, such as keeping FT Sites reliable and secure, personalising content and ads, providing social media features and to analyse how our Sites are used.Accept & continueManage cookies",1,"Obstruction","compliance/privacy","edinburgh_cookie_dialogs","observed_crawler","ft.com","ft.com_cookie_dialog",False,"medium","Cookies on FT SitesWe use cookies for a number of reasons, such as keeping FT Sites reliable and secure, personalising content and ads, providing social media features and to analyse how our Sites are used.Accept & continueManage cookies","Asymmetric consent obstruction or forced cookie tracking without equal reject option.","CC-BY-4.0","2022"
"EDIN-00190","We use cookies to personalize content and ads, to provide social media features and to analyze our traffic. By clicking ""Accept Cookies"", exiting this banner or continuing to use our site you accept our use of cookies. You can change your preferences in Cookie Settings Accept Cookies×",1,"Obstruction","compliance/privacy","edinburgh_cookie_dialogs","observed_crawler","trello.com","trello.com_cookie_dialog",False,"medium","We use cookies to personalize content and ads, to provide social media features and to analyze our traffic. By clicking ""Accept Cookies"", exiting this banner or continuing to use our site you accept our use of cookies. You can change your preferences in Cookie Settings Accept Cookies×","Asymmetric consent obstruction or forced cookie tracking without equal reject option.","CC-BY-4.0","2022"
"EDIN-00192","We value your privacyWe and ourpartnersstore and/or access information on a device, such as cookies and process personal data, such as unique identifiers and standard information sent by a device for personalised ads and content, ad and content measurement, and audience insights, as well as to develop and improve products.With your permission we and our partners may use precise geolocation data and identification through device scanning. You may click to consent to our and our partners’ processing as described above. Alternatively you may click to refuse to consent or access more detailed information and change your preferences before consenting.Please note that some processing of your personal data may not require your consent, but you have a right to object to such processing. Your preferences will apply to this website only. You can change your preferences at any time by returning to this site or visit our privacy policy.I DO NOT ACCEPTMORE OPTIONSI ACCEPT",1,"Obstruction","compliance/privacy","edinburgh_cookie_dialogs","observed_crawler","theatlantic.com","theatlantic.com_cookie_dialog",False,"medium","We value your privacyWe and ourpartnersstore and/or access information on a device, such as cookies and process personal data, such as unique identifiers and standard information sent by a device for personalised ads and content, ad and content measurement, and audience insights, as well as to develop and improve products.With your permission we and our partners may use precise geolocation data and identification through device scanning. You may click to consent to our and our partners’ processing as described above. Alternatively you may click to refuse to consent or access more detailed information and change your preferences before consenting.Please note that some processing of your personal data may not require your consent, but you have a right to object to such processing. Your preferences will apply to this website only. You can change your preferences at any time by returning to this site or visit our privacy policy.I DO NOT ACCEPTMORE OPTIONSI ACCEPT","Asymmetric consent obstruction or forced cookie tracking without equal reject option.","CC-BY-4.0","2022"
"EDIN-00195","Your Privacy SettingsWe use cookies and various web tracking technologies to personalize content and ads, to provide social media features, and to analyse our traffic. We also share information about your use of our site with our social media, advertising, and analytics partners. You may read more about any of the purposes or vendors that we use by clicking ‘Show Purposes’ and exercise your right to consent or object to the processing of your personal data on the basis of legitimate interest. This preference center is accessible at any time through the ‘Manage Privacy Preferences’ link located on every page. We work in coordination with an industry framework which will signal your preferences to our participating vendors.For additional information, please visit our Privacy Policy.We and our partners process data to provide:Store and/or access information on a device. Precise geolocation data, and identification through device scanning. Personalised ads and content, ad and content measurement, audience insights and product development. List of Partners (vendors)I ACCEPTSHOW PURPOSESContinue without Accepting",1,"Obstruction","compliance/privacy","edinburgh_cookie_dialogs","observed_crawler","nationalgeographic.com","nationalgeographic.com_cookie_dialog",False,"medium","Your Privacy SettingsWe use cookies and various web tracking technologies to personalize content and ads, to provide social media features, and to analyse our traffic. We also share information about your use of our site with our social media, advertising, and analytics partners. You may read more about any of the purposes or vendors that we use by clicking ‘Show Purposes’ and exercise your right to consent or object to the processing of your personal data on the basis of legitimate interest. This preference center is accessible at any time through the ‘Manage Privacy Preferences’ link located on every page. We work in coordination with an industry framework which will signal your preferences to our participating vendors.For additional information, please visit our Privacy Policy.We and our partners process data to provide:Store and/or access information on a device. Precise geolocation data, and identification through device scanning. Personalised ads and content, ad and content measurement, audience insights and product development. List of Partners (vendors)I ACCEPTSHOW PURPOSESContinue without Accepting","Asymmetric consent obstruction or forced cookie tracking without equal reject option.","CC-BY-4.0","2022"
"EDIN-00203","WE AND OUR PARTNERS USE COOKIES ON THIS SITE TO IMPROVE OUR SERVICE, PERFORM ANALYTICS, PERSONALIZE ADVERTISING, MEASURE ADVERTISING PERFORMANCE, AND REMEMBER WEBSITE PREFERENCES. BY USING THE SITE, YOU CONSENT TO THESE COOKIES. FOR MORE INFORMATION ON COOKIES INCLUDING HOW TO MANAGE YOUR CONSENT VISIT OUR COOKIE POLICY.CONTINUE",1,"Obstruction","compliance/privacy","edinburgh_cookie_dialogs","observed_crawler","nbcnews.com","nbcnews.com_cookie_dialog",False,"medium","WE AND OUR PARTNERS USE COOKIES ON THIS SITE TO IMPROVE OUR SERVICE, PERFORM ANALYTICS, PERSONALIZE ADVERTISING, MEASURE ADVERTISING PERFORMANCE, AND REMEMBER WEBSITE PREFERENCES. BY USING THE SITE, YOU CONSENT TO THESE COOKIES. FOR MORE INFORMATION ON COOKIES INCLUDING HOW TO MANAGE YOUR CONSENT VISIT OUR COOKIE POLICY.CONTINUE","Asymmetric consent obstruction or forced cookie tracking without equal reject option.","CC-BY-4.0","2022"
"EDIN-00204","AcceptWe use cookies to improve your website experience. To learn about our use of cookies and how you can manage your cookie settings, please see our Cookie Policy. By closing this message, you are consenting to our use of cookies.",1,"Obstruction","compliance/privacy","edinburgh_cookie_dialogs","observed_crawler","tandfonline.com","tandfonline.com_cookie_dialog",False,"medium","AcceptWe use cookies to improve your website experience. To learn about our use of cookies and how you can manage your cookie settings, please see our Cookie Policy. By closing this message, you are consenting to our use of cookies.","Asymmetric consent obstruction or forced cookie tracking without equal reject option.","CC-BY-4.0","2022"
"EDIN-00205","We value your privacyWe use cookies to help give you the best experience on our site and to allow us to customise the marketing content you see across websites and social media. For more information see our Cookie Policy.Accept All CookiesManage Preferences",1,"Obstruction","compliance/privacy","edinburgh_cookie_dialogs","observed_crawler","prnewswire.com","prnewswire.com_cookie_dialog",False,"medium","We value your privacyWe use cookies to help give you the best experience on our site and to allow us to customise the marketing content you see across websites and social media. For more information see our Cookie Policy.Accept All CookiesManage Preferences","Asymmetric consent obstruction or forced cookie tracking without equal reject option.","CC-BY-4.0","2022"
"EDIN-00206","About Cookies on This SiteIn addition to cookies which are necessary for the proper functioning of websites, subject to your preferences, we use data or cookies on your browser to serve weather features, optimise site functionality and deliver personalised ads, based on your interests (your activity on this or other websites) and your location. Click “Agree and proceed” to accept all cookies, as described in “View cookie settings” and go directly to the site. Click “Proceed with required cookies only” to accept only the cookies which are necessary to make our site work. If you do not want to accept all cookies and prefer to customise your choices, click “View cookie settings”.Agree and proceedProceed with required cookies onlyView Cookie SettingsView Privacy Policy",1,"Obstruction","compliance/privacy","edinburgh_cookie_dialogs","observed_crawler","weather.com","weather.com_cookie_dialog",False,"medium","About Cookies on This SiteIn addition to cookies which are necessary for the proper functioning of websites, subject to your preferences, we use data or cookies on your browser to serve weather features, optimise site functionality and deliver personalised ads, based on your interests (your activity on this or other websites) and your location. Click “Agree and proceed” to accept all cookies, as described in “View cookie settings” and go directly to the site. Click “Proceed with required cookies only” to accept only the cookies which are necessary to make our site work. If you do not want to accept all cookies and prefer to customise your choices, click “View cookie settings”.Agree and proceedProceed with required cookies onlyView Cookie SettingsView Privacy Policy","Asymmetric consent obstruction or forced cookie tracking without equal reject option.","CC-BY-4.0","2022"
"EDIN-00209","We use cookies on Jimdo.com. Some cookies are necessary for our website to function and others help us improve its performance. Functional cookies store technical information, whilst performance cookies track browsing data to help us give you a better experience. We also use third party Cookies from our partners, as listed in our Cookie Policy.If you agree to the use of all cookies, please click Accept.✓ AcceptOnly the strictly necessary cookies pleaseI want to set my cookie preferences in Cookie Settings",1,"Obstruction","compliance/privacy","edinburgh_cookie_dialogs","observed_crawler","jimdo.com","jimdo.com_cookie_dialog",False,"medium","We use cookies on Jimdo.com. Some cookies are necessary for our website to function and others help us improve its performance. Functional cookies store technical information, whilst performance cookies track browsing data to help us give you a better experience. We also use third party Cookies from our partners, as listed in our Cookie Policy.If you agree to the use of all cookies, please click Accept.✓ AcceptOnly the strictly necessary cookies pleaseI want to set my cookie preferences in Cookie Settings","Asymmetric consent obstruction or forced cookie tracking without equal reject option.","CC-BY-4.0","2022"
"EDIN-00210","We use cookies to personalise and enhance your experience on our site as described in our Cookie Consent Tool. You may agree to all cookies on our site by clicking Accept All, or decline non-essential cookies by clicking Decline All. If you decline all or some non-essential cookies, this may impact your site experience and our ability to provide certain services, features or offers. You may no longer see ads that interest you. For more information on our data practices, see our Privacy Statement.Accept AllDecline AllManage your cookies",1,"Obstruction","compliance/privacy","edinburgh_cookie_dialogs","observed_crawler","dell.com","dell.com_cookie_dialog",False,"medium","We use cookies to personalise and enhance your experience on our site as described in our Cookie Consent Tool. You may agree to all cookies on our site by clicking Accept All, or decline non-essential cookies by clicking Decline All. If you decline all or some non-essential cookies, this may impact your site experience and our ability to provide certain services, features or offers. You may no longer see ads that interest you. For more information on our data practices, see our Privacy Statement.Accept AllDecline AllManage your cookies","Asymmetric consent obstruction or forced cookie tracking without equal reject option.","CC-BY-4.0","2022"
"EDIN-00214","We value your privacyWe and ourpartnersstore and/or access information on your device and process personal data using cookies, tracking pixels and similar technologies to recognise your device so we can understand your browsing habits and interests. That means we can show you personalised content and personalised ads which are more likely to be interesting to you. It also helps us to use ad and content measurement, and audience insights to understand what's popular and what's not so we can: develop and improve our products and services, report to our advertisers about how their ads performed, and carry out important administrative activities like combatting ""click fraud.""You can learn more and find out how to exercise your rights in our consent centre and privacy policy.If you're OK with this, please click ""Agree & Exit"". If you're not, you can click ""Disagree & Exit"". Or, to make other choices, click ""More Options"".Your preferences will apply to BuzzFeed's group of websites. You can access this screen again at any time through our Consent Preferences Centre.DISAGREE & EXITMORE OPTIONSAGREE & EXIT",1,"Obstruction","compliance/privacy","edinburgh_cookie_dialogs","observed_crawler","buzzfeed.com","buzzfeed.com_cookie_dialog",False,"medium","We value your privacyWe and ourpartnersstore and/or access information on your device and process personal data using cookies, tracking pixels and similar technologies to recognise your device so we can understand your browsing habits and interests. That means we can show you personalised content and personalised ads which are more likely to be interesting to you. It also helps us to use ad and content measurement, and audience insights to understand what's popular and what's not so we can: develop and improve our products and services, report to our advertisers about how their ads performed, and carry out important administrative activities like combatting ""click fraud.""You can learn more and find out how to exercise your rights in our consent centre and privacy policy.If you're OK with this, please click ""Agree & Exit"". If you're not, you can click ""Disagree & Exit"". Or, to make other choices, click ""More Options"".Your preferences will apply to BuzzFeed's group of websites. You can access this screen again at any time through our Consent Preferences Centre.DISAGREE & EXITMORE OPTIONSAGREE & EXIT","Asymmetric consent obstruction or forced cookie tracking without equal reject option.","CC-BY-4.0","2022"
"EDIN-00215","This website uses cookiesBy clicking “Accept All Cookies”, you agree to the storing of cookies on your device to enhance site navigation, analyze site usage, and assist in our marketing efforts. more informationCookies Settings Reject All Accept All",1,"Obstruction","compliance/privacy","edinburgh_cookie_dialogs","observed_crawler","criteo.com","criteo.com_cookie_dialog",False,"medium","This website uses cookiesBy clicking “Accept All Cookies”, you agree to the storing of cookies on your device to enhance site navigation, analyze site usage, and assist in our marketing efforts. more informationCookies Settings Reject All Accept All","Asymmetric consent obstruction or forced cookie tracking without equal reject option.","CC-BY-4.0","2022"
"EDIN-00216","About Cookies On This SiteWe use cookies to personalize and enhance your experience on our site. Visit our Privacy Policy to learn more or manage your personal preferences in our Cookie Consent Tool. By using our site, you agree to our use of cookies.DeclineAcceptOptions",1,"Obstruction","compliance/privacy","edinburgh_cookie_dialogs","observed_crawler","pubmatic.com","pubmatic.com_cookie_dialog",False,"medium","About Cookies On This SiteWe use cookies to personalize and enhance your experience on our site. Visit our Privacy Policy to learn more or manage your personal preferences in our Cookie Consent Tool. By using our site, you agree to our use of cookies.DeclineAcceptOptions","Asymmetric consent obstruction or forced cookie tracking without equal reject option.","CC-BY-4.0","2022"
"EDIN-00217","This website uses cookies and similar technologies to function properly. With your consent, we will use these means to collect data on your visits and compile aggregated statistics for the purpose of analysing and improving our services. By accepting all cookies, you agree to our use of cookies in this way. Learn moreCookie settingsOnly essential cookiesAccept all",1,"Obstruction","compliance/privacy","edinburgh_cookie_dialogs","observed_crawler","hicloud.com","hicloud.com_cookie_dialog",False,"medium","This website uses cookies and similar technologies to function properly. With your consent, we will use these means to collect data on your visits and compile aggregated statistics for the purpose of analysing and improving our services. By accepting all cookies, you agree to our use of cookies in this way. Learn moreCookie settingsOnly essential cookiesAccept all","Asymmetric consent obstruction or forced cookie tracking without equal reject option.","CC-BY-4.0","2022"
"EDIN-00219","Select your cookie preferencesWe use cookies and similar tools that are necessary to enable you to make purchases, to enhance your shopping experiences, and to provide our services, as detailed in our Cookie Notice. We also use these cookies to understand how customers use our services (for example, by measuring site visits) so we can make improvements.If you agree, we’ll also use cookies to complement your shopping and browsing experience across Prime Video as described in our Cookie Notice. This includes using first and third party cookies which store or access standard device information such as a unique identifier. Third parties use cookies for their purposes of displaying and measuring personalised ads, generating audience insights, and developing and improving products. Click ""Customise Cookies"" to decline these cookies, make more detailed choices, or learn more. You can change your choices at any time by visiting Cookie Preferences as described in the Cookie Notice. To learn more about how and for what purposes Amazon uses personal information (such as Prime Video Watch History), please visit our Privacy Notice.Accept Cookies|Customize Cookies",1,"Obstruction","compliance/privacy","edinburgh_cookie_dialogs","observed_crawler","primevideo.com","primevideo.com_cookie_dialog",False,"medium","Select your cookie preferencesWe use cookies and similar tools that are necessary to enable you to make purchases, to enhance your shopping experiences, and to provide our services, as detailed in our Cookie Notice. We also use these cookies to understand how customers use our services (for example, by measuring site visits) so we can make improvements.If you agree, we’ll also use cookies to complement your shopping and browsing experience across Prime Video as described in our Cookie Notice. This includes using first and third party cookies which store or access standard device information such as a unique identifier. Third parties use cookies for their purposes of displaying and measuring personalised ads, generating audience insights, and developing and improving products. Click ""Customise Cookies"" to decline these cookies, make more detailed choices, or learn more. You can change your choices at any time by visiting Cookie Preferences as described in the Cookie Notice. To learn more about how and for what purposes Amazon uses personal information (such as Prime Video Watch History), please visit our Privacy Notice.Accept Cookies|Customize Cookies","Asymmetric consent obstruction or forced cookie tracking without equal reject option.","CC-BY-4.0","2022"
"EDIN-00221","Academia.edu uses cookies to personalize content, tailor ads and improve the user experience. By using our site, you agree to our collection of information through the use of cookies. To learn more, view our Privacy Policy.×",1,"Obstruction","compliance/privacy","edinburgh_cookie_dialogs","observed_crawler","academia.edu","academia.edu_cookie_dialog",False,"medium","Academia.edu uses cookies to personalize content, tailor ads and improve the user experience. By using our site, you agree to our collection of information through the use of cookies. To learn more, view our Privacy Policy.×","Asymmetric consent obstruction or forced cookie tracking without equal reject option.","CC-BY-4.0","2022"
"EDIN-00227","We use cookies to improve your experience and enable functionality and security of this site. Data may be shared with third parties. Further detail is available in our Privacy Policy. By clicking ""OK"" you consent to our use of cookies and use of data. You can modify your cookie preferences by clicking ""Manage Cookies"".OKManage Cookies",1,"Obstruction","compliance/privacy","edinburgh_cookie_dialogs","observed_crawler","sciencemag.org","sciencemag.org_cookie_dialog",False,"medium","We use cookies to improve your experience and enable functionality and security of this site. Data may be shared with third parties. Further detail is available in our Privacy Policy. By clicking ""OK"" you consent to our use of cookies and use of data. You can modify your cookie preferences by clicking ""Manage Cookies"".OKManage Cookies","Asymmetric consent obstruction or forced cookie tracking without equal reject option.","CC-BY-4.0","2022"
"EDIN-00229","This site uses cookies for performance, analytics, and personalisation which helps us to improve our site and provide you with personalised content. You may choose to ""Accept"" the use of ALL cookies, ""Reject"" to refuse all but strictly necessary cookies or set ""Cookie Preferences"" to further manage your cookie selections. For more information please see ourCookie Notice.Cookie Preferences Reject Accept",1,"Obstruction","compliance/privacy","edinburgh_cookie_dialogs","observed_crawler","linktr.ee","linktr.ee_cookie_dialog",False,"medium","This site uses cookies for performance, analytics, and personalisation which helps us to improve our site and provide you with personalised content. You may choose to ""Accept"" the use of ALL cookies, ""Reject"" to refuse all but strictly necessary cookies or set ""Cookie Preferences"" to further manage your cookie selections. For more information please see ourCookie Notice.Cookie Preferences Reject Accept","Asymmetric consent obstruction or forced cookie tracking without equal reject option.","CC-BY-4.0","2022"
"EDIN-00230","Here's how we use cookiesTo give you the best experience, we tailor our site to show the most relevant content and bring helpful offers to you.You can update your preferences at any time, at the bottom of any page. Learn more about how your data is used in our cookie policy.Why we use your data:ManageAccept",1,"Obstruction","compliance/privacy","edinburgh_cookie_dialogs","observed_crawler","economist.com","economist.com_cookie_dialog",False,"medium","Here's how we use cookiesTo give you the best experience, we tailor our site to show the most relevant content and bring helpful offers to you.You can update your preferences at any time, at the bottom of any page. Learn more about how your data is used in our cookie policy.Why we use your data:ManageAccept","Asymmetric consent obstruction or forced cookie tracking without equal reject option.","CC-BY-4.0","2022"
"EDIN-00233","We use cookies to ensure that we give you the best experience on our website. This includes cookies from third party social media websites and advertising cookies that may analyze your use of this site. Click “Got it” to agree or “Cookie Settings” to opt out. Learn moreCookie settingsGot it",1,"Obstruction","compliance/privacy","edinburgh_cookie_dialogs","observed_crawler","constantcontact.com","constantcontact.com_cookie_dialog",False,"medium","We use cookies to ensure that we give you the best experience on our website. This includes cookies from third party social media websites and advertising cookies that may analyze your use of this site. Click “Got it” to agree or “Cookie Settings” to opt out. Learn moreCookie settingsGot it","Asymmetric consent obstruction or forced cookie tracking without equal reject option.","CC-BY-4.0","2022"
"EDIN-00234","We use cookies and other similar technologies to improve your experience in our services, customize advertising and recommend content of your interest.When using our services, you agree to such monitoring.We further inform us that we update our Privacy Policy.Get to know our privacy portal and see our new policy.PROCEED",1,"Obstruction","compliance/privacy","edinburgh_cookie_dialogs","observed_crawler","globo.com","globo.com_cookie_dialog",False,"medium","We use cookies and other similar technologies to improve your experience in our services, customize advertising and recommend content of your interest.When using our services, you agree to such monitoring.We further inform us that we update our Privacy Policy.Get to know our privacy portal and see our new policy.PROCEED","Asymmetric consent obstruction or forced cookie tracking without equal reject option.","CC-BY-4.0","2022"
"EDIN-00235","Evernote uses cookies to enable the Evernote service and to improve your experience with us. To learn more, check out our cookie policy. By clicking OK or continuing to use our site, you agree that we can place these cookies.OK",1,"Obstruction","compliance/privacy","edinburgh_cookie_dialogs","observed_crawler","evernote.com","evernote.com_cookie_dialog",False,"medium","Evernote uses cookies to enable the Evernote service and to improve your experience with us. To learn more, check out our cookie policy. By clicking OK or continuing to use our site, you agree that we can place these cookies.OK","Asymmetric consent obstruction or forced cookie tracking without equal reject option.","CC-BY-4.0","2022"
"EDIN-00238","ENManage Your PrivacyTo provide the best experiences, we and our partners use technologies like cookies to store and/or access device information. Consenting to these technologies will allow us and our partners to process personal data such as browsing behaviour or unique IDs on this site. Not consenting or withdrawing consent, may adversely affect certain features and functions.Click below to consent to the above or make granular choices, including exercising your right to object to companies processing personal data based on legitimate interest instead of consent. You can update your choices at any time by clicking on the Privacy icon in the bottom of the screen.We use your data for:Precise geolocation data, and identification through device scanningPersonalised ads and content, ad and content measurement, audience insights and product developmentStrictly Necessary CookiesFunctionalAnalyticsAdvertisingSocial MediaFunctional, Analytics, Advertising (non-IAB vendors) and Social Media cookiesOur PartnersManage SettingsAccept All",1,"Obstruction","compliance/privacy","edinburgh_cookie_dialogs","observed_crawler","britannica.com","britannica.com_cookie_dialog",False,"medium","ENManage Your PrivacyTo provide the best experiences, we and our partners use technologies like cookies to store and/or access device information. Consenting to these technologies will allow us and our partners to process personal data such as browsing behaviour or unique IDs on this site. Not consenting or withdrawing consent, may adversely affect certain features and functions.Click below to consent to the above or make granular choices, including exercising your right to object to companies processing personal data based on legitimate interest instead of consent. You can update your choices at any time by clicking on the Privacy icon in the bottom of the screen.We use your data for:Precise geolocation data, and identification through device scanningPersonalised ads and content, ad and content measurement, audience insights and product developmentStrictly Necessary CookiesFunctionalAnalyticsAdvertisingSocial MediaFunctional, Analytics, Advertising (non-IAB vendors) and Social Media cookiesOur PartnersManage SettingsAccept All","Asymmetric consent obstruction or forced cookie tracking without equal reject option.","CC-BY-4.0","2022"
"EDIN-00240","By using the website, you agree to our use of cookies to ensure you get the best experience on our website.Cookies Settings Accept All Cookies",1,"Obstruction","compliance/privacy","edinburgh_cookie_dialogs","observed_crawler","okta.com","okta.com_cookie_dialog",False,"medium","By using the website, you agree to our use of cookies to ensure you get the best experience on our website.Cookies Settings Accept All Cookies","Asymmetric consent obstruction or forced cookie tracking without equal reject option.","CC-BY-4.0","2022"
"EDIN-00245","Close Cookie NoticeI AGREEThis website uses cookies as well as similar tools and technologies to understand visitors' experiences. By continuing to use this website, you consent to Columbia University's usage of cookies and similar technologies, in accordance with the Columbia University Website Cookie Notice.",1,"Obstruction","compliance/privacy","edinburgh_cookie_dialogs","observed_crawler","columbia.edu","columbia.edu_cookie_dialog",False,"medium","Close Cookie NoticeI AGREEThis website uses cookies as well as similar tools and technologies to understand visitors' experiences. By continuing to use this website, you consent to Columbia University's usage of cookies and similar technologies, in accordance with the Columbia University Website Cookie Notice.","Asymmetric consent obstruction or forced cookie tracking without equal reject option.","CC-BY-4.0","2022"
"EDIN-00246","This website uses cookies. Read RT Privacy policy to find out more.Accept cookies",1,"Obstruction","compliance/privacy","edinburgh_cookie_dialogs","observed_crawler","rt.com","rt.com_cookie_dialog",False,"medium","This website uses cookies. Read RT Privacy policy to find out more.Accept cookies","Asymmetric consent obstruction or forced cookie tracking without equal reject option.","CC-BY-4.0","2022"
"EDIN-00247","Personal information of users collected through the use of FC2 Service is stored in accordance with the FC2 Privacy PolicyIf any information within FC2 service is accessed without agreement,the user is regarded as agreeing.Details hereI Agree",1,"Obstruction","compliance/privacy","edinburgh_cookie_dialogs","observed_crawler","fc2.com","fc2.com_cookie_dialog",False,"medium","Personal information of users collected through the use of FC2 Service is stored in accordance with the FC2 Privacy PolicyIf any information within FC2 service is accessed without agreement,the user is regarded as agreeing.Details hereI Agree","Asymmetric consent obstruction or forced cookie tracking without equal reject option.","CC-BY-4.0","2022"
"EDIN-00248","This website uses cookies to ensure you get the best experience on our website. View our Privacy NoticeDeclineAllow cookies",0,"None","compliance/privacy","edinburgh_cookie_dialogs","observed_crawler","umich.edu","umich.edu_cookie_dialog",False,"medium","","","CC-BY-4.0","2022"
"EDIN-00250","We use cookiesThis website uses cookies and similar technologies (together “cookies”) that are essential for the operations of this website and its core functions. Other cookies will only be placed with your consent. For more details visit our Privacy Policy.Accept AllCookie settings",1,"Obstruction","compliance/privacy","edinburgh_cookie_dialogs","observed_crawler","smallpdf.com","smallpdf.com_cookie_dialog",False,"medium","We use cookiesThis website uses cookies and similar technologies (together “cookies”) that are essential for the operations of this website and its core functions. Other cookies will only be placed with your consent. For more details visit our Privacy Policy.Accept AllCookie settings","Asymmetric consent obstruction or forced cookie tracking without equal reject option.","CC-BY-4.0","2022"
"EDIN-00251","By clicking “Accept All Cookies”, you agree to the storing of cookies on your device to enhance site navigation, analyze site usage, and assist in our marketing efforts. Cookie PolicyCookies Settings Accept All Cookies",1,"Obstruction","compliance/privacy","edinburgh_cookie_dialogs","observed_crawler","businesswire.com","businesswire.com_cookie_dialog",False,"medium","By clicking “Accept All Cookies”, you agree to the storing of cookies on your device to enhance site navigation, analyze site usage, and assist in our marketing efforts. Cookie PolicyCookies Settings Accept All Cookies","Asymmetric consent obstruction or forced cookie tracking without equal reject option.","CC-BY-4.0","2022"
"EDIN-00252","Information about cookiesPlease know that cookies are required to operate and enhance our services as well as for advertising purposes. We value your privacy. If you are not comfortable with us using this information, please review your settings before continuing your visit.Learn moreClose",1,"Obstruction","compliance/privacy","edinburgh_cookie_dialogs","observed_crawler","cbc.ca","cbc.ca_cookie_dialog",False,"medium","Information about cookiesPlease know that cookies are required to operate and enhance our services as well as for advertising purposes. We value your privacy. If you are not comfortable with us using this information, please review your settings before continuing your visit.Learn moreClose","Asymmetric consent obstruction or forced cookie tracking without equal reject option.","CC-BY-4.0","2022"
"EDIN-00255","Your Choice Regarding CookiesWe use cookies to remember your account settings, and for analytics. Some of our ad partners use cookies on Pocket Explore pages, and if you accept these advertising cookies, your ads may be more personalized on other websites. Learn moreManage Accept",1,"Obstruction","compliance/privacy","edinburgh_cookie_dialogs","observed_crawler","getpocket.com","getpocket.com_cookie_dialog",False,"medium","Your Choice Regarding CookiesWe use cookies to remember your account settings, and for analytics. Some of our ad partners use cookies on Pocket Explore pages, and if you accept these advertising cookies, your ads may be more personalized on other websites. Learn moreManage Accept","Asymmetric consent obstruction or forced cookie tracking without equal reject option.","CC-BY-4.0","2022"
"EDIN-00256","We use cookies on this siteClick ""Agree and proceed with standard settings"" to accept all cookies, including functional and advertising cookies, and go directly to the site. Or click ""Proceed with Required Cookies only"" to continue directly to the site with only Required Cookies. You can also click ""View cookies preferences"" for a detailed description of the types of cookies we use and to customize your cookie selection.Agree and proceed with standard settingsProceed with Required Cookies onlyView cookie preferencesPrivacy Statement",1,"Obstruction","compliance/privacy","edinburgh_cookie_dialogs","observed_crawler","redhat.com","redhat.com_cookie_dialog",False,"medium","We use cookies on this siteClick ""Agree and proceed with standard settings"" to accept all cookies, including functional and advertising cookies, and go directly to the site. Or click ""Proceed with Required Cookies only"" to continue directly to the site with only Required Cookies. You can also click ""View cookies preferences"" for a detailed description of the types of cookies we use and to customize your cookie selection.Agree and proceed with standard settingsProceed with Required Cookies onlyView cookie preferencesPrivacy Statement","Asymmetric consent obstruction or forced cookie tracking without equal reject option.","CC-BY-4.0","2022"
"EDIN-00257","AppsFlyer respects your privacy and values the relationship we have with you as our website user. We use cookies to improve your user experience, website functionality and remarketing purposes. Some of this data may be shared with our selected partners. For more information please see ourcookie policy. Manage your cookie preferences:here.Reject all cookies Accept all cookies",1,"Obstruction","compliance/privacy","edinburgh_cookie_dialogs","observed_crawler","appsflyer.com","appsflyer.com_cookie_dialog",False,"medium","AppsFlyer respects your privacy and values the relationship we have with you as our website user. We use cookies to improve your user experience, website functionality and remarketing purposes. Some of this data may be shared with our selected partners. For more information please see ourcookie policy. Manage your cookie preferences:here.Reject all cookies Accept all cookies","Asymmetric consent obstruction or forced cookie tracking without equal reject option.","CC-BY-4.0","2022"
"EDIN-00258","Data Settings - Information and AdministrationBy selecting ""ALL ACCEPT"", you agree to the use of cookies and other technologies for processing your personal data (e.g., your IP address). Purpose of this use is to improve and personalize your user experience across the entire eBay portfolio of brands - including advertising from eBay or third-party commercials tailored to our websites and outside. In addition, third-party users with which we work together to store cookies on their device and use similar technologies to collect and use certain information for personalization, measurement and analysis of advertising. You have the option of refusing your consent by selecting ""All Decline"" or can make a more detailed settings under ""Customize selection"". Under you can change your selection at any time.Data processing purposes: Save and / or retrieve information on a device. Personalized ads and content, measurement and content, findings about target groups and product developments.Accept a selection of Adjustable rejection all",1,"Obstruction","compliance/privacy","edinburgh_cookie_dialogs","observed_crawler","ebay.de","ebay.de_cookie_dialog",False,"medium","Data Settings - Information and AdministrationBy selecting ""ALL ACCEPT"", you agree to the use of cookies and other technologies for processing your personal data (e.g., your IP address). Purpose of this use is to improve and personalize your user experience across the entire eBay portfolio of brands - including advertising from eBay or third-party commercials tailored to our websites and outside. In addition, third-party users with which we work together to store cookies on their device and use similar technologies to collect and use certain information for personalization, measurement and analysis of advertising. You have the option of refusing your consent by selecting ""All Decline"" or can make a more detailed settings under ""Customize selection"". Under you can change your selection at any time.Data processing purposes: Save and / or retrieve information on a device. Personalized ads and content, measurement and content, findings about target groups and product developments.Accept a selection of Adjustable rejection all","Asymmetric consent obstruction or forced cookie tracking without equal reject option.","CC-BY-4.0","2022"
"EDIN-00259","engadgetYour data. Your experience.Engadget is part of the Yahoo family of brands.By clicking ""Accept all"" you agree that Yahoo and our partners will store and/or access information on your device through the use of cookies and similar technologies and process your personal data, to display personalised ads and content, for ad and content measurement, audience insights and product development.Your personal data that may be usedInformation about your device and internet connection, including your IP addressBrowsing and search activity while using Yahoo websites and appsPrecise locationYou can select 'Manage settings' for more information and to manage your choices. You can change your choices at any time by visiting Your Privacy Controls. Find out more about how we use your information in our Privacy Policy and Cookie Policy. Click here to find out more about our partners.Accept allManage settings",1,"Obstruction","compliance/privacy","edinburgh_cookie_dialogs","observed_crawler","engadget.com","engadget.com_cookie_dialog",False,"medium","engadgetYour data. Your experience.Engadget is part of the Yahoo family of brands.By clicking ""Accept all"" you agree that Yahoo and our partners will store and/or access information on your device through the use of cookies and similar technologies and process your personal data, to display personalised ads and content, for ad and content measurement, audience insights and product development.Your personal data that may be usedInformation about your device and internet connection, including your IP addressBrowsing and search activity while using Yahoo websites and appsPrecise locationYou can select 'Manage settings' for more information and to manage your choices. You can change your choices at any time by visiting Your Privacy Controls. Find out more about how we use your information in our Privacy Policy and Cookie Policy. Click here to find out more about our partners.Accept allManage settings","Asymmetric consent obstruction or forced cookie tracking without equal reject option.","CC-BY-4.0","2022"
"EDIN-00260","We use cookies to enable features and marketing content. Click ""That's OK"" to add cookies. View privacy policy or manage cookies.That's OK",1,"Obstruction","compliance/privacy","edinburgh_cookie_dialogs","observed_crawler","gofundme.com","gofundme.com_cookie_dialog",False,"medium","We use cookies to enable features and marketing content. Click ""That's OK"" to add cookies. View privacy policy or manage cookies.That's OK","Asymmetric consent obstruction or forced cookie tracking without equal reject option.","CC-BY-4.0","2022"
"EDIN-00261","Cookie ConsentTo improve your browsing experience on this website, TeamViewer and its partners would like to place cookies and similar technologies (“Cookies”) on your device. That enables us to analyze website usage and optimize our marketing efforts for the best possible user experience. By clicking “Accept Cookies” you agree to Cookie placement and respective use, as well as the subsequent processing of the collected data for the purposes of personalized advertising and marketing. Detailed information about the Cookies, the exact purposes, third-party recipients, Cookie lifetime, and more can be found in our Cookie Policy and Privacy Policy. You can always change your Cookie Settings to your own preference.Download TeamViewer ImprintAccept All CookiesCookies Settings",1,"Obstruction","compliance/privacy","edinburgh_cookie_dialogs","observed_crawler","teamviewer.com","teamviewer.com_cookie_dialog",False,"medium","Cookie ConsentTo improve your browsing experience on this website, TeamViewer and its partners would like to place cookies and similar technologies (“Cookies”) on your device. That enables us to analyze website usage and optimize our marketing efforts for the best possible user experience. By clicking “Accept Cookies” you agree to Cookie placement and respective use, as well as the subsequent processing of the collected data for the purposes of personalized advertising and marketing. Detailed information about the Cookies, the exact purposes, third-party recipients, Cookie lifetime, and more can be found in our Cookie Policy and Privacy Policy. You can always change your Cookie Settings to your own preference.Download TeamViewer ImprintAccept All CookiesCookies Settings","Asymmetric consent obstruction or forced cookie tracking without equal reject option.","CC-BY-4.0","2022"
"EDIN-00262","This site uses cookies. By continuing to browse the site you are agreeing to our use of cookies. Read our privacy policy",1,"Obstruction","compliance/privacy","edinburgh_cookie_dialogs","observed_crawler","huawei.com","huawei.com_cookie_dialog",False,"medium","This site uses cookies. By continuing to browse the site you are agreeing to our use of cookies. Read our privacy policy","Asymmetric consent obstruction or forced cookie tracking without equal reject option.","CC-BY-4.0","2022"
"EDIN-00267","Will you accept our Cookie Policy? We use cookies to give you a better, more personalized experience, and to give us important performance and analytics data to keep things running smoothly.Cookie PolicyYesCookies Settings",1,"Obstruction","compliance/privacy","edinburgh_cookie_dialogs","observed_crawler","fastly.net","fastly.net_cookie_dialog",False,"medium","Will you accept our Cookie Policy? We use cookies to give you a better, more personalized experience, and to give us important performance and analytics data to keep things running smoothly.Cookie PolicyYesCookies Settings","Asymmetric consent obstruction or forced cookie tracking without equal reject option.","CC-BY-4.0","2022"
"EDIN-00269","To make Medium work, we log user data. By using Medium, you agree to our Privacy Policy, including cookie policy.",1,"Obstruction","compliance/privacy","edinburgh_cookie_dialogs","observed_crawler","medium.com","medium.com_cookie_dialog",False,"medium","To make Medium work, we log user data. By using Medium, you agree to our Privacy Policy, including cookie policy.","Asymmetric consent obstruction or forced cookie tracking without equal reject option.","CC-BY-4.0","2022"
"EDIN-00270","Yandex uses essential, analytical, marketing and other cookies. These files are necessary to ensure smooth operation of all Yandex sites and services, they help us remember you and your personal settings. For details, please read our Cookie Policy.View my optionsAccept",1,"Obstruction","compliance/privacy","edinburgh_cookie_dialogs","observed_crawler","yandex.ru","yandex.ru_cookie_dialog",False,"medium","Yandex uses essential, analytical, marketing and other cookies. These files are necessary to ensure smooth operation of all Yandex sites and services, they help us remember you and your personal settings. For details, please read our Cookie Policy.View my optionsAccept","Asymmetric consent obstruction or forced cookie tracking without equal reject option.","CC-BY-4.0","2022"
"EDIN-00271","AcceptAdvancedWe use cookies to enable the proper functioning and security of our websites, and help us offer you the best possible user experience. By clicking Accept, you consent to the use of these cookies for advertising and analytics. You can change your cookie settings at any time. For more information, please read our Cookie Policy.",1,"Obstruction","compliance/privacy","edinburgh_cookie_dialogs","observed_crawler","wix.com","wix.com_cookie_dialog",False,"medium","AcceptAdvancedWe use cookies to enable the proper functioning and security of our websites, and help us offer you the best possible user experience. By clicking Accept, you consent to the use of these cookies for advertising and analytics. You can change your cookie settings at any time. For more information, please read our Cookie Policy.","Asymmetric consent obstruction or forced cookie tracking without equal reject option.","CC-BY-4.0","2022"
"EDIN-00272","We value your privacyWe and ourpartnersstore and/or access information on a device, such as cookies and process personal data, such as unique identifiers and standard information sent by a device for personalised ads and content, ad and content measurement, and audience insights, as well as to develop and improve products.With your permission we and our partners may use precise geolocation data and identification through device scanning. You may click to consent to our and our partners’ processing as described above. Alternatively you may click to refuse to consent or access more detailed information and change your preferences before consenting.Please note that some processing of your personal data may not require your consent, but you have a right to object to such processing. Your preferences will apply to a group of websites. You can change your preferences at any time by returning to this site or visit our privacy policy.",1,"Obstruction","compliance/privacy","edinburgh_cookie_dialogs","observed_crawler","huffpost.com","huffpost.com_cookie_dialog",False,"medium","We value your privacyWe and ourpartnersstore and/or access information on a device, such as cookies and process personal data, such as unique identifiers and standard information sent by a device for personalised ads and content, ad and content measurement, and audience insights, as well as to develop and improve products.With your permission we and our partners may use precise geolocation data and identification through device scanning. You may click to consent to our and our partners’ processing as described above. Alternatively you may click to refuse to consent or access more detailed information and change your preferences before consenting.Please note that some processing of your personal data may not require your consent, but you have a right to object to such processing. Your preferences will apply to a group of websites. You can change your preferences at any time by returning to this site or visit our privacy policy.","Asymmetric consent obstruction or forced cookie tracking without equal reject option.","CC-BY-4.0","2022"
"EDIN-00275","Welcome!Intel Corporation uses cookies and similar technologies on this website to improve your online experience, to analyze site usage and to show tailored advertising to you. You can manage cookies at any time by clicking on the 'Manage Cookies Settings' option. For more information, visit our Cookie Notice.Manage Cookies SettingsDeactivate CookiesActivate Cookies",1,"Obstruction","compliance/privacy","edinburgh_cookie_dialogs","observed_crawler","intel.com","intel.com_cookie_dialog",False,"medium","Welcome!Intel Corporation uses cookies and similar technologies on this website to improve your online experience, to analyze site usage and to show tailored advertising to you. You can manage cookies at any time by clicking on the 'Manage Cookies Settings' option. For more information, visit our Cookie Notice.Manage Cookies SettingsDeactivate CookiesActivate Cookies","Asymmetric consent obstruction or forced cookie tracking without equal reject option.","CC-BY-4.0","2022"
"EDIN-00276","Your tracker settingsWe use cookies and similar methods to recognize visitors and remember their preferences. We also use them to measure ad campaign effectiveness, target ads and analyze site traffic. To learn more about these methods, including how to disable them, view our Cookie Policy.Starting on July 20, 2020 we will show you ads we think are relevant to your interests, based on the kinds of content you access in our Services. You can object. For more info, see our privacy policy.By tapping ‘accept,’ you consent to the use of these methods by us and third parties. You can always change your tracker preferences by visiting our Cookie Policy.ACCEPTREJECT",1,"Obstruction","compliance/privacy","edinburgh_cookie_dialogs","observed_crawler","nytimes.com","nytimes.com_cookie_dialog",False,"medium","Your tracker settingsWe use cookies and similar methods to recognize visitors and remember their preferences. We also use them to measure ad campaign effectiveness, target ads and analyze site traffic. To learn more about these methods, including how to disable them, view our Cookie Policy.Starting on July 20, 2020 we will show you ads we think are relevant to your interests, based on the kinds of content you access in our Services. You can object. For more info, see our privacy policy.By tapping ‘accept,’ you consent to the use of these methods by us and third parties. You can always change your tracker preferences by visiting our Cookie Policy.ACCEPTREJECT","Asymmetric consent obstruction or forced cookie tracking without equal reject option.","CC-BY-4.0","2022"
"EDIN-00277","CookiesWe use cookies to improve your experience on our website. By clicking Accept cookies, you agree to the use of cookies for marketing and analytics purposes. Further information can be found in our Privacy Statement and Cookies Policy.Accept cookies Manage cookies",1,"Obstruction","compliance/privacy","edinburgh_cookie_dialogs","observed_crawler","opera.com","opera.com_cookie_dialog",False,"medium","CookiesWe use cookies to improve your experience on our website. By clicking Accept cookies, you agree to the use of cookies for marketing and analytics purposes. Further information can be found in our Privacy Statement and Cookies Policy.Accept cookies Manage cookies","Asymmetric consent obstruction or forced cookie tracking without equal reject option.","CC-BY-4.0","2022"
"EDIN-00279","We use cookies to make wikiHow great. By using our site, you agree to our cookie policy.Cookie SettingsOkay",1,"Obstruction","compliance/privacy","edinburgh_cookie_dialogs","observed_crawler","wikihow.com","wikihow.com_cookie_dialog",False,"medium","We use cookies to make wikiHow great. By using our site, you agree to our cookie policy.Cookie SettingsOkay","Asymmetric consent obstruction or forced cookie tracking without equal reject option.","CC-BY-4.0","2022"
"EDIN-00280","At Zoho, we do not use third-party software to track website visitors. We take your privacy seriously and use our own tools hosted in our data centres. Your data is yours, and we never monetize it for advertisement purposes. You can learn more about our cookie policy here and change your preferences at any time.MANAGE COOKIESACCEPT ALL COOKIES",1,"Obstruction","compliance/privacy","edinburgh_cookie_dialogs","observed_crawler","zoho.com","zoho.com_cookie_dialog",False,"medium","At Zoho, we do not use third-party software to track website visitors. We take your privacy seriously and use our own tools hosted in our data centres. Your data is yours, and we never monetize it for advertisement purposes. You can learn more about our cookie policy here and change your preferences at any time.MANAGE COOKIESACCEPT ALL COOKIES","Asymmetric consent obstruction or forced cookie tracking without equal reject option.","CC-BY-4.0","2022"
"EDIN-00281","American Express Cookie PreferencesAmerican Express uses cookies on this website for non-essential purposes. They help us understand how you use our website, personalize content and improve our online marketing. By clicking Accept, you agree that we and our partners may store and access cookies on your device for these purposes. You may change your preference at any time and find more information about how cookies work by going to the ""Set Cookie Preferences"" section in our cookie policy.",0,"None","compliance/privacy","edinburgh_cookie_dialogs","observed_crawler","americanexpress.com","americanexpress.com_cookie_dialog",False,"medium","","","CC-BY-4.0","2022"
"EDIN-00285","COOKIE POLICYWe use cookies and similar technologies (""cookies"") to understand how you use our site and to improve your experience. This includes essential, functionality, performance and advertising purposes.ALLOW SELECTIONALLOW COOKIESEssentialFunctionalityPerformanceAdvertising SHOW DETAILS",1,"Obstruction","compliance/privacy","edinburgh_cookie_dialogs","observed_crawler","issuu.com","issuu.com_cookie_dialog",False,"medium","COOKIE POLICYWe use cookies and similar technologies (""cookies"") to understand how you use our site and to improve your experience. This includes essential, functionality, performance and advertising purposes.ALLOW SELECTIONALLOW COOKIESEssentialFunctionalityPerformanceAdvertising SHOW DETAILS","Asymmetric consent obstruction or forced cookie tracking without equal reject option.","CC-BY-4.0","2022"
"EDIN-00287","This website stores data such as cookies to enable essential site functionality, as well as marketing, personalisation, and analytics. You may change your settings at any time or accept the default settings.Privacy PolicyMarketingPersonalisationAnalyticsSaveAccept All",1,"Obstruction","compliance/privacy","edinburgh_cookie_dialogs","observed_crawler","scribd.com","scribd.com_cookie_dialog",False,"medium","This website stores data such as cookies to enable essential site functionality, as well as marketing, personalisation, and analytics. You may change your settings at any time or accept the default settings.Privacy PolicyMarketingPersonalisationAnalyticsSaveAccept All","Asymmetric consent obstruction or forced cookie tracking without equal reject option.","CC-BY-4.0","2022"
"EDIN-00288","We use cookies to offer useful features and measure performance to improve your experience. By clicking “Accept all” you agree to the use of all cookies. By clicking “Accept selected”, you agree only to the categories you have selected. You can find further information in our Privacy Policy.NecessaryPerformanceComfortMore infoAccept selectedAccept all",1,"Obstruction","compliance/privacy","edinburgh_cookie_dialogs","observed_crawler","deepl.com","deepl.com_cookie_dialog",False,"medium","We use cookies to offer useful features and measure performance to improve your experience. By clicking “Accept all” you agree to the use of all cookies. By clicking “Accept selected”, you agree only to the categories you have selected. You can find further information in our Privacy Policy.NecessaryPerformanceComfortMore infoAccept selectedAccept all","Asymmetric consent obstruction or forced cookie tracking without equal reject option.","CC-BY-4.0","2022"
"EDIN-00289","Your PrivacyPatreon determines the use of personal data collected on our media properties and across the internet. We may collect data that you submit to us directly or data that we collect automatically including from cookies (such as device information or IP address).PurposesReject AllAccept AllPurposeAcceptSurvey OutreachLegal Basis: Consent - Opt InMarket Relevant ServicesLegal Basis: Consent - Opt InAnalytics (Business Enhancement)Legal Basis: Consent - Opt InTargeted AdvertisingLegal Basis: Legitimate Interest - ObjectableAccept",1,"Obstruction","compliance/privacy","edinburgh_cookie_dialogs","observed_crawler","patreon.com","patreon.com_cookie_dialog",False,"medium","Your PrivacyPatreon determines the use of personal data collected on our media properties and across the internet. We may collect data that you submit to us directly or data that we collect automatically including from cookies (such as device information or IP address).PurposesReject AllAccept AllPurposeAcceptSurvey OutreachLegal Basis: Consent - Opt InMarket Relevant ServicesLegal Basis: Consent - Opt InAnalytics (Business Enhancement)Legal Basis: Consent - Opt InTargeted AdvertisingLegal Basis: Legitimate Interest - ObjectableAccept","Asymmetric consent obstruction or forced cookie tracking without equal reject option.","CC-BY-4.0","2022"
"EDIN-00290","This website uses cookiesWe use cookies to personalise content and ads, to provide social media features and to analyse our traffic. We also share information about your use of our site with our social media, advertising and analytics partners who may combine it with other information that you’ve provided to them or that they’ve collected from your use of their services. You consent to our cookies if you continue to use our website. It is possible to change/withdraw the consent at any time.Allow selection Allow all cookiesNecessaryPreferencesStatisticsMarketing Show details",0,"None","compliance/privacy","edinburgh_cookie_dialogs","observed_crawler","plesk.com","plesk.com_cookie_dialog",False,"medium","","","CC-BY-4.0","2022"
"EDIN-00291","Accept the updated Privacy & Cookie PolicyThe indiatimes.com privacy policy has been updated to align with the new data regulations in European Union. Please review and accept these changes below to continue using the website. We use cookies to ensure the best experience for you on our website.I agree to see customized ads that are tailor-made to my preferencesAgree & continue",1,"Obstruction","compliance/privacy","edinburgh_cookie_dialogs","observed_crawler","indiatimes.com","indiatimes.com_cookie_dialog",False,"medium","Accept the updated Privacy & Cookie PolicyThe indiatimes.com privacy policy has been updated to align with the new data regulations in European Union. Please review and accept these changes below to continue using the website. We use cookies to ensure the best experience for you on our website.I agree to see customized ads that are tailor-made to my preferencesAgree & continue","Asymmetric consent obstruction or forced cookie tracking without equal reject option.","CC-BY-4.0","2022"
"EDIN-00292","Your Choice On CookiesWe and our partners store and/or access information on a device, such as unique IDs in cookies to process personal data. You may accept or manage your choices by clicking below, including your right to object where legitimate interest is used, or at any time in the privacy policy page. These choices will be signaled to our partners and will not affect browsing data.See our Cookie Notice.We and our partners process data to:Use precise geolocation data. Actively scan device characteristics for identification. Store and/or access information on a device. Personalised ads and content, ad and content measurement, audience insights and product development.List of PartnersI AcceptManage Settings",1,"Obstruction","compliance/privacy","edinburgh_cookie_dialogs","observed_crawler","webmd.com","webmd.com_cookie_dialog",False,"medium","Your Choice On CookiesWe and our partners store and/or access information on a device, such as unique IDs in cookies to process personal data. You may accept or manage your choices by clicking below, including your right to object where legitimate interest is used, or at any time in the privacy policy page. These choices will be signaled to our partners and will not affect browsing data.See our Cookie Notice.We and our partners process data to:Use precise geolocation data. Actively scan device characteristics for identification. Store and/or access information on a device. Personalised ads and content, ad and content measurement, audience insights and product development.List of PartnersI AcceptManage Settings","Asymmetric consent obstruction or forced cookie tracking without equal reject option.","CC-BY-4.0","2022"
"EDIN-00296","Let us know you agree to cookiesWe use cookies to give you the best online experience. Please let us know if you agree to all of these cookies.Yes, I agreeNo, take me to settings",1,"Obstruction","compliance/privacy","edinburgh_cookie_dialogs","observed_crawler","bbc.co.uk","bbc.co.uk_cookie_dialog",False,"medium","Let us know you agree to cookiesWe use cookies to give you the best online experience. Please let us know if you agree to all of these cookies.Yes, I agreeNo, take me to settings","Asymmetric consent obstruction or forced cookie tracking without equal reject option.","CC-BY-4.0","2022"
"SHORT-0002","Special offer",1,"Urgency","ecommerce","clauseguard_short_text","curated_short_text","short_ecommerce","short_2",True,"requires_context","Special offer","Isolated phrase without full clause; context required.","Apache-2.0","2026"
"SHORT-0007","Reject non-essential",0,"None","compliance/privacy","clauseguard_short_text","curated_short_text","short_compliance/privacy","short_7",True,"requires_context","","Isolated phrase without full clause; context required.","Apache-2.0","2026"
"SHORT-0009","Close",0,"None","general","clauseguard_short_text","curated_short_text","short_general","short_9",True,"requires_context","","Isolated phrase without full clause; context required.","Apache-2.0","2026"
"SHORT-0010","Continue",0,"None","general","clauseguard_short_text","curated_short_text","short_general","short_10",True,"requires_context","","Isolated phrase without full clause; context required.","Apache-2.0","2026"
"SHORT-0011","Cancel subscription",0,"None","subscriptions","clauseguard_short_text","curated_short_text","short_subscriptions","short_11",True,"requires_context","","Isolated phrase without full clause; context required.","Apache-2.0","2026"
"SHORT-0012","Free trial",1,"Subscription Trap","subscriptions","clauseguard_short_text","curated_short_text","short_subscriptions","short_12",True,"requires_context","Free trial","Isolated phrase without full clause; context required.","Apache-2.0","2026"
"SHORT-0013","Upgrade now",0,"None","saas","clauseguard_short_text","curated_short_text","short_saas","short_13",True,"requires_context","","Isolated phrase without full clause; context required.","Apache-2.0","2026"
"SHORT-0014","Save 20%",0,"None","ecommerce","clauseguard_short_text","curated_short_text","short_ecommerce","short_14",True,"requires_context","","Isolated phrase without full clause; context required.","Apache-2.0","2026"
